x,y,time,missid
50,50,0,1
51.6547150951537,52.1335224287245,10800,1
53.3094301903075,54.267044857449,21600,1
54.9641452854612,56.4005672861734,32400,1
56.6188603806149,58.5340897148979,43200,1
58.2735754757686,60.6676121436224,54000,1
59.9282905709223,62.8011345723469,64800,1
61.5830056660761,64.9346570010714,75600,1
63.2377207612298,67.0681794297958,86400,1
64.8924358563835,69.2017018585203,97200,1
66.5471509515372,71.3352242872448,108000,1
68.201866046691,73.4687467159693,118800,1
69.8565811418447,75.6022691446938,129600,1
71.5112962369984,77.7357915734182,140400,1
73.1660113321521,79.8693140021427,151200,1
74.8207264273059,82.0028364308672,162000,1
76.4754415224596,84.1363588595917,172800,1
78.1301566176133,86.2698812883162,183600,1
79.784871712767,88.4034037170406,194400,1
81.4395868079207,90.5369261457651,205200,1
78.7397699359311,90.5683722539474,216000,1
76.0399530639414,90.5998183621297,226800,1
73.3401361919517,90.631264470312,237600,1
70.640319319962,90.6627105784943,248400,1
67.9405024479723,90.6941566866766,259200,1
65.2406855759826,90.7256027948589,270000,1
62.5408687039929,90.7570489030412,280800,1
59.8410518320032,90.7884950112235,291600,1
57.1412349600135,90.8199411194058,302400,1
54.4414180880239,90.851387227588,313200,1
51.7416012160342,90.8828333357703,324000,1
49.0417843440445,90.9142794439526,334800,1
46.3419674720548,90.9457255521349,345600,1
43.6421506000651,90.9771716603172,356400,1
40.9423337280754,91.0086177684995,367200,1
38.2425168560857,91.0400638766818,378000,1
35.542699984096,91.0715099848641,388800,1
32.8428831121063,91.1029560930464,399600,1
30.1430662401167,91.1344022012287,410400,1
27.443249368127,91.165848309411,421200,1
24.7434324961373,91.1972944175933,432000,1
22.0436156241476,91.2287405257756,442800,1
19.3437987521579,91.2601866339579,453600,1
16.6439818801682,91.2916327421402,464400,1
13.9441650081785,91.3230788503224,475200,1
15.3405944354435,89.0122381256795,486000,1
16.7370238627085,86.7013974010365,496800,1
18.1334532899735,84.3905566763936,507600,1
19.5298827172385,82.0797159517506,518400,1
20.9263121445035,79.7688752271077,529200,1
22.3227415717685,77.4580345024647,540000,1
23.7191709990335,75.1471937778218,550800,1
25.1156004262985,72.8363530531788,561600,1
26.5120298535635,70.5255123285359,572400,1
27.9084592808284,68.2146716038929,583200,1
29.3048887080934,65.90383087925,594000,1
30.7013181353584,63.592990154607,604800,1
32.0977475626234,61.2821494299641,615600,1
33.4941769898884,58.9713087053211,626400,1
34.8906064171534,56.6604679806782,637200,1
36.2870358444184,54.3496272560352,648000,1
37.6834652716834,52.0387865313923,658800,1
39.0798946989484,49.7279458067493,669600,1
40.4763241262134,47.4171050821064,680400,1
41.8727535534784,45.1062643574634,691200,1
43.2691829807434,42.7954236328205,702000,1
44.6656124080084,40.4845829081775,712800,1
46.0620418352734,38.1737421835345,723600,1
47.4584712625383,35.8629014588916,734400,1
48.8549006898034,33.5520607342486,745200,1
50.2513301170683,31.2412200096057,756000,1
51.6477595443333,28.9303792849628,766800,1
53.0441889715983,26.6195385603198,777600,1
54.4406183988633,24.3086978356768,788400,1
55.8370478261283,21.9978571110339,799200,1
57.2334772533933,19.6870163863909,810000,1
58.6299066806583,17.376175661748,820800,1
60.0263361079233,15.065334937105,831600,1
61.4227655351883,12.7544942124621,842400,1
62.8191949624533,10.4436534878191,853200,1
61.1449904585988,12.5619167574042,864000,1
59.4707859547443,14.6801800269893,874800,1
57.7965814508897,16.7984432965744,885600,1
56.1223769470352,18.9167065661595,896400,1
54.4481724431807,21.0349698357445,907200,1
52.7739679393262,23.1532331053296,918000,1
51.0997634354717,25.2714963749147,928800,1
49.4255589316172,27.3897596444998,939600,1
47.7513544277627,29.5080229140849,950400,1
46.0771499239082,31.6262861836699,961200,1
44.4029454200537,33.744549453255,972000,1
42.7287409161992,35.8628127228401,982800,1
41.0545364123447,37.9810759924252,993600,1
39.3803319084901,40.0993392620103,1004400,1
37.7061274046356,42.2176025315954,1015200,1
36.0319229007811,44.3358658011804,1026000,1
34.3577183969266,46.4541290707655,1036800,1
32.6835138930721,48.5723923403506,1047600,1
31.0093093892176,50.6906556099357,1058400,1
29.3351048853631,52.8089188795208,1069200,1
27.6609003815086,54.9271821491058,1080000,1
29.9654952072036,56.3338955845218,1090800,1
32.2700900328986,57.7406090199377,1101600,1
34.5746848585937,59.1473224553537,1112400,1
36.8792796842887,60.5540358907696,1123200,1
39.1838745099837,61.9607493261856,1134000,1
41.4884693356787,63.3674627616015,1144800,1
43.7930641613737,64.7741761970175,1155600,1
46.0976589870688,66.1808896324334,1166400,1
48.4022538127638,67.5876030678493,1177200,1
50.7068486384588,68.9943165032653,1188000,1
53.0114434641538,70.4010299386812,1198800,1
55.3160382898489,71.8077433740972,1209600,1
57.6206331155439,73.2144568095131,1220400,1
59.9252279412389,74.6211702449291,1231200,1
62.2298227669339,76.027883680345,1242000,1
64.5344175926289,77.434597115761,1252800,1
66.839012418324,78.8413105511769,1263600,1
69.143607244019,80.2480239865928,1274400,1
71.448202069714,81.6547374220088,1285200,1
73.752796895409,83.0614508574247,1296000,1
76.0573917211041,84.4681642928407,1306800,1
78.3619865467991,85.8748777282566,1317600,1
80.6665813724941,87.2815911636726,1328400,1
82.9711761981891,88.6883045990885,1339200,1
85.2757710238841,90.0950180345045,1350000,1
87.5803658495792,91.5017314699204,1360800,1
89.8849606752742,92.9084449053364,1371600,1
92.1895555009692,94.3151583407523,1382400,1
94.4941503266642,95.7218717761682,1393200,1
96.7987451523593,97.1285852115842,1404000,1
94.0987461398131,97.1262760451737,1414800,1
91.3987471272668,97.1239668787633,1425600,1
88.6987481147206,97.1216577123528,1436400,1
85.9987491021744,97.1193485459424,1447200,1
83.2987500896282,97.117039379532,1458000,1
80.598751077082,97.1147302131215,1468800,1
77.8987520645358,97.112421046711,1479600,1
75.1987530519896,97.1101118803006,1490400,1
72.4987540394434,97.1078027138902,1501200,1
69.7987550268972,97.1054935474797,1512000,1
67.098756014351,97.1031843810693,1522800,1
64.3987570018048,97.1008752146588,1533600,1
61.6987579892586,97.0985660482484,1544400,1
58.9987589767124,97.0962568818379,1555200,1
56.2987599641662,97.0939477154275,1566000,1
53.59876095162,97.091638549017,1576800,1
50.8987619390738,97.0893293826066,1587600,1
48.1987629265275,97.0870202161961,1598400,1
45.4987639139813,97.0847110497857,1609200,1
42.7987649014351,97.0824018833753,1620000,1
40.0987658888889,97.0800927169648,1630800,1
37.3987668763427,97.0777835505543,1641600,1
34.6987678637965,97.0754743841439,1652400,1
31.9987688512503,97.0731652177335,1663200,1
29.2987698387041,97.070856051323,1674000,1
26.5987708261579,97.0685468849126,1684800,1
23.8987718136117,97.0662377185021,1695600,1
21.1987728010655,97.0639285520917,1706400,1
18.4987737885193,97.0616193856812,1717200,1
15.7987747759731,97.0593102192708,1728000,1
18.1066991321923,95.6580660699627,1738800,1
20.4146234884115,94.2568219206547,1749600,1
22.7225478446308,92.8555777713466,1760400,1
25.03047220085,91.4543336220386,1771200,1
27.3383965570693,90.0530894727306,1782000,1
29.6463209132885,88.6518453234225,1792800,1
31.9542452695077,87.2506011741145,1803600,1
34.262169625727,85.8493570248065,1814400,1
36.5700939819462,84.4481128754984,1825200,1
38.8780183381655,83.0468687261904,1836000,1
41.1859426943847,81.6456245768823,1846800,1
43.4938670506039,80.2443804275743,1857600,1
45.8017914068232,78.8431362782663,1868400,1
48.1097157630424,77.4418921289582,1879200,1
50.4176401192617,76.0406479796502,1890000,1
52.7255644754809,74.6394038303422,1900800,1
55.0334888317001,73.2381596810341,1911600,1
57.3414131879194,71.8369155317261,1922400,1
59.6493375441386,70.4356713824181,1933200,1
61.9572619003579,69.03442723311,1944000,1
64.2651862565771,67.633183083802,1954800,1
66.5731106127963,66.2319389344939,1965600,1
68.8810349690156,64.8306947851859,1976400,1
71.1889593252348,63.4294506358778,1987200,1
73.4968836814541,62.0282064865698,1998000,1
75.8048080376733,60.6269623372618,2008800,1
78.1127323938925,59.2257181879537,2019600,1
80.4206567501118,57.8244740386457,2030400,1
82.728581106331,56.4232298893377,2041200,1
85.0365054625503,55.0219857400296,2052000,1
87.3444298187695,53.6207415907216,2062800,1
89.6523541749887,52.2194974414135,2073600,1
91.960278531208,50.8182532921055,2084400,1
94.2682028874272,49.4170091427975,2095200,1
96.5761272436465,48.0157649934894,2106000,1
95.3896597362239,45.5904207181688,2116800,1
94.2031922288013,43.1650764428482,2127600,1
93.0167247213788,40.7397321675276,2138400,1
91.8302572139562,38.314387892207,2149200,1
90.6437897065336,35.8890436168863,2160000,1
89.4573221991111,33.4636993415657,2170800,1
88.2708546916885,31.0383550662451,2181600,1
87.0843871842659,28.6130107909245,2192400,1
85.8979196768434,26.1876665156039,2203200,1
84.7114521694208,23.7623222402833,2214000,1
83.5249846619983,21.3369779649626,2224800,1
82.3385171545757,18.911633689642,2235600,1
81.1520496471531,16.4862894143214,2246400,1
79.9655821397306,14.0609451390008,2257200,1
78.7823840148083,16.4878860524102,2268000,1
77.5991858898861,18.9148269658196,2278800,1
76.4159877649638,21.341767879229,2289600,1
75.2327896400416,23.7687087926384,2300400,1
74.0495915151193,26.1956497060478,2311200,1
72.8663933901971,28.6225906194572,2322000,1
71.6831952652748,31.0495315328666,2332800,1
70.4999971403526,33.476472446276,2343600,1
69.3167990154303,35.9034133596854,2354400,1
68.1336008905081,38.3303542730948,2365200,1
66.9504027655858,40.7572951865042,2376000,1
65.7672046406636,43.1842360999136,2386800,1
64.5840065157413,45.611177013323,2397600,1
63.4008083908191,48.0381179267325,2408400,1
62.2176102658968,50.4650588401419,2419200,1
61.0344121409746,52.8919997535513,2430000,1
59.8512140160523,55.3189406669607,2440800,1
58.6680158911301,57.7458815803701,2451600,1
57.4848177662078,60.1728224937795,2462400,1
56.3016196412856,62.5997634071889,2473200,1
55.1184215163633,65.0267043205983,2484000,1
53.9352233914411,67.4536452340077,2494800,1
52.7520252665188,69.8805861474171,2505600,1
51.5688271415966,72.3075270608265,2516400,1
50.3856290166744,74.7344679742359,2527200,1
49.2024308917521,77.1614088876453,2538000,1
48.0192327668299,79.5883498010547,2548800,1
46.8360346419076,82.0152907144641,2559600,1
45.6528365169854,84.4422316278735,2570400,1
44.4696383920631,86.8691725412829,2581200,1
43.2864402671409,89.2961134546923,2592000,1
42.1032421422186,91.7230543681017,2602800,1
44.7859090337025,92.0285021530608,2613600,1
47.4685759251863,92.3339499380199,2624400,1
50.1512428166701,92.639397722979,2635200,1
52.833909708154,92.9448455079381,2646000,1
55.5165765996378,93.2502932928971,2656800,1
58.1992434911217,93.5557410778562,2667600,1
60.8819103826055,93.8611888628153,2678400,1
63.5645772740894,94.1666366477744,2689200,1
66.2472441655732,94.4720844327335,2700000,1
68.9299110570571,94.7775322176925,2710800,1
71.6125779485409,95.0829800026516,2721600,1
74.2952448400247,95.3884277876107,2732400,1
76.9779117315086,95.6938755725698,2743200,1
79.6605786229924,95.9993233575289,2754000,1
79.2537825114661,93.3301442845465,2764800,1
78.8469863999397,90.6609652115641,2775600,1
78.4401902884133,87.9917861385817,2786400,1
78.0333941768869,85.3226070655994,2797200,1
77.6265980653606,82.653427992617,2808000,1
77.2198019538342,79.9842489196346,2818800,1
76.8130058423078,77.3150698466523,2829600,1
76.4062097307815,74.6458907736699,2840400,1
75.9994136192551,71.9767117006875,2851200,1
75.5926175077287,69.3075326277051,2862000,1
75.1858213962024,66.6383535547228,2872800,1
74.779025284676,63.9691744817404,2883600,1
74.3722291731496,61.299995408758,2894400,1
73.9654330616233,58.6308163357757,2905200,1
73.5586369500969,55.9616372627933,2916000,1
73.1518408385705,53.2924581898109,2926800,1
72.7450447270442,50.6232791168286,2937600,1
72.3382486155178,47.9541000438462,2948400,1
71.9314525039914,45.2849209708638,2959200,1
71.5246563924651,42.6157418978814,2970000,1
71.1178602809387,39.9465628248991,2980800,1
70.7110641694123,37.2773837519167,2991600,1
70.304268057886,34.6082046789343,3002400,1
69.8974719463596,31.939025605952,3013200,1
69.4906758348332,29.2698465329696,3024000,1
69.0838797233069,26.6006674599872,3034800,1
68.6770836117805,23.9314883870049,3045600,1
68.2702875002541,21.2623093140225,3056400,1
67.8634913887278,18.5931302410401,3067200,1
67.4566952772014,15.9239511680577,3078000,1
67.049899165675,13.2547720950754,3088800,1
66.6431030541486,10.585593022093,3099600,1
66.2363069426223,7.91641394911063,3110400,1
65.8295108310959,5.24723487612826,3121200,1
65.4227147195695,2.57805580314589,3132000,1
65.9892356996201,5.217952388083,3142800,1
66.5557566796706,7.85784897302011,3153600,1
67.1222776597211,10.4977455579572,3164400,1
67.6887986397716,13.1376421428943,3175200,1
68.2553196198221,15.7775387278314,3186000,1
68.8218405998726,18.4174353127685,3196800,1
69.3883615799231,21.0573318977057,3207600,1
69.9548825599737,23.6972284826428,3218400,1
70.5214035400242,26.3371250675799,3229200,1
71.0879245200747,28.977021652517,3240000,1
71.6544455001252,31.6169182374541,3250800,1
72.2209664801757,34.2568148223912,3261600,1
72.7874874602262,36.8967114073283,3272400,1
73.3540084402767,39.5366079922654,3283200,1
73.9205294203273,42.1765045772025,3294000,1
74.4870504003778,44.8164011621396,3304800,1
75.0535713804283,47.4562977470767,3315600,1
75.6200923604788,50.0961943320138,3326400,1
76.1866133405293,52.736090916951,3337200,1
76.7531343205798,55.3759875018881,3348000,1
77.3196553006303,58.0158840868252,3358800,1
77.8861762806809,60.6557806717623,3369600,1
78.4526972607314,63.2956772566994,3380400,1
79.0192182407819,65.9355738416365,3391200,1
79.5857392208324,68.5754704265736,3402000,1
80.1522602008829,71.2153670115107,3412800,1
80.7187811809334,73.8552635964478,3423600,1
81.2853021609839,76.4951601813849,3434400,1
81.8518231410345,79.135056766322,3445200,1
82.418344121085,81.7749533512591,3456000,1
82.9848651011355,84.4148499361962,3466800,1
83.551386081186,87.0547465211334,3477600,1
84.1179070612365,89.6946431060705,3488400,1
84.684428041287,92.3345396910076,3499200,1
82.7609692312022,90.4397293559325,3510000,1
80.8375104211174,88.5449190208575,3520800,1
78.9140516110327,86.6501086857824,3531600,1
76.9905928009479,84.7552983507074,3542400,1
75.0671339908631,82.8604880156323,3553200,1
73.1436751807783,80.9656776805573,3564000,1
71.2202163706935,79.0708673454822,3574800,1
69.2967575606088,77.1760570104072,3585600,1
67.373298750524,75.2812466753321,3596400,1
67.8835846730952,72.6299058301699,3607200,1
68.3938705956665,69.9785649850077,3618000,1
68.9041565182377,67.3272241398454,3628800,1
69.414442440809,64.6758832946832,3639600,1
69.9247283633802,62.0245424495209,3650400,1
70.4350142859515,59.3732016043587,3661200,1
70.9453002085227,56.7218607591965,3672000,1
71.455586131094,54.0705199140342,3682800,1
71.9658720536652,51.419179068872,3693600,1
72.4761579762365,48.7678382237098,3704400,1
72.9864438988077,46.1164973785475,3715200,1
73.496729821379,43.4651565333853,3726000,1
74.0070157439502,40.813815688223,3736800,1
74.5173016665215,38.1624748430608,3747600,1
73.4586337251888,35.6786829455794,3758400,1
72.3999657838561,33.194891048098,3769200,1
71.3412978425233,30.7110991506166,3780000,1
70.2826299011906,28.2273072531351,3790800,1
69.2239619598579,25.7435153556537,3801600,1
68.1652940185252,23.2597234581723,3812400,1
67.1066260771924,20.7759315606909,3823200,1
66.0479581358597,18.2921396632095,3834000,1
66.8275628419963,15.7071413068909,3844800,1
67.6071675481328,13.1221429505723,3855600,1
68.3867722542694,10.5371445942538,3866400,1
69.166376960406,7.95214623793518,3877200,1
69.9459816665425,5.36714788161661,3888000,1
70.7255863726791,2.78214952529803,3898800,1
68.0280376934248,2.89717614418851,3909600,1
65.3304890141705,3.01220276307898,3920400,1
62.6329403349162,3.12722938196946,3931200,1
59.9353916556619,3.24225600085994,3942000,1
57.2378429764076,3.35728261975041,3952800,1
54.5402942971533,3.47230923864089,3963600,1
51.842745617899,3.58733585753136,3974400,1
49.1451969386447,3.70236247642184,3985200,1
46.4476482593904,3.81738909531232,3996000,1
43.7500995801361,3.93241571420279,4006800,1
41.0525509008818,4.04744233309327,4017600,1
38.3550022216275,4.16246895198374,4028400,1
35.6574535423732,4.27749557087422,4039200,1
32.9599048631189,4.3925221897647,4050000,1
30.2623561838646,4.50754880865517,4060800,1
27.5648075046103,4.62257542754565,4071600,1
26.9604032830003,7.25405705144121,4082400,1
26.3559990613903,9.88553867533677,4093200,1
25.7515948397803,12.5170202992323,4104000,1
25.1471906181703,15.1485019231279,4114800,1
24.5427863965603,17.7799835470234,4125600,1
23.9383821749503,20.411465170919,4136400,1
23.3339779533403,23.0429467948146,4147200,1
22.7295737317303,25.6744284187101,4158000,1
22.1251695101203,28.3059100426057,4168800,1
21.5207652885103,30.9373916665012,4179600,1
20.9163610669003,33.5688732903968,4190400,1
20.3119568452903,36.2003549142924,4201200,1
19.7075526236802,38.8318365381879,4212000,1
19.1031484020703,41.4633181620835,4222800,1
18.4987441804602,44.094799785979,4233600,1
17.8943399588502,46.7262814098746,4244400,1
17.2899357372402,49.3577630337701,4255200,1
16.6855315156302,51.9892446576657,4266000,1
16.0811272940202,54.6207262815613,4276800,1
15.4767230724102,57.2522079054568,4287600,1
14.8723188508002,59.8836895293524,4298400,1
14.2679146291902,62.5151711532479,4309200,1
13.6635104075802,65.1466527771435,4320000,1
13.0591061859702,67.778134401039,4330800,1
12.4547019643602,70.4096160249346,4341600,1
11.8502977427502,73.0410976488302,4352400,1
11.2458935211402,75.6725792727257,4363200,1
10.6414892995302,78.3040608966213,4374000,1
10.0370850779202,80.9355425205169,4384800,1
9.43268085631022,83.5670241444124,4395600,1
11.4761777876759,81.8023371207453,4406400,1
13.5196747190416,80.0376500970782,4417200,1
15.5631716504073,78.2729630734111,4428000,1
17.606668581773,76.508276049744,4438800,1
19.6501655131386,74.7435890260769,4449600,1
21.6936624445043,72.9789020024098,4460400,1
23.73715937587,71.2142149787427,4471200,1
25.7806563072357,69.4495279550756,4482000,1
27.8241532386014,67.6848409314085,4492800,1
29.8676501699671,65.9201539077415,4503600,1
31.9111471013327,64.1554668840743,4514400,1
33.9546440326984,62.3907798604072,4525200,1
35.9981409640641,60.6260928367401,4536000,1
38.0416378954298,58.8614058130731,4546800,1
40.0851348267955,57.096718789406,4557600,1
42.1286317581611,55.3320317657389,4568400,1
44.1721286895268,53.5673447420718,4579200,1
46.2156256208925,51.8026577184047,4590000,1
48.2591225522582,50.0379706947376,4600800,1
50.3026194836239,48.2732836710705,4611600,1
52.3461164149896,46.5085966474034,4622400,1
54.3896133463552,44.7439096237363,4633200,1
56.4331102777209,42.9792226000692,4644000,1
58.4766072090866,41.2145355764021,4654800,1
60.5201041404523,39.449848552735,4665600,1
62.563601071818,37.6851615290679,4676400,1
64.6070980031837,35.9204745054008,4687200,1
66.6505949345493,34.1557874817337,4698000,1
68.694091865915,32.3911004580666,4708800,1
70.5108040215649,30.3937129284385,4719600,1
72.3275161772148,28.3963253988104,4730400,1
74.1442283328647,26.3989378691823,4741200,1
75.9609404885146,24.4015503395542,4752000,1
77.7776526441645,22.4041628099261,4762800,1
79.5943647998144,20.4067752802979,4773600,1
81.4110769554644,18.4093877506698,4784400,1
83.2277891111142,16.4120002210417,4795200,1
85.0445012667642,14.4146126914136,4806000,1
86.8612134224141,12.4172251617855,4816800,1
88.677925578064,10.4198376321574,4827600,1
90.4946377337139,8.42245010252929,4838400,1
92.3113498893638,6.42506257290118,4849200,1
94.1280620450137,4.42767504327308,4860000,1
91.8861852859004,5.93233068392565,4870800,1
89.6443085267871,7.43698632457822,4881600,1
87.4024317676737,8.94164196523079,4892400,1
85.1605550085604,10.4462976058834,4903200,1
82.9186782494471,11.9509532465359,4914000,1
80.6768014903338,13.4556088871885,4924800,1
78.4349247312205,14.9602645278411,4935600,1
76.1930479721072,16.4649201684936,4946400,1
73.9511712129939,17.9695758091462,4957200,1
71.7092944538806,19.4742314497988,4968000,1
69.4674176947672,20.9788870904513,4978800,1
67.2255409356539,22.4835427311039,4989600,1
64.9836641765406,23.9881983717565,5000400,1
62.7417874174273,25.4928540124091,5011200,1
60.499910658314,26.9975096530616,5022000,1
58.2580338992007,28.5021652937142,5032800,1
56.0161571400874,30.0068209343668,5043600,1
53.7742803809741,31.5114765750193,5054400,1
51.5324036218608,33.0161322156719,5065200,1
49.2905268627474,34.5207878563245,5076000,1
47.0486501036341,36.0254434969771,5086800,1
44.8067733445208,37.5300991376296,5097600,1
46.4350498716326,39.6838668946677,5108400,1
48.0633263987443,41.8376346517058,5119200,1
49.691602925856,43.991402408744,5130000,1
51.3198794529677,46.1451701657821,5140800,1
52.9481559800794,48.2989379228202,5151600,1
54.5764325071912,50.4527056798583,5162400,1
56.2047090343029,52.6064734368964,5173200,1
57.8329855614146,54.7602411939345,5184000,1
59.4612620885263,56.9140089509726,5194800,1
61.0895386156381,59.0677767080108,5205600,1
62.7178151427498,61.2215444650489,5216400,1
64.3460916698615,63.375312222087,5227200,1
65.9743681969732,65.5290799791251,5238000,1
67.6026447240849,67.6828477361632,5248800,1
69.2309212511967,69.8366154932013,5259600,1
70.8591977783084,71.9903832502394,5270400,1
72.4874743054201,74.1441510072776,5281200,1
74.1157508325318,76.2979187643157,5292000,1
75.7440273596436,78.4516865213538,5302800,1
73.3452074174081,77.2124678623862,5313600,1
70.9463874751727,75.9732492034186,5324400,1
68.5475675329372,74.734030544451,5335200,1
66.1487475907017,73.4948118854833,5346000,1
63.7499276484663,72.2555932265157,5356800,1
61.3511077062308,71.0163745675481,5367600,1
58.9522877639954,69.7771559085805,5378400,1
56.5534678217599,68.5379372496129,5389200,1
54.1546478795244,67.2987185906453,5400000,1
51.755827937289,66.0594999316777,5410800,1
49.3570079950535,64.8202812727101,5421600,1
46.9581880528181,63.5810626137425,5432400,1
44.5593681105826,62.3418439547749,5443200,1
42.1605481683472,61.1026252958073,5454000,1
39.7617282261117,59.8634066368396,5464800,1
37.3629082838763,58.624187977872,5475600,1
34.9640883416408,57.3849693189044,5486400,1
32.5652683994053,56.1457506599368,5497200,1
30.1664484571699,54.9065320009692,5508000,1
27.7676285149344,53.6673133420016,5518800,1
25.368808572699,52.428094683034,5529600,1
22.9699886304635,51.1888760240664,5540400,1
20.571168688228,49.9496573650988,5551200,1
18.1723487459926,48.7104387061312,5562000,1
20.4841285860386,50.1053128836672,5572800,1
22.7959084260847,51.5001870612032,5583600,1
25.1076882661307,52.8950612387392,5594400,1
27.4194681061767,54.2899354162752,5605200,1
29.7312479462228,55.6848095938112,5616000,1
32.0430277862688,57.0796837713472,5626800,1
34.3548076263148,58.4745579488832,5637600,1
36.6665874663609,59.8694321264192,5648400,1
38.9783673064069,61.2643063039552,5659200,1
41.2901471464529,62.6591804814912,5670000,1
43.601926986499,64.0540546590272,5680800,1
46.0934179404669,65.0944742024307,5691600,1
48.5849088944348,66.1348937458341,5702400,1
51.0763998484028,67.1753132892376,5713200,1
53.5678908023707,68.2157328326411,5724000,1
56.0593817563387,69.2561523760446,5734800,1
58.5508727103066,70.296571919448,5745600,1
61.0423636642746,71.3369914628515,5756400,1
63.5338546182425,72.377411006255,5767200,1
66.0253455722105,73.4178305496585,5778000,1
68.5168365261784,74.4582500930619,5788800,1
71.0083274801463,75.4986696364654,5799600,1
68.3480445869123,75.0372642529184,5810400,1
65.6877616936782,74.5758588693714,5821200,1
63.0274788004441,74.1144534858244,5832000,1
60.3671959072101,73.6530481022774,5842800,1
57.706913013976,73.1916427187304,5853600,1
55.0466301207419,72.7302373351834,5864400,1
52.3863472275078,72.2688319516364,5875200,1
49.7260643342738,71.8074265680894,5886000,1
47.0657814410397,71.3460211845424,5896800,1
44.4054985478056,70.8846158009954,5907600,1
41.7452156545716,70.4232104174484,5918400,1
39.0849327613375,69.9618050339014,5929200,1
36.4246498681034,69.5003996503545,5940000,1
33.7643669748693,69.0389942668074,5950800,1
31.1040840816353,68.5775888832605,5961600,1
28.4438011884012,68.1161834997135,5972400,1
30.0138933008754,65.9196383127559,5983200,1
31.5839854133496,63.7230931257984,5994000,1
33.1540775258238,61.5265479388409,6004800,1
34.724169638298,59.3300027518834,6015600,1
36.2942617507723,57.1334575649258,6026400,1
37.8643538632465,54.9369123779683,6037200,1
39.4344459757207,52.7403671910108,6048000,1
41.0045380881949,50.5438220040533,6058800,1
42.5746302006691,48.3472768170957,6069600,1
44.1447223131433,46.1507316301382,6080400,1
45.7148144256175,43.9541864431807,6091200,1
47.2849065380917,41.7576412562232,6102000,1
48.854998650566,39.5610960692657,6112800,1
50.4250907630402,37.3645508823081,6123600,1
51.9951828755144,35.1680056953506,6134400,1
53.5652749879886,32.9714605083931,6145200,1
55.1353671004628,30.7749153214356,6156000,1
56.705459212937,28.578370134478,6166800,1
58.2755513254112,26.3818249475205,6177600,1
59.8456434378854,24.185279760563,6188400,1
61.4157355503596,21.9887345736055,6199200,1
62.9858276628339,19.7921893866479,6210000,1
64.5559197753081,17.5956441996904,6220800,1
66.1260118877823,15.3990990127329,6231600,1
63.8467884111607,16.846558975432,6242400,1
61.5675649345391,18.2940189381312,6253200,1
59.2883414579175,19.7414789008303,6264000,1
57.0091179812959,21.1889388635294,6274800,1
54.7298945046743,22.6363988262286,6285600,1
52.4506710280528,24.0838587889277,6296400,1
50.1714475514312,25.5313187516269,6307200,1
47.8922240748096,26.978778714326,6318000,1
45.613000598188,28.4262386770251,6328800,1
43.3337771215664,29.8736986397243,6339600,1
41.0545536449448,31.3211586024234,6350400,1
38.7753301683232,32.7686185651226,6361200,1
36.4961066917016,34.2160785278217,6372000,1
34.2168832150801,35.6635384905208,6382800,1
31.9376597384585,37.11099845322,6393600,1
29.6584362618369,38.5584584159191,6404400,1
27.3792127852153,40.0059183786183,6415200,1
25.0999893085937,41.4533783413174,6426000,1
22.8207658319721,42.9008383040165,6436800,1
20.5415423553505,44.3482982667157,6447600,1
18.2623188787289,45.7957582294148,6458400,1
15.9830954021073,47.243218192114,6469200,1
13.7038719254857,48.6906781548131,6480000,1
11.4246484488642,50.1381381175122,6490800,1
14.0769922593618,49.6330912771948,6501600,1
16.7293360698595,49.1280444368774,6512400,1
19.3816798803572,48.6229975965599,6523200,1
22.0340236908549,48.1179507562425,6534000,1
24.6863675013526,47.612903915925,6544800,1
27.3387113118503,47.1078570756076,6555600,1
29.9910551223479,46.6028102352901,6566400,1
32.6433989328456,46.0977633949727,6577200,1
35.2957427433433,45.5927165546552,6588000,1
37.948086553841,45.0876697143378,6598800,1
40.6004303643387,44.5826228740203,6609600,1
43.2527741748364,44.0775760337029,6620400,1
45.905117985334,43.5725291933854,6631200,1
48.5574617958317,43.067482353068,6642000,1
51.2098056063294,42.5624355127505,6652800,1
53.8621494168271,42.0573886724331,6663600,1
56.5144932273248,41.5523418321157,6674400,1
59.1668370378225,41.0472949917982,6685200,1
61.8191808483201,40.5422481514808,6696000,1
64.4715246588178,40.0372013111633,6706800,1
67.1238684693155,39.5321544708459,6717600,1
69.7762122798132,39.0271076305284,6728400,1
72.4285560903109,38.522060790211,6739200,1
75.0808999008085,38.0170139498935,6750000,1
77.7332437113062,37.5119671095761,6760800,1
80.3855875218039,37.0069202692586,6771600,1
83.0379313323016,36.5018734289412,6782400,1
85.6902751427993,35.9968265886237,6793200,1
88.342618953297,35.4917797483063,6804000,1
90.9949627637946,34.9867329079888,6814800,1
93.6473065742923,34.4816860676714,6825600,1
96.29965038479,33.9766392273539,6836400,1
93.7185294459826,33.1842916399594,6847200,1
91.1374085071752,32.3919440525648,6858000,1
88.5562875683678,31.5995964651703,6868800,1
85.9751666295604,30.8072488777757,6879600,1
83.394045690753,30.0149012903811,6890400,1
80.8129247519456,29.2225537029866,6901200,1
78.2318038131382,28.430206115592,6912000,1
75.6506828743308,27.6378585281975,6922800,1
73.0695619355234,26.8455109408029,6933600,1
70.488440996716,26.0531633534083,6944400,1
67.9073200579085,25.2608157660138,6955200,1
65.3261991191011,24.4684681786192,6966000,1
62.7450781802937,23.6761205912247,6976800,1
60.1639572414863,22.8837730038301,6987600,1
57.5828363026789,22.0914254164355,6998400,1
60.2330058319057,22.6077600621429,7009200,1
62.8831753611326,23.1240947078503,7020000,1
65.5333448903594,23.6404293535576,7030800,1
68.1835144195862,24.156763999265,7041600,1
70.833683948813,24.6730986449723,7052400,1
73.4838534780398,25.1894332906797,7063200,1
76.1340230072666,25.7057679363871,7074000,1
74.7832957073066,28.0436164689363,7084800,1
73.4325684073466,30.3814650014856,7095600,1
72.0818411073867,32.7193135340349,7106400,1
70.7311138074267,35.0571620665842,7117200,1
69.3803865074667,37.3950105991335,7128000,1
68.0296592075067,39.7328591316827,7138800,1
66.6789319075467,42.070707664232,7149600,1
65.3282046075867,44.4085561967813,7160400,1
63.9774773076267,46.7464047293306,7171200,1
62.6267500076668,49.0842532618798,7182000,1
61.2760227077068,51.4221017944291,7192800,1
59.9252954077468,53.7599503269784,7203600,1
58.5745681077868,56.0977988595277,7214400,1
57.2238408078268,58.435647392077,7225200,1
55.8731135078668,60.7734959246262,7236000,1
54.5223862079068,63.1113444571755,7246800,1
53.1716589079469,65.4491929897248,7257600,1
51.8209316079869,67.7870415222741,7268400,1
50.4702043080269,70.1248900548233,7279200,1
52.7151960884602,71.6248940234137,7290000,1
54.9601878688935,73.1248979920041,7300800,1
57.2051796493268,74.6249019605945,7311600,1
59.4501714297601,76.1249059291848,7322400,1
61.6951632101934,77.6249098977752,7333200,1
63.9401549906268,79.1249138663656,7344000,1
66.1851467710601,80.624917834956,7354800,1
68.4301385514934,82.1249218035464,7365600,1
70.6751303319267,83.6249257721367,7376400,1
72.92012211236,85.1249297407271,7387200,1
75.1651138927933,86.6249337093175,7398000,1
77.4101056732266,88.1249376779079,7408800,1
79.6550974536599,89.6249416464982,7419600,1
81.9000892340932,91.1249456150886,7430400,1
84.1450810145265,92.624949583679,7441200,1
86.3900727949598,94.1249535522694,7452000,1
88.6350645753932,95.6249575208598,7462800,1
87.6006121636196,93.130983140924,7473600,1
86.566159751846,90.6370087609883,7484400,1
85.5317073400724,88.1430343810526,7495200,1
84.4972549282988,85.6490600011169,7506000,1
83.4628025165252,83.1550856211811,7516800,1
82.4283501047516,80.6611112412454,7527600,1
81.393897692978,78.1671368613097,7538400,1
80.3594452812044,75.673162481374,7549200,1
79.3249928694307,73.1791881014382,7560000,1
78.2905404576572,70.6852137215025,7570800,1
77.2560880458835,68.1912393415668,7581600,1
76.2216356341099,65.6972649616311,7592400,1
75.1871832223363,63.2032905816953,7603200,1
74.1527308105627,60.7093162017596,7614000,1
73.1182783987891,58.2153418218239,7624800,1
72.0838259870155,55.7213674418882,7635600,1
71.0493735752419,53.2273930619524,7646400,1
70.0149211634683,50.7334186820167,7657200,1
68.9804687516947,48.239444302081,7668000,1
67.9460163399211,45.7454699221453,7678800,1
66.9115639281475,43.2514955422095,7689600,1
65.8771115163739,40.7575211622738,7700400,1
64.8426591046003,38.2635467823381,7711200,1
63.8082066928267,35.7695724024024,7722000,1
62.7737542810531,33.2755980224666,7732800,1
61.7393018692795,30.7816236425309,7743600,1
60.7048494575059,28.2876492625952,7754400,1
59.6703970457323,25.7936748826595,7765200,1
58.6359446339587,23.2997005027237,7776000,1
57.6014922221851,20.805726122788,7786800,1
56.5670398104115,18.3117517428523,7797600,1
55.5325873986379,15.8177773629166,7808400,1
54.4981349868643,13.3238029829809,7819200,1
51.9221869205761,14.1328095093981,7830000,1
49.3462388542878,14.9418160358153,7840800,1
46.7702907879995,15.7508225622325,7851600,1
44.1943427217112,16.5598290886498,7862400,1
41.6183946554229,17.368835615067,7873200,1
39.0424465891346,18.1778421414842,7884000,1
36.4664985228464,18.9868486679014,7894800,1
33.8905504565581,19.7958551943187,7905600,1
31.3146023902698,20.6048617207359,7916400,1
28.7386543239815,21.4138682471531,7927200,1
26.1627062576932,22.2228747735703,7938000,1
23.586758191405,23.0318812999876,7948800,1
21.0108101251167,23.8408878264048,7959600,1
18.4348620588284,24.649894352822,7970400,1
15.8589139925401,25.4589008792392,7981200,1
18.5589137193928,25.4576863853443,7992000,1
21.2589134462455,25.4564718914494,8002800,1
23.9589131730982,25.4552573975544,8013600,1
26.6589128999509,25.4540429036595,8024400,1
29.3589126268035,25.4528284097646,8035200,1
32.0589123536562,25.4516139158696,8046000,1
34.7589120805089,25.4503994219747,8056800,1
37.4589118073616,25.4491849280798,8067600,1
40.1589115342143,25.4479704341848,8078400,1
42.858911261067,25.4467559402899,8089200,1
45.5589109879197,25.445541446395,8100000,1
48.2589107147723,25.4443269525,8110800,1
50.958910441625,25.4431124586051,8121600,1
53.6589101684777,25.4418979647102,8132400,1
56.3589098953304,25.4406834708152,8143200,1
59.0589096221831,25.4394689769203,8154000,1
61.7589093490358,25.4382544830254,8164800,1
64.4589090758885,25.4370399891304,8175600,1
67.1589088027412,25.4358254952355,8186400,1
69.8589085295938,25.4346110013405,8197200,1
72.5589082564465,25.4333965074456,8208000,1
75.2589079832992,25.4321820135507,8218800,1
77.9589077101519,25.4309675196557,8229600,1
80.6589074370046,25.4297530257608,8240400,1
83.3589071638573,25.4285385318659,8251200,1
81.0005434671029,24.1139584948081,8262000,1
82.9948183886368,25.9340869346004,8272800,1
84.9890933101708,27.7542153743927,8283600,1
86.9833682317047,29.574343814185,8294400,1
88.9776431532386,31.3944722539773,8305200,1
90.9719180747726,33.2146006937696,8316000,1
92.9661929963065,35.0347291335619,8326800,1
90.2906105845741,34.6724326278816,8337600,1
87.6150281728417,34.3101361222012,8348400,1
84.9394457611093,33.9478396165209,8359200,1
82.2638633493769,33.5855431108405,8370000,1
79.5882809376445,33.2232466051602,8380800,1
76.912698525912,32.8609500994799,8391600,1
74.2371161141796,32.4986535937995,8402400,1
71.5615337024472,32.1363570881192,8413200,1
68.8859512907148,31.7740605824388,8424000,1
66.2103688789824,31.4117640767585,8434800,1
63.53478646725,31.0494675710781,8445600,1
60.8592040555176,30.6871710653978,8456400,1
58.1836216437852,30.3248745597174,8467200,1
55.5080392320528,29.9625780540371,8478000,1
52.8324568203204,29.6002815483567,8488800,1
50.156874408588,29.2379850426764,8499600,1
47.4812919968556,28.875688536996,8510400,1
44.8057095851232,28.5133920313157,8521200,1
42.1301271733907,28.1510955256353,8532000,1
39.4545447616583,27.788799019955,8542800,1
36.7789623499259,27.4265025142746,8553600,1
34.1033799381935,27.0642060085943,8564400,1
31.4277975264611,26.7019095029139,8575200,1
28.7522151147287,26.3396129972336,8586000,1
26.0766327029963,25.9773164915532,8596800,1
23.4010502912639,25.6150199858729,8607600,1
20.7254678795315,25.2527234801926,8618400,1
23.1011759685149,26.5356931119215,8629200,1
25.4768840574983,27.8186627436505,8640000,1
50,50,0,2
48.8953134018658,52.4636695232727,10800,2
47.7906268037317,54.9273390465454,21600,2
46.6859402055975,57.3910085698181,32400,2
45.5812536074634,59.8546780930908,43200,2
44.4765670093292,62.3183476163635,54000,2
43.371880411195,64.7820171396363,64800,2
42.2671938130609,67.245686662909,75600,2
41.1625072149267,69.7093561861817,86400,2
40.0578206167926,72.1730257094544,97200,2
38.9531340186584,74.6366952327271,108000,2
37.8484474205242,77.1003647559998,118800,2
36.7437608223901,79.5640342792725,129600,2
35.6390742242559,82.0277038025452,140400,2
37.3828675055766,79.9663486676835,151200,2
39.1266607868973,77.9049935328218,162000,2
40.870454068218,75.8436383979601,172800,2
42.6142473495387,73.7822832630983,183600,2
44.3580406308594,71.7209281282366,194400,2
46.1018339121801,69.6595729933749,205200,2
47.8456271935008,67.5982178585132,216000,2
49.5894204748215,65.5368627236515,226800,2
51.3332137561422,63.4755075887897,237600,2
53.0770070374629,61.414152453928,248400,2
54.8208003187836,59.3527973190663,259200,2
56.5645936001043,57.2914421842046,270000,2
58.308386881425,55.2300870493428,280800,2
60.4192758890049,53.5465943711056,291600,2
62.5301648965848,51.8631016928684,302400,2
64.6410539041647,50.1796090146312,313200,2
66.7519429117446,48.4961163363939,324000,2
68.8628319193245,46.8126236581567,334800,2
70.9737209269044,45.1291309799195,345600,2
73.0846099344843,43.4456383016822,356400,2
75.1954989420642,41.762145623445,367200,2
77.3063879496441,40.0786529452078,378000,2
79.417276957224,38.3951602669706,388800,2
81.5281659648039,36.7116675887333,399600,2
83.6390549723838,35.0281749104961,410400,2
85.7499439799637,33.3446822322589,421200,2
87.8608329875436,31.6611895540216,432000,2
89.9717219951235,29.9776968757844,442800,2
92.0826110027034,28.2942041975472,453600,2
91.1962149060407,30.8445574985275,464400,2
90.309818809378,33.3949107995078,475200,2
89.4234227127153,35.9452641004881,486000,2
88.5370266160527,38.4956174014684,496800,2
87.65063051939,41.0459707024487,507600,2
86.7642344227273,43.596324003429,518400,2
85.8778383260646,46.1466773044094,529200,2
84.9914422294019,48.6970306053897,540000,2
84.1050461327393,51.24738390637,550800,2
83.2186500360766,53.7977372073503,561600,2
82.3322539394139,56.3480905083306,572400,2
81.4458578427512,58.8984438093109,583200,2
80.5594617460885,61.4487971102912,594000,2
79.6730656494259,63.9991504112715,604800,2
78.7866695527632,66.5495037122518,615600,2
77.9002734561005,69.0998570132321,626400,2
77.0138773594378,71.6502103142125,637200,2
76.1274812627751,74.2005636151928,648000,2
73.6721214766753,73.0775282992727,658800,2
71.2167616905754,71.9544929833527,669600,2
68.7614019044755,70.8314576674327,680400,2
66.3060421183757,69.7084223515126,691200,2
63.8506823322758,68.5853870355926,702000,2
61.3953225461759,67.4623517196725,712800,2
58.9399627600761,66.3393164037525,723600,2
56.4846029739762,65.2162810878325,734400,2
54.0292431878763,64.0932457719124,745200,2
51.5738834017765,62.9702104559924,756000,2
49.1185236156766,61.8471751400724,766800,2
46.6631638295767,60.7241398241523,777600,2
44.2078040434769,59.6011045082323,788400,2
41.752444257377,58.4780691923122,799200,2
39.2970844712771,57.3550338763922,810000,2
36.8417246851773,56.2319985604722,820800,2
35.4949868955359,53.891849563944,831600,2
34.1482491058946,51.5517005674158,842400,2
32.8015113162533,49.2115515708876,853200,2
31.4547735266119,46.8714025743593,864000,2
30.1080357369706,44.5312535778311,874800,2
28.7612979473293,42.1911045813029,885600,2
27.4145601576879,39.8509555847747,896400,2
26.0678223680466,37.5108065882465,907200,2
24.7210845784052,35.1706575917183,918000,2
23.3743467887639,32.8305085951901,928800,2
22.0276089991226,30.4903595986619,939600,2
20.6808712094812,28.1502106021337,950400,2
19.3341334198399,25.8100616056055,961200,2
17.9873956301986,23.4699126090773,972000,2
16.6406578405572,21.1297636125491,982800,2
15.2939200509159,18.7896146160209,993600,2
13.9471822612745,16.4494656194927,1004400,2
12.6004444716332,14.1093166229645,1015200,2
11.2537066819919,11.7691676264363,1026000,2
9.90696889235053,9.42901862990806,1036800,2
8.5602311027092,7.08886963337986,1047600,2
7.21349331306786,4.74872063685165,1058400,2
8.64755278213172,7.03639925046596,1069200,2
10.0816122511956,9.32407786408027,1080000,2
11.5156717202594,11.6117564776946,1090800,2
12.9497311893233,13.8994350913089,1101600,2
14.3837906583871,16.1871137049232,1112400,2
15.817850127451,18.4747923185375,1123200,2
17.2519095965148,20.7624709321518,1134000,2
18.6859690655787,23.0501495457661,1144800,2
20.1200285346425,25.3378281593805,1155600,2
21.5540880037064,27.6255067729948,1166400,2
22.9881474727703,29.9131853866091,1177200,2
24.4222069418341,32.2008640002234,1188000,2
25.856266410898,34.4885426138377,1198800,2
27.2903258799618,36.776221227452,1209600,2
28.7243853490257,39.0638998410663,1220400,2
30.1584448180895,41.3515784546806,1231200,2
31.5925042871534,43.6392570682949,1242000,2
33.0265637562172,45.9269356819093,1252800,2
34.4606232252811,48.2146142955236,1263600,2
35.8946826943449,50.5022929091379,1274400,2
37.3287421634088,52.7899715227522,1285200,2
38.7628016324727,55.0776501363665,1296000,2
40.1968611015365,57.3653287499808,1306800,2
41.6309205706004,59.6530073635951,1317600,2
43.0649800396642,61.9406859772094,1328400,2
44.4990395087281,64.2283645908238,1339200,2
45.9330989777919,66.5160432044381,1350000,2
47.3671584468558,68.8037218180524,1360800,2
48.8012179159196,71.0914004316667,1371600,2
50.2352773849835,73.379079045281,1382400,2
51.6693368540473,75.6667576588953,1393200,2
53.1033963231112,77.9544362725096,1404000,2
54.5266463457087,75.6600170925915,1414800,2
55.9498963683063,73.3655979126734,1425600,2
57.3731463909038,71.0711787327553,1436400,2
58.7963964135014,68.7767595528372,1447200,2
60.2196464360989,66.4823403729191,1458000,2
61.6428964586964,64.1879211930009,1468800,2
63.066146481294,61.8935020130828,1479600,2
64.4893965038915,59.5990828331647,1490400,2
65.9126465264891,57.3046636532466,1501200,2
67.3358965490866,55.0102444733285,1512000,2
68.7591465716842,52.7158252934104,1522800,2
70.1823965942817,50.4214061134923,1533600,2
71.6056466168793,48.1269869335742,1544400,2
73.0288966394768,45.8325677536561,1555200,2
74.4521466620743,43.538148573738,1566000,2
75.8753966846719,41.2437293938199,1576800,2
77.2986467072694,38.9493102139017,1587600,2
78.721896729867,36.6548910339836,1598400,2
80.1451467524645,34.3604718540655,1609200,2
81.5683967750621,32.0660526741474,1620000,2
82.9916467976596,29.7716334942293,1630800,2
84.4148968202571,27.4772143143112,1641600,2
85.8381468428547,25.1827951343931,1652400,2
87.2613968654522,22.888375954475,1663200,2
88.6846468880498,20.5939567745569,1674000,2
90.1078969106473,18.2995375946388,1684800,2
91.5311469332449,16.0051184147206,1695600,2
92.9543969558424,13.7106992348025,1706400,2
90.9685383638405,15.5400066590952,1717200,2
88.9826797718386,17.3693140833878,1728000,2
86.9968211798367,19.1986215076805,1738800,2
85.0109625878348,21.0279289319731,1749600,2
83.0251039958329,22.8572363562658,1760400,2
81.0392454038309,24.6865437805584,1771200,2
79.053386811829,26.515851204851,1782000,2
77.0675282198271,28.3451586291437,1792800,2
75.0816696278252,30.1744660534363,1803600,2
73.0958110358233,32.003773477729,1814400,2
71.1099524438214,33.8330809020216,1825200,2
69.1240938518195,35.6623883263143,1836000,2
67.1382352598175,37.4916957506069,1846800,2
65.1523766678156,39.3210031748995,1857600,2
63.1665180758137,41.1503105991922,1868400,2
61.1806594838118,42.9796180234848,1879200,2
59.1948008918099,44.8089254477775,1890000,2
57.208942299808,46.6382328720701,1900800,2
54.57807133674,46.0311760578546,1911600,2
51.9472003736719,45.4241192436391,1922400,2
49.3163294106039,44.8170624294235,1933200,2
46.6854584475359,44.210005615208,1944000,2
44.0545874844678,43.6029488009925,1954800,2
41.4237165213998,42.995891986777,1965600,2
38.7928455583318,42.3888351725615,1976400,2
36.1619745952638,41.7817783583459,1987200,2
33.5311036321957,41.1747215441304,1998000,2
30.9002326691277,40.5676647299149,2008800,2
28.2693617060597,39.9606079156994,2019600,2
25.6384907429916,39.3535511014839,2030400,2
23.0076197799236,38.7464942872683,2041200,2
20.3767488168556,38.1394374730528,2052000,2
17.7458778537875,37.5323806588373,2062800,2
15.1150068907195,36.9253238446218,2073600,2
12.4841359276515,36.3182670304062,2084400,2
9.85326496458346,35.7112102161907,2095200,2
7.22239400151542,35.1041534019752,2106000,2
4.5915230384474,34.4970965877597,2116800,2
1.96065207537937,33.8900397735442,2127600,2
2.76737718390403,36.4667032361011,2138400,2
3.57410229242869,39.043366698658,2149200,2
4.38082740095336,41.6200301612149,2160000,2
5.18755250947802,44.1966936237719,2170800,2
5.99427761800269,46.7733570863288,2181600,2
6.80100272652735,49.3500205488857,2192400,2
7.60772783505202,51.9266840114427,2203200,2
8.41445294357668,54.5033474739996,2214000,2
9.22117805210134,57.0800109365565,2224800,2
10.027903160626,59.6566743991135,2235600,2
10.8346282691507,62.2333378616704,2246400,2
11.6413533776753,64.8100013242273,2257200,2
12.4480784862,67.3866647867843,2268000,2
13.2548035947247,69.9633282493412,2278800,2
14.0615287032493,72.5399917118981,2289600,2
14.868253811774,75.116655174455,2300400,2
15.6749789202987,77.693318637012,2311200,2
16.4817040288233,80.2699820995689,2322000,2
17.7534808926719,77.8882634745883,2332800,2
19.0252577565205,75.5065448496077,2343600,2
20.2970346203691,73.1248262246271,2354400,2
21.5688114842177,70.7431075996465,2365200,2
22.8405883480663,68.3613889746659,2376000,2
24.1123652119148,65.9796703496853,2386800,2
25.3841420757634,63.5979517247047,2397600,2
26.655918939612,61.2162330997241,2408400,2
27.9276958034606,58.8345144747436,2419200,2
29.1994726673092,56.452795849763,2430000,2
30.4712495311578,54.0710772247824,2440800,2
31.7430263950064,51.6893585998018,2451600,2
29.387860347057,53.0096589014705,2462400,2
27.0326942991076,54.3299592031393,2473200,2
24.6775282511583,55.650259504808,2484000,2
22.3223622032089,56.9705598064767,2494800,2
19.9671961552595,58.2908601081455,2505600,2
17.6120301073102,59.6111604098142,2516400,2
19.8577679186044,61.1100472243947,2527200,2
22.1035057298987,62.6089340389752,2538000,2
24.3492435411929,64.1078208535557,2548800,2
26.5949813524872,65.6067076681362,2559600,2
29.2332663430061,66.1806870308335,2570400,2
31.8715513335251,66.7546663935308,2581200,2
34.5098363240441,67.328645756228,2592000,2
37.148121314563,67.9026251189253,2602800,2
39.786406305082,68.4766044816226,2613600,2
42.4246912956009,69.0505838443199,2624400,2
45.0629762861199,69.6245632070171,2635200,2
47.7012612766389,70.1985425697144,2646000,2
50.3395462671578,70.7725219324117,2656800,2
52.9778312576768,71.346501295109,2667600,2
55.6161162481957,71.9204806578062,2678400,2
58.2544012387147,72.4944600205035,2689200,2
60.8926862292337,73.0684393832008,2700000,2
63.5309712197526,73.6424187458981,2710800,2
66.1692562102716,74.2163981085953,2721600,2
68.8075412007905,74.7903774712926,2732400,2
67.898205579486,72.2481129831194,2743200,2
66.9888699581814,69.7058484949462,2754000,2
66.0795343368768,67.163584006773,2764800,2
65.1701987155723,64.6213195185997,2775600,2
64.2608630942677,62.0790550304265,2786400,2
63.3515274729632,59.5367905422533,2797200,2
62.4421918516586,56.9945260540801,2808000,2
61.5328562303541,54.4522615659069,2818800,2
60.6235206090495,51.9099970777336,2829600,2
59.7141849877449,49.3677325895604,2840400,2
58.8048493664404,46.8254681013872,2851200,2
57.8955137451358,44.283203613214,2862000,2
56.9861781238313,41.7409391250407,2872800,2
56.0768425025267,39.1986746368675,2883600,2
55.1675068812221,36.6564101486943,2894400,2
54.2581712599176,34.1141456605211,2905200,2
53.348835638613,31.5718811723479,2916000,2
52.4395000173085,29.0296166841746,2926800,2
51.5301643960039,26.4873521960014,2937600,2
50.6208287746994,23.9450877078282,2948400,2
49.7114931533948,21.402823219655,2959200,2
48.8021575320902,18.8605587314818,2970000,2
47.8928219107857,16.3182942433085,2980800,2
46.9834862894811,13.7760297551353,2991600,2
46.0741506681766,11.2337652669621,3002400,2
45.164815046872,8.69150077878887,3013200,2
44.4623782465261,11.2985263907689,3024000,2
43.7599414461801,13.9055520027489,3034800,2
43.0575046458342,16.5125776147289,3045600,2
42.3550678454883,19.1196032267089,3056400,2
41.6526310451423,21.7266288386889,3067200,2
40.9501942447964,24.333654450669,3078000,2
40.2477574444505,26.940680062649,3088800,2
39.5453206441045,29.547705674629,3099600,2
38.8428838437586,32.154731286609,3110400,2
38.1404470434127,34.761756898589,3121200,2
37.4380102430667,37.368782510569,3132000,2
36.7355734427208,39.975808122549,3142800,2
36.0331366423749,42.5828337345291,3153600,2
35.3306998420289,45.1898593465091,3164400,2
34.628263041683,47.7968849584891,3175200,2
33.9258262413371,50.4039105704691,3186000,2
33.2233894409911,53.0109361824491,3196800,2
32.5209526406452,55.6179617944291,3207600,2
31.8185158402993,58.2249874064091,3218400,2
31.1160790399533,60.8320130183892,3229200,2
30.4136422396074,63.4390386303692,3240000,2
29.7112054392615,66.0460642423492,3250800,2
29.0087686389155,68.6530898543292,3261600,2
28.3063318385696,71.2601154663092,3272400,2
27.6038950382237,73.8671410782892,3283200,2
26.9014582378777,76.4741666902692,3294000,2
26.1990214375318,79.0811923022492,3304800,2
25.4965846371859,81.6882179142293,3315600,2
24.7941478368399,84.2952435262093,3326400,2
24.091711036494,86.9022691381893,3337200,2
23.3892742361481,89.5092947501693,3348000,2
22.6868374358021,92.1163203621493,3358800,2
21.0245830547477,89.988666637347,3369600,2
19.3623286736933,87.8610129125446,3380400,2
17.7000742926389,85.7333591877422,3391200,2
16.0378199115845,83.6057054629398,3402000,2
18.5240307030685,84.6586802491093,3412800,2
21.0102414945525,85.7116550352788,3423600,2
23.4964522860364,86.7646298214483,3434400,2
25.9826630775204,87.8176046076178,3445200,2
28.4688738690043,88.8705793937874,3456000,2
30.9550846604883,89.9235541799569,3466800,2
33.4412954519722,90.9765289661264,3477600,2
35.9275062434562,92.0295037522959,3488400,2
38.4137170349401,93.0824785384654,3499200,2
40.8999278264241,94.1354533246349,3510000,2
43.386138617908,95.1884281108044,3520800,2
45.872349409392,96.2414028969739,3531600,2
48.358560200876,97.2943776831435,3542400,2
50.8447709923599,98.347352469313,3553200,2
53.3309817838439,99.4003272554825,3564000,2
51.6120935986472,97.3181592971297,3574800,2
49.8932054134505,95.2359913387768,3585600,2
48.1743172282538,93.153823380424,3596400,2
46.4554290430571,91.0716554220712,3607200,2
44.7365408578604,88.9894874637183,3618000,2
43.0176526726637,86.9073195053655,3628800,2
41.298764487467,84.8251515470127,3639600,2
39.5798763022703,82.7429835886598,3650400,2
37.8609881170736,80.660815630307,3661200,2
36.1420999318769,78.5786476719542,3672000,2
34.4232117466802,76.4964797136013,3682800,2
32.7043235614835,74.4143117552485,3693600,2
30.9854353762868,72.3321437968957,3704400,2
29.2665471910901,70.2499758385429,3715200,2
27.5476590058934,68.16780788019,3726000,2
25.8287708206967,66.0856399218372,3736800,2
24.1098826355,64.0034719634844,3747600,2
22.3909944503033,61.9213040051315,3758400,2
20.6721062651066,59.8391360467787,3769200,2
18.9532180799099,57.7569680884259,3780000,2
17.2343298947132,55.674800130073,3790800,2
15.5154417095165,53.5926321717202,3801600,2
13.7965535243198,51.5104642133674,3812400,2
12.0776653391231,49.4282962550146,3823200,2
10.3587771539264,47.3461282966617,3834000,2
8.63988896872965,45.2639603383089,3844800,2
8.74718669945474,47.9618274953389,3855600,2
8.85448443017982,50.6596946523689,3866400,2
8.9617821609049,53.357561809399,3877200,2
9.06907989162998,56.055428966429,3888000,2
9.17637762235507,58.753296123459,3898800,2
9.28367535308015,61.451163280489,3909600,2
9.39097308380523,64.149030437519,3920400,2
9.49827081453031,66.846897594549,3931200,2
9.60556854525539,69.5447647515791,3942000,2
9.71286627598048,72.2426319086091,3952800,2
9.82016400670556,74.9404990656391,3963600,2
9.92746173743064,77.6383662226691,3974400,2
10.0347594681557,80.3362333796992,3985200,2
10.1420571988808,83.0341005367292,3996000,2
10.2493549296059,85.7319676937592,4006800,2
10.356652660331,88.4298348507892,4017600,2
10.4639503910561,91.1277020078192,4028400,2
10.5712481217811,93.8255691648493,4039200,2
10.6785458525062,96.5234363218793,4050000,2
9.40168362502664,94.1444401360824,4060800,2
8.12482139754707,91.7654439502856,4071600,2
6.8479591700675,89.3864477644888,4082400,2
5.57109694258792,87.0074515786919,4093200,2
4.29423471510835,84.6284553928951,4104000,2
3.01737248762877,82.2494592070983,4114800,2
1.7405102601492,79.8704630213014,4125600,2
0.463648032669627,77.4914668355046,4136400,2
3.14584810125805,77.8009870966576,4147200,2
5.82804816984648,78.1105073578107,4158000,2
8.5102482384349,78.4200276189637,4168800,2
11.1924483070233,78.7295478801168,4179600,2
13.8746483756118,79.0390681412698,4190400,2
16.5568484442002,79.3485884024229,4201200,2
19.2390485127886,79.6581086635759,4212000,2
21.921248581377,79.967628924729,4222800,2
24.6034486499655,80.277149185882,4233600,2
27.2856487185539,80.586669447035,4244400,2
29.9678487871423,80.8961897081881,4255200,2
32.6500488557307,81.2057099693411,4266000,2
35.3322489243191,81.5152302304942,4276800,2
38.0144489929076,81.8247504916472,4287600,2
40.696649061496,82.1342707528003,4298400,2
43.3788491300844,82.4437910139533,4309200,2
46.0610491986729,82.7533112751064,4320000,2
48.7432492672613,83.0628315362594,4330800,2
51.4254493358497,83.3723517974125,4341600,2
54.1076494044381,83.6818720585655,4352400,2
56.7898494730265,83.9913923197186,4363200,2
59.472049541615,84.3009125808716,4374000,2
62.1542496102034,84.6104328420247,4384800,2
64.8364496787918,84.9199531031777,4395600,2
67.5186497473802,85.2294733643308,4406400,2
70.2008498159687,85.5389936254838,4417200,2
72.8830498845571,85.8485138866369,4428000,2
75.5652499531455,86.1580341477899,4438800,2
78.2474500217339,86.4675544089429,4449600,2
80.9296500903224,86.777074670096,4460400,2
78.6613283359956,85.3125896347174,4471200,2
76.3930065816688,83.8481045993388,4482000,2
74.124684827342,82.3836195639602,4492800,2
71.8563630730152,80.9191345285816,4503600,2
69.5880413186884,79.454649493203,4514400,2
67.3197195643617,77.9901644578244,4525200,2
65.0513978100349,76.5256794224458,4536000,2
62.7830760557081,75.0611943870672,4546800,2
60.5147543013813,73.5967093516886,4557600,2
58.2464325470545,72.13222431631,4568400,2
55.9781107927277,70.6677392809314,4579200,2
53.7097890384009,69.2032542455528,4590000,2
51.4414672840742,67.7387692101742,4600800,2
49.1731455297474,66.2742841747956,4611600,2
46.9048237754206,64.809799139417,4622400,2
44.6365020210938,63.3453141040384,4633200,2
42.368180266767,61.8808290686598,4644000,2
40.0998585124402,60.4163440332812,4654800,2
37.8315367581135,58.9518589979026,4665600,2
35.5632150037867,57.487373962524,4676400,2
33.2948932494599,56.0228889271454,4687200,2
31.0265714951331,54.5584038917668,4698000,2
28.7582497408063,53.0939188563882,4708800,2
26.4899279864795,51.6294338210096,4719600,2
24.2216062321527,50.164948785631,4730400,2
21.953284477826,48.7004637502524,4741200,2
19.6849627234992,47.2359787148738,4752000,2
17.4166409691724,45.7714936794952,4762800,2
15.1483192148456,44.3070086441166,4773600,2
12.8799974605188,42.842523608738,4784400,2
10.6116757061921,41.3780385733594,4795200,2
8.34335395186525,39.9135535379808,4806000,2
9.4308843732295,42.3848442093927,4816800,2
10.5184147945937,44.8561348808045,4827600,2
11.605945215958,47.3274255522164,4838400,2
12.6934756373222,49.7987162236283,4849200,2
13.7810060586865,52.2700068950401,4860000,2
14.8685364800507,54.741297566452,4870800,2
15.956066901415,57.2125882378639,4881600,2
17.0435973227792,59.6838789092757,4892400,2
18.1311277441435,62.1551695806876,4903200,2
19.2186581655077,64.6264602520995,4914000,2
20.3061885868719,67.0977509235113,4924800,2
21.3937190082362,69.5690415949232,4935600,2
22.4812494296004,72.0403322663351,4946400,2
23.5687798509647,74.5116229377469,4957200,2
24.6563102723289,76.9829136091588,4968000,2
25.7438406936932,79.4542042805707,4978800,2
27.9896497306908,80.9529843742935,4989600,2
30.2354587676883,82.4517644680164,5000400,2
32.4812678046859,83.9505445617393,5011200,2
34.7270768416835,85.4493246554622,5022000,2
36.9728858786811,86.9481047491851,5032800,2
39.2186949156787,88.446884842908,5043600,2
41.4645039526762,89.9456649366309,5054400,2
43.7103129896738,91.4444450303538,5065200,2
42.7242332841444,88.9309520794301,5076000,2
41.7381535786151,86.4174591285064,5086800,2
40.7520738730857,83.9039661775827,5097600,2
39.7659941675563,81.390473226659,5108400,2
38.7799144620269,78.8769802757353,5119200,2
37.7938347564975,76.3634873248116,5130000,2
36.8077550509682,73.8499943738879,5140800,2
35.8216753454388,71.3365014229642,5151600,2
34.8355956399094,68.8230084720405,5162400,2
33.84951593438,66.3095155211169,5173200,2
32.8634362288506,63.7960225701932,5184000,2
31.8773565233213,61.2825296192695,5194800,2
30.8912768177919,58.7690366683458,5205600,2
29.9051971122625,56.2555437174221,5216400,2
28.9191174067331,53.7420507664984,5227200,2
27.9330377012037,51.2285578155747,5238000,2
26.9469579956743,48.715064864651,5248800,2
25.960878290145,46.2015719137273,5259600,2
24.9747985846156,43.6880789628036,5270400,2
23.9887188790862,41.1745860118799,5281200,2
23.0026391735568,38.6610930609562,5292000,2
22.0165594680274,36.1476001100326,5302800,2
21.0304797624981,33.6341071591089,5313600,2
20.0444000569687,31.1206142081852,5324400,2
19.0583203514393,28.6071212572615,5335200,2
18.0722406459099,26.0936283063378,5346000,2
17.3399860101697,23.4948202817933,5356800,2
16.6077313744294,20.8960122572488,5367600,2
15.8754767386892,18.2972042327043,5378400,2
15.143222102949,15.6983962081597,5389200,2
14.4109674672088,13.0995881836152,5400000,2
16.706986280552,14.5202561985906,5410800,2
19.0030050938952,15.9409242135659,5421600,2
21.2990239072384,17.3615922285412,5432400,2
23.5950427205817,18.7822602435165,5443200,2
25.8910615339249,20.2029282584919,5454000,2
28.1870803472681,21.6235962734672,5464800,2
30.4830991606114,23.0442642884425,5475600,2
32.7791179739546,24.4649323034179,5486400,2
35.0751367872978,25.8856003183932,5497200,2
37.3711556006411,27.3062683333685,5508000,2
39.6671744139843,28.7269363483439,5518800,2
41.9631932273275,30.1476043633192,5529600,2
44.2592120406708,31.5682723782945,5540400,2
46.555230854014,32.9889403932698,5551200,2
48.8512496673572,34.4096084082452,5562000,2
51.1472684807005,35.8302764232205,5572800,2
53.4432872940437,37.2509444381958,5583600,2
55.7393061073869,38.6716124531711,5594400,2
58.0353249207301,40.0922804681465,5605200,2
60.3313437340734,41.5129484831218,5616000,2
62.6273625474166,42.9336164980971,5626800,2
64.9233813607598,44.3542845130725,5637600,2
67.2194001741031,45.7749525280478,5648400,2
69.5154189874463,47.1956205430231,5659200,2
71.8114378007895,48.6162885579984,5670000,2
74.1074566141328,50.0369565729738,5680800,2
76.403475427476,51.4576245879491,5691600,2
78.6994942408192,52.8782926029244,5702400,2
80.9955130541625,54.2989606178998,5713200,2
83.2915318675057,55.7196286328751,5724000,2
85.5875506808489,57.1402966478504,5734800,2
87.8835694941922,58.5609646628257,5745600,2
86.2683360824605,56.3973979257858,5756400,2
84.6531026707288,54.2338311887459,5767200,2
83.0378692589971,52.070264451706,5778000,2
81.4226358472654,49.906697714666,5788800,2
79.8074024355337,47.7431309776261,5799600,2
78.192169023802,45.5795642405862,5810400,2
76.5769356120703,43.4159975035463,5821200,2
74.9617022003386,41.2524307665063,5832000,2
73.3464687886069,39.0888640294664,5842800,2
71.7312353768752,36.9252972924265,5853600,2
70.1160019651436,34.7617305553865,5864400,2
68.5007685534118,32.5981638183466,5875200,2
66.8855351416802,30.4345970813067,5886000,2
65.2703017299485,28.2710303442668,5896800,2
63.6550683182168,26.1074636072268,5907600,2
62.0398349064851,23.9438968701869,5918400,2
60.4246014947534,21.780330133147,5929200,2
58.8093680830217,19.6167633961071,5940000,2
57.19413467129,17.4531966590671,5950800,2
55.5789012595583,15.2896299220272,5961600,2
57.0239172025968,17.5704036776559,5972400,2
58.4689331456352,19.8511774332846,5983200,2
59.9139490886736,22.1319511889134,5994000,2
61.3589650317121,24.4127249445421,6004800,2
62.8039809747505,26.6934987001708,6015600,2
64.2489969177889,28.9742724557995,6026400,2
65.6940128608274,31.2550462114282,6037200,2
67.1390288038658,33.535819967057,6048000,2
68.5840447469042,35.8165937226857,6058800,2
70.0290606899427,38.0973674783144,6069600,2
71.4740766329811,40.3781412339431,6080400,2
72.9190925760195,42.6589149895719,6091200,2
74.364108519058,44.9396887452006,6102000,2
75.8091244620964,47.2204625008293,6112800,2
77.2541404051348,49.501236256458,6123600,2
78.6991563481733,51.7820100120867,6134400,2
80.1441722912117,54.0627837677155,6145200,2
81.5891882342501,56.3435575233442,6156000,2
83.0342041772886,58.6243312789729,6166800,2
84.479220120327,60.9051050346016,6177600,2
85.9242360633655,63.1858787902304,6188400,2
83.2948742443157,62.5723183412741,6199200,2
80.665512425266,61.9587578923178,6210000,2
78.0361506062162,61.3451974433616,6220800,2
75.4067887871665,60.7316369944053,6231600,2
72.7774269681167,60.1180765454491,6242400,2
70.148065149067,59.5045160964928,6253200,2
67.5187033300172,58.8909556475366,6264000,2
64.8893415109675,58.2773951985803,6274800,2
62.2599796919177,57.6638347496241,6285600,2
59.630617872868,57.0502743006678,6296400,2
57.0012560538182,56.4367138517116,6307200,2
54.3718942347685,55.8231534027553,6318000,2
51.7425324157187,55.2095929537991,6328800,2
49.113170596669,54.5960325048428,6339600,2
46.4838087776192,53.9824720558866,6350400,2
43.8544469585695,53.3689116069303,6361200,2
41.2250851395197,52.755351157974,6372000,2
38.59572332047,52.1417907090178,6382800,2
35.9663615014202,51.5282302600615,6393600,2
36.2241941688862,48.8405691364101,6404400,2
36.4820268363522,46.1529080127586,6415200,2
36.7398595038182,43.4652468891072,6426000,2
36.9976921712841,40.7775857654557,6436800,2
37.2555248387501,38.0899246418043,6447600,2
37.5133575062161,35.4022635181528,6458400,2
37.771190173682,32.7146023945014,6469200,2
38.029022841148,30.0269412708499,6480000,2
38.286855508614,27.3392801471985,6490800,2
38.54468817608,24.651619023547,6501600,2
38.8025208435459,21.9639578998956,6512400,2
39.0603535110119,19.2762967762441,6523200,2
39.3181861784779,16.5886356525927,6534000,2
39.5760188459438,13.9009745289412,6544800,2
39.8338515134098,11.2133134052898,6555600,2
40.0916841808758,8.52565228163832,6566400,2
37.4641138744874,9.14684008334266,6577200,2
34.8365435680991,9.768027885047,6588000,2
32.2089732617108,10.3892156867513,6598800,2
29.5814029553224,11.0104034884557,6609600,2
26.9538326489341,11.63159129016,6620400,2
24.3262623425457,12.2527790918644,6631200,2
23.1082499568453,14.662435878272,6642000,2
21.8902375711448,17.0720926646796,6652800,2
20.6722251854444,19.4817494510872,6663600,2
19.4542127997439,21.8914062374948,6674400,2
18.2362004140435,24.3010630239025,6685200,2
20.320825828976,22.5851560102746,6696000,2
22.4054512439086,20.8692489966467,6706800,2
24.4900766588411,19.1533419830189,6717600,2
26.5747020737737,17.437434969391,6728400,2
28.6593274887062,15.7215279557631,6739200,2
30.7439529036388,14.0056209421353,6750000,2
32.8285783185713,12.2897139285074,6760800,2
34.9132037335039,10.5738069148795,6771600,2
36.9978291484364,8.85789990125165,6782400,2
39.082454563369,7.14199288762378,6793200,2
41.1670799783015,5.42608587399592,6804000,2
42.470819733899,7.79045950133883,6814800,2
43.7745594894964,10.1548331286818,6825600,2
45.0782992450938,12.5192067560247,6836400,2
46.3820390006913,14.8835803833676,6847200,2
47.6857787562887,17.2479540107105,6858000,2
48.9895185118862,19.6123276380534,6868800,2
50.2932582674836,21.9767012653963,6879600,2
51.5969980230811,24.3410748927393,6890400,2
52.9007377786785,26.7054485200822,6901200,2
54.204477534276,29.0698221474251,6912000,2
55.5082172898734,31.434195774768,6922800,2
56.8119570454709,33.7985694021109,6933600,2
58.1156968010683,36.1629430294539,6944400,2
59.4194365566658,38.5273166567968,6955200,2
60.7231763122632,40.8916902841397,6966000,2
62.0269160678606,43.2560639114826,6976800,2
63.3306558234581,45.6204375388255,6987600,2
64.6343955790555,47.9848111661685,6998400,2
65.938135334653,50.3491847935114,7009200,2
67.2418750902504,52.7135584208543,7020000,2
68.5456148458479,55.0779320481972,7030800,2
69.8493546014453,57.4423056755401,7041600,2
71.1530943570428,59.8066793028831,7052400,2
72.4568341126402,62.171052930226,7063200,2
73.7605738682377,64.5354265575689,7074000,2
75.0643136238351,66.8998001849118,7084800,2
76.3680533794326,69.2641738122547,7095600,2
77.67179313503,71.6285474395977,7106400,2
78.9755328906274,73.9929210669406,7117200,2
80.2792726462249,76.3572946942835,7128000,2
81.5830124018223,78.7216683216264,7138800,2
82.8867521574198,81.0860419489693,7149600,2
84.1904919130172,83.4504155763123,7160400,2
85.4942316686147,85.8147892036552,7171200,2
86.7979714242121,88.1791628309981,7182000,2
88.1017111798096,90.543536458341,7192800,2
89.405450935407,92.9079100856839,7203600,2
90.7091906910045,95.2722837130269,7214400,2
88.9051310267468,93.2634609911823,7225200,2
87.1010713624893,91.2546382693378,7236000,2
85.2970116982317,89.2458155474933,7246800,2
83.492952033974,87.2369928256488,7257600,2
81.6888923697165,85.2281701038043,7268400,2
79.8848327054589,83.2193473819598,7279200,2
78.0807730412013,81.2105246601153,7290000,2
76.2767133769437,79.2017019382708,7300800,2
74.4726537126861,77.1928792164263,7311600,2
72.6685940484285,75.1840564945818,7322400,2
70.8645343841709,73.1752337727373,7333200,2
69.0604747199133,71.1664110508928,7344000,2
67.2564150556557,69.1575883290483,7354800,2
65.4523553913981,67.1487656072038,7365600,2
63.6482957271405,65.1399428853593,7376400,2
61.8442360628829,63.1311201635148,7387200,2
60.0401763986253,61.1222974416703,7398000,2
58.2361167343677,59.1134747198258,7408800,2
56.4320570701101,57.1046519979813,7419600,2
54.6279974058525,55.0958292761368,7430400,2
52.8239377415949,53.0870065542923,7441200,2
51.0198780773373,51.0781838324478,7452000,2
49.2158184130797,49.0693611106033,7462800,2
48.2627625486054,51.5955607304257,7473600,2
47.3097066841312,54.1217603502482,7484400,2
46.3566508196569,56.6479599700707,7495200,2
45.4035949551827,59.1741595898932,7506000,2
44.4505390907085,61.7003592097157,7516800,2
43.4974832262342,64.2265588295381,7527600,2
42.54442736176,66.7527584493606,7538400,2
41.5913714972857,69.2789580691831,7549200,2
40.6383156328115,71.8051576890056,7560000,2
39.6852597683372,74.3313573088281,7570800,2
38.732203903863,76.8575569286506,7581600,2
37.7791480393887,79.383756548473,7592400,2
36.8260921749145,81.9099561682955,7603200,2
35.8730363104402,84.436155788118,7614000,2
34.919980445966,86.9623554079405,7624800,2
33.9669245814917,89.488555027763,7635600,2
34.0687547214559,86.7904759661721,7646400,2
34.17058486142,84.0923969045813,7657200,2
34.2724150013841,81.3943178429904,7668000,2
34.3742451413483,78.6962387813996,7678800,2
34.4760752813124,75.9981597198088,7689600,2
34.5779054212765,73.3000806582179,7700400,2
34.6797355612407,70.6020015966271,7711200,2
34.7815657012048,67.9039225350363,7722000,2
34.8833958411689,65.2058434734454,7732800,2
34.9852259811331,62.5077644118546,7743600,2
35.0870561210972,59.8096853502638,7754400,2
35.1888862610613,57.1116062886729,7765200,2
35.2907164010255,54.4135272270821,7776000,2
35.3925465409896,51.7154481654912,7786800,2
35.4943766809537,49.0173691039004,7797600,2
35.5962068209179,46.3192900423096,7808400,2
35.698036960882,43.6212109807187,7819200,2
35.7998671008461,40.9231319191279,7830000,2
35.9016972408103,38.2250528575371,7840800,2
36.0035273807744,35.5269737959462,7851600,2
36.1053575207385,32.8288947343554,7862400,2
36.2071876607027,30.1308156727646,7873200,2
36.3090178006668,27.4327366111737,7884000,2
36.4108479406309,24.7346575495829,7894800,2
36.5126780805951,22.036578487992,7905600,2
36.6145082205592,19.3384994264012,7916400,2
36.7163383605233,16.6404203648104,7927200,2
36.8181685004874,13.9423413032195,7938000,2
36.9199986404516,11.2442622416287,7948800,2
39.1583039414498,12.7542256118875,7959600,2
41.396609242448,14.2641889821464,7970400,2
43.6349145434462,15.7741523524052,7981200,2
45.8732198444443,17.284115722664,7992000,2
48.1115251454425,18.7940790929228,8002800,2
50.3498304464407,20.3040424631817,8013600,2
52.5881357474389,21.8140058334405,8024400,2
54.8264410484371,23.3239692036993,8035200,2
57.0647463494353,24.8339325739581,8046000,2
59.3030516504335,26.343895944217,8056800,2
61.5413569514317,27.8538593144758,8067600,2
63.7796622524299,29.3638226847346,8078400,2
66.0179675534281,30.8737860549935,8089200,2
68.2562728544263,32.3837494252523,8100000,2
70.4945781554244,33.8937127955111,8110800,2
72.7328834564226,35.4036761657699,8121600,2
74.9711887574208,36.9136395360288,8132400,2
77.209494058419,38.4236029062876,8143200,2
74.5113499455753,38.523694595888,8154000,2
71.8132058327317,38.6237862854884,8164800,2
69.115061719888,38.7238779750889,8175600,2
66.4169176070444,38.8239696646893,8186400,2
63.7187734942007,38.9240613542897,8197200,2
61.020629381357,39.0241530438902,8208000,2
58.3224852685134,39.1242447334906,8218800,2
55.6243411556697,39.224336423091,8229600,2
52.926197042826,39.3244281126915,8240400,2
50.2280529299824,39.4245198022919,8251200,2
47.5299088171387,39.5246114918923,8262000,2
44.831764704295,39.6247031814927,8272800,2
42.1336205914514,39.7247948710932,8283600,2
39.4354764786077,39.8248865606936,8294400,2
36.737332365764,39.924978250294,8305200,2
34.0391882529204,40.0250699398945,8316000,2
31.3410441400767,40.1251616294949,8326800,2
28.642900027233,40.2252533190953,8337600,2
25.9447559143894,40.3253450086958,8348400,2
23.2466118015457,40.4254366982962,8359200,2
22.0400502746233,38.0100259088546,8370000,2
20.8334887477009,35.5946151194131,8380800,2
19.6269272207784,33.1792043299715,8391600,2
18.420365693856,30.76379354053,8402400,2
17.2138041669336,28.3483827510884,8413200,2
16.0072426400112,25.9329719616469,8424000,2
14.8006811130888,23.5175611722054,8434800,2
13.5941195861663,21.1021503827638,8445600,2
12.3875580592439,18.6867395933223,8456400,2
11.1809965323215,16.2713288038807,8467200,2
9.97443500539908,13.8559180144392,8478000,2
11.9118536339927,15.7364522623534,8488800,2
13.8492722625864,17.6169865102676,8499600,2
15.7866908911801,19.4975207581818,8510400,2
17.7241095197737,21.378055006096,8521200,2
19.6615281483674,23.2585892540102,8532000,2
21.598946776961,25.1391235019244,8542800,2
23.5363654055547,27.0196577498386,8553600,2
25.4737840341483,28.9001919977529,8564400,2
27.411202662742,30.7807262456671,8575200,2
29.3486212913357,32.6612604935813,8586000,2
31.2860399199293,34.5417947414955,8596800,2
33.223458548523,36.4223289894097,8607600,2
35.1608771771166,38.3028632373239,8618400,2
37.0982958057103,40.1833974852381,8629200,2
39.0357144343039,42.0639317331523,8640000,2
50,50,0,3
50.4546883241715,47.3385608164262,10800,3
50.909376648343,44.6771216328523,21600,3
51.3640649725145,42.0156824492785,32400,3
51.818753296686,39.3542432657047,43200,3
52.2734416208575,36.6928040821309,54000,3
52.728129945029,34.031364898557,64800,3
53.1828182692004,31.3699257149832,75600,3
53.6375065933719,28.7084865314094,86400,3
54.0921949175434,26.0470473478356,97200,3
54.5468832417149,23.3856081642617,108000,3
55.0015715658864,20.7241689806879,118800,3
55.4562598900579,18.0627297971141,129600,3
55.9109482142294,15.4012906135402,140400,3
56.3656365384009,12.7398514299664,151200,3
56.8203248625724,10.0784122463926,162000,3
57.2750131867439,7.41697306281876,172800,3
57.7297015109154,4.75553387924493,183600,3
55.7150399016673,6.55307069395055,194400,3
53.7003782924192,8.35060750865616,205200,3
51.6857166831712,10.1481443233618,216000,3
49.6710550739231,11.9456811380674,226800,3
47.6563934646751,13.743217952773,237600,3
45.641731855427,15.5407547674786,248400,3
43.6270702461789,17.3382915821842,259200,3
41.6124086369309,19.1358283968898,270000,3
39.5977470276828,20.9333652115955,280800,3
37.5830854184347,22.7309020263011,291600,3
35.5684238091867,24.5284388410067,302400,3
33.5537621999386,26.3259756557123,313200,3
31.5391005906906,28.1235124704179,324000,3
29.5244389814425,29.9210492851235,334800,3
27.5097773721944,31.7185860998291,345600,3
25.4951157629464,33.5161229145348,356400,3
23.4804541536983,35.3136597292404,367200,3
25.8201364129074,33.9661112418225,378000,3
28.1598186721165,32.6185627544046,388800,3
30.4995009313256,31.2710142669867,399600,3
32.8391831905347,29.9234657795689,410400,3
35.1788654497438,28.575917292151,421200,3
37.5185477089529,27.2283688047331,432000,3
39.858229968162,25.8808203173152,442800,3
42.1979122273711,24.5332718298973,453600,3
44.5375944865802,23.1857233424795,464400,3
46.8772767457893,21.8381748550616,475200,3
49.2169590049984,20.4906263676437,486000,3
51.5566412642075,19.1430778802258,496800,3
53.8963235234166,17.7955293928079,507600,3
56.2360057826257,16.4479809053901,518400,3
58.5756880418348,15.1004324179722,529200,3
60.9153703010439,13.7528839305543,540000,3
63.2550525602529,12.4053354431364,550800,3
65.594734819462,11.0577869557185,561600,3
67.9344170786711,9.71023846830065,572400,3
70.2740993378802,8.36268998088277,583200,3
72.6137815970893,7.01514149346489,594000,3
74.9534638562984,5.66759300604701,604800,3
77.2931461155075,4.32004451862913,615600,3
79.6328283747166,2.97249603121125,626400,3
81.9725106339257,1.62494754379337,637200,3
79.3232512753511,2.14593204548667,648000,3
76.6739919167764,2.66691654717997,658800,3
74.0247325582018,3.18790104887327,669600,3
71.3754731996271,3.70888555056657,680400,3
68.7262138410525,4.22987005225987,691200,3
66.0769544824778,4.75085455395317,702000,3
63.4276951239031,5.27183905564647,712800,3
60.7784357653285,5.79282355733977,723600,3
58.1291764067538,6.31380805903307,734400,3
55.4799170481792,6.83479256072637,745200,3
52.8306576896045,7.35577706241967,756000,3
50.1813983310299,7.87676156411297,766800,3
47.5321389724552,8.39774606580627,777600,3
44.8828796138806,8.91873056749957,788400,3
42.2336202553059,9.43971506919287,799200,3
39.5843608967313,9.96069957088617,810000,3
36.9351015381566,10.4816840725795,820800,3
34.285842179582,11.0026685742728,831600,3
31.6365828210073,11.5236530759661,842400,3
28.9873234624327,12.0446375776594,853200,3
26.338064103858,12.5656220793527,864000,3
23.6888047452833,13.086606581046,874800,3
21.0395453867087,13.6075910827393,885600,3
18.390286028134,14.1285755844326,896400,3
15.7410266695594,14.6495600861259,907200,3
13.0917673109847,15.1705445878192,918000,3
10.4425079524101,15.6915290895125,928800,3
7.79324859383542,16.2125135912058,939600,3
5.14398923526077,16.7334980928991,950400,3
7.10706243154311,18.5872358375754,961200,3
9.07013562782545,20.4409735822518,972000,3
11.0332088241078,22.2947113269282,982800,3
12.9962820203901,24.1484490716045,993600,3
14.9593552166725,26.0021868162809,1004400,3
16.9224284129548,27.8559245609573,1015200,3
18.8855016092372,29.7096623056337,1026000,3
20.8485748055195,31.56340005031,1036800,3
22.8116480018018,33.4171377949864,1047600,3
24.7747211980842,35.2708755396628,1058400,3
26.7377943943665,37.1246132843391,1069200,3
28.7008675906489,38.9783510290155,1080000,3
30.6639407869312,40.8320887736919,1090800,3
32.6270139832135,42.6858265183683,1101600,3
34.5900871794959,44.5395642630446,1112400,3
36.5531603757782,46.393302007721,1123200,3
38.5162335720605,48.2470397523974,1134000,3
40.4793067683429,50.1007774970737,1144800,3
42.4423799646252,51.9545152417501,1155600,3
44.4054531609076,53.8082529864265,1166400,3
46.3685263571899,55.6619907311029,1177200,3
48.3315995534723,57.5157284757792,1188000,3
50.2946727497546,59.3694662204556,1198800,3
52.2577459460369,61.223203965132,1209600,3
54.2208191423193,63.0769417098083,1220400,3
56.1838923386016,64.9306794544847,1231200,3
58.1469655348839,66.7844171991611,1242000,3
60.1100387311663,68.6381549438374,1252800,3
62.0731119274486,70.4918926885138,1263600,3
64.036185123731,72.3456304331902,1274400,3
64.1093132130676,69.6466209329198,1285200,3
64.1824413024043,66.9476114326494,1296000,3
64.2555693917409,64.2486019323789,1306800,3
64.3286974810776,61.5495924321085,1317600,3
64.4018255704143,58.8505829318381,1328400,3
64.4749536597509,56.1515734315677,1339200,3
64.5480817490876,53.4525639312973,1350000,3
64.6212098384242,50.7535544310268,1360800,3
64.6943379277609,48.0545449307564,1371600,3
64.7674660170976,45.355535430486,1382400,3
63.3116552346109,43.0816368035469,1393200,3
61.8558444521243,40.8077381766077,1404000,3
60.4000336696377,38.5338395496686,1414800,3
58.9442228871511,36.2599409227294,1425600,3
57.4884121046645,33.9860422957903,1436400,3
56.0326013221779,31.7121436688512,1447200,3
54.5767905396913,29.438245041912,1458000,3
56.9624510777433,28.1738780867992,1468800,3
59.3481116157953,26.9095111316863,1479600,3
61.7337721538473,25.6451441765734,1490400,3
64.1194326918993,24.3807772214606,1501200,3
66.5050932299513,23.1164102663477,1512000,3
68.8907537680033,21.8520433112348,1522800,3
71.2764143060553,20.587676356122,1533600,3
73.6620748441074,19.3233094010091,1544400,3
71.0120105113285,18.8064351105543,1555200,3
68.3619461785496,18.2895608200994,1566000,3
66.7962103210414,20.4892133436842,1576800,3
65.2304744635333,22.6888658672691,1587600,3
63.6647386060251,24.8885183908539,1598400,3
62.0990027485169,27.0881709144387,1609200,3
60.5332668910088,29.2878234380236,1620000,3
58.9675310335006,31.4874759616084,1630800,3
57.4017951759924,33.6871284851933,1641600,3
55.8360593184843,35.8867810087781,1652400,3
54.2703234609761,38.0864335323629,1663200,3
52.7045876034679,40.2860860559478,1674000,3
51.1388517459597,42.4857385795326,1684800,3
49.5731158884516,44.6853911031175,1695600,3
48.0073800309434,46.8850436267023,1706400,3
46.4416441734352,49.0846961502872,1717200,3
44.8759083159271,51.284348673872,1728000,3
43.3101724584189,53.4840011974568,1738800,3
41.7444366009107,55.6836537210417,1749600,3
40.1787007434026,57.8833062446265,1760400,3
38.6129648858944,60.0829587682114,1771200,3
37.0472290283862,62.2826112917962,1782000,3
38.6760685947001,60.1292693154231,1792800,3
40.3049081610141,57.9759273390501,1803600,3
41.933747727328,55.822585362677,1814400,3
43.5625872936419,53.6692433863039,1825200,3
45.1914268599558,51.5159014099308,1836000,3
46.8202664262697,49.3625594335578,1846800,3
48.4491059925837,47.2092174571847,1857600,3
50.0779455588976,45.0558754808116,1868400,3
51.7067851252115,42.9025335044386,1879200,3
53.3356246915254,40.7491915280655,1890000,3
54.9644642578393,38.5958495516924,1900800,3
56.5933038241532,36.4425075753193,1911600,3
58.2221433904672,34.2891655989463,1922400,3
59.8509829567811,32.1358236225732,1933200,3
61.479822523095,29.9824816462001,1944000,3
63.1086620894089,27.8291396698271,1954800,3
64.7375016557228,25.675797693454,1965600,3
66.3663412220368,23.5224557170809,1976400,3
67.9951807883507,21.3691137407078,1987200,3
69.6240203546646,19.2157717643348,1998000,3
71.2528599209785,17.0624297879617,2008800,3
72.8816994872924,14.9090878115886,2019600,3
74.5105390536064,12.7557458352156,2030400,3
76.1393786199203,10.6024038588425,2041200,3
77.7682181862342,8.44906188246942,2052000,3
78.3470163914487,11.0862938854681,2062800,3
78.9258145966633,13.7235258884668,2073600,3
79.5046128018779,16.3607578914654,2084400,3
80.0834110070925,18.9979898944641,2095200,3
80.662209212307,21.6352218974628,2106000,3
81.2410074175216,24.2724539004615,2116800,3
81.8198056227362,26.9096859034601,2127600,3
82.3986038279507,29.5469179064588,2138400,3
82.9774020331653,32.1841499094575,2149200,3
83.5562002383799,34.8213819124561,2160000,3
84.1349984435945,37.4586139154548,2170800,3
84.713796648809,40.0958459184535,2181600,3
85.2925948540236,42.7330779214522,2192400,3
85.8713930592382,45.3703099244508,2203200,3
86.4501912644527,48.0075419274495,2214000,3
87.0289894696673,50.6447739304482,2224800,3
87.6077876748819,53.2820059334469,2235600,3
88.1865858800964,55.9192379364455,2246400,3
88.765384085311,58.5564699394442,2257200,3
89.3441822905256,61.1937019424429,2268000,3
89.9229804957401,63.8309339454416,2278800,3
90.5017787009547,66.4681659484402,2289600,3
91.0805769061693,69.1053979514389,2300400,3
91.6593751113839,71.7426299544376,2311200,3
92.2381733165984,74.3798619574362,2322000,3
92.816971521813,77.0170939604349,2332800,3
90.6646702048794,75.3868795447442,2343600,3
88.5123688879458,73.7566651290534,2354400,3
86.3600675710123,72.1264507133627,2365200,3
84.2077662540786,70.4962362976719,2376000,3
82.0554649371451,68.8660218819811,2386800,3
79.9031636202115,67.2358074662904,2397600,3
77.7508623032779,65.6055930505996,2408400,3
75.5985609863443,63.9753786349089,2419200,3
73.4462596694107,62.3451642192181,2430000,3
71.2939583524771,60.7149498035274,2440800,3
69.1416570355436,59.0847353878366,2451600,3
66.98935571861,57.4545209721459,2462400,3
64.8370544016764,55.8243065564551,2473200,3
62.6847530847428,54.1940921407643,2484000,3
60.5324517678092,52.5638777250736,2494800,3
58.3801504508756,50.9336633093828,2505600,3
56.227849133942,49.3034488936921,2516400,3
54.0755478170084,47.6732344780013,2527200,3
51.9232465000749,46.0430200623106,2538000,3
49.7709451831413,44.4128056466198,2548800,3
47.6186438662077,42.7825912309291,2559600,3
46.9834653586835,40.1583678670403,2570400,3
46.3482868511594,37.5341445031516,2581200,3
45.7131083436353,34.9099211392629,2592000,3
45.0779298361111,32.2856977753742,2602800,3
44.442751328587,29.6614744114855,2613600,3
45.2167520183041,32.2481562497326,2624400,3
45.9907527080212,34.8348380879797,2635200,3
46.7647533977383,37.4215199262268,2646000,3
47.5387540874554,40.0082017644739,2656800,3
48.3127547771724,42.5948836027211,2667600,3
49.0867554668895,45.1815654409682,2678400,3
49.8607561566066,47.7682472792153,2689200,3
50.6347568463237,50.3549291174624,2700000,3
52.6062224108129,52.1997390068638,2710800,3
54.5776879753022,54.0445488962652,2721600,3
56.5491535397914,55.8893587856666,2732400,3
58.5206191042806,57.734168675068,2743200,3
60.4920846687698,59.5789785644694,2754000,3
62.4635502332591,61.4237884538708,2764800,3
64.4350157977483,63.2685983432722,2775600,3
66.4064813622375,65.1134082326735,2786400,3
68.3779469267267,66.9582181220749,2797200,3
70.349412491216,68.8030280114763,2808000,3
72.3208780557052,70.6478379008777,2818800,3
74.2923436201944,72.4926477902791,2829600,3
76.2638091846837,74.3374576796805,2840400,3
78.2352747491729,76.1822675690819,2851200,3
80.2067403136621,78.0270774584833,2862000,3
82.1782058781513,79.8718873478847,2872800,3
81.1275574886139,77.3846925502135,2883600,3
80.0769090990765,74.8974977525424,2894400,3
79.0262607095391,72.4103029548712,2905200,3
77.9756123200017,69.9231081572001,2916000,3
76.9249639304643,67.4359133595289,2926800,3
75.8743155409269,64.9487185618577,2937600,3
74.8236671513895,62.4615237641866,2948400,3
73.7730187618521,59.9743289665154,2959200,3
72.7223703723147,57.4871341688443,2970000,3
71.6717219827774,54.9999393711731,2980800,3
70.6210735932399,52.512744573502,2991600,3
69.5704252037025,50.0255497758308,3002400,3
68.5197768141651,47.5383549781596,3013200,3
67.4691284246278,45.0511601804885,3024000,3
66.4184800350904,42.5639653828173,3034800,3
65.367831645553,40.0767705851462,3045600,3
64.3171832560156,37.589575787475,3056400,3
66.2925036207435,39.4302575787391,3067200,3
68.2678239854715,41.2709393700031,3078000,3
70.2431443501994,43.1116211612672,3088800,3
72.2184647149273,44.9523029525313,3099600,3
74.1937850796553,46.7929847437953,3110400,3
76.1691054443832,48.6336665350594,3121200,3
78.1444258091111,50.4743483263234,3132000,3
80.1197461738391,52.3150301175875,3142800,3
82.095066538567,54.1557119088516,3153600,3
80.0329788213217,55.8986388282564,3164400,3
77.9708911040764,57.6415657476612,3175200,3
75.908803386831,59.384492667066,3186000,3
73.8467156695857,61.1274195864708,3196800,3
71.7846279523404,62.8703465058756,3207600,3
69.7225402350951,64.6132734252805,3218400,3
67.6604525178497,66.3562003446853,3229200,3
65.5983648006044,68.0991272640901,3240000,3
63.5362770833591,69.8420541834949,3250800,3
61.4741893661138,71.5849811028997,3261600,3
59.4121016488684,73.3279080223045,3272400,3
57.3500139316231,75.0708349417094,3283200,3
55.2879262143778,76.8137618611142,3294000,3
53.2258384971325,78.556688780519,3304800,3
51.1637507798871,80.2996156999238,3315600,3
49.1016630626418,82.0425426193286,3326400,3
47.0395753453965,83.7854695387335,3337200,3
44.9774876281512,85.5283964581383,3348000,3
42.9153999109058,87.2713233775431,3358800,3
40.8533121936605,89.0142502969479,3369600,3
38.7912244764152,90.7571772163527,3380400,3
36.7291367591699,92.5001041357575,3391200,3
34.6670490419245,94.2430310551623,3402000,3
36.8362213501369,92.6353334787244,3412800,3
39.0053936583493,91.0276359022864,3423600,3
41.1745659665618,89.4199383258485,3434400,3
43.3437382747742,87.8122407494106,3445200,3
45.5129105829866,86.2045431729726,3456000,3
47.682082891199,84.5968455965347,3466800,3
49.8512551994114,82.9891480200967,3477600,3
52.0204275076238,81.3814504436588,3488400,3
54.1895998158362,79.7737528672208,3499200,3
56.3587721240486,78.1660552907829,3510000,3
58.5279444322611,76.558357714345,3520800,3
60.6971167404735,74.950660137907,3531600,3
62.8662890486859,73.3429625614691,3542400,3
65.0354613568983,71.7352649850311,3553200,3
67.2046336651107,70.1275674085932,3564000,3
69.3738059733231,68.5198698321552,3574800,3
71.5429782815355,66.9121722557173,3585600,3
73.7121505897479,65.3044746792793,3596400,3
75.8813228979603,63.6967771028414,3607200,3
78.0504952061728,62.0890795264034,3618000,3
80.2196675143852,60.4813819499655,3628800,3
82.3888398225976,58.8736843735276,3639600,3
84.55801213081,57.2659867970896,3650400,3
86.7271844390224,55.6582892206517,3661200,3
84.0478489773531,55.991698104519,3672000,3
81.3685135156839,56.3251069883863,3682800,3
78.6891780540147,56.6585158722537,3693600,3
76.0098425923454,56.991924756121,3704400,3
73.3305071306762,57.3253336399884,3715200,3
70.6511716690069,57.6587425238557,3726000,3
67.9718362073377,57.992151407723,3736800,3
65.2925007456684,58.3255602915904,3747600,3
62.6131652839992,58.6589691754577,3758400,3
60.3825447565039,57.1376762837644,3769200,3
58.1519242290086,55.6163833920711,3780000,3
55.9213037015133,54.0950905003778,3790800,3
53.690683174018,52.5737976086845,3801600,3
51.4600626465227,51.0525047169911,3812400,3
49.2294421190274,49.5312118252978,3823200,3
46.9988215915321,48.0099189336045,3834000,3
44.7682010640368,46.4886260419112,3844800,3
42.5375805365415,44.9673331502179,3855600,3
40.3069600090463,43.4460402585246,3866400,3
38.076339481551,41.9247473668312,3877200,3
35.8457189540557,40.4034544751379,3888000,3
33.6150984265604,38.8821615834446,3898800,3
31.3844778990651,37.3608686917513,3909600,3
29.1538573715698,35.839575800058,3920400,3
26.9232368440745,34.3182829083647,3931200,3
24.6926163165792,32.7969900166714,3942000,3
22.4619957890839,31.275697124978,3952800,3
20.2313752615886,29.7544042332847,3963600,3
22.8509813392,29.1004439912657,3974400,3
25.4705874168113,28.4464837492466,3985200,3
28.0901934944227,27.7925235072276,3996000,3
30.709799572034,27.1385632652085,4006800,3
33.3294056496454,26.4846030231895,4017600,3
35.9490117272568,25.8306427811704,4028400,3
38.5686178048681,25.1766825391513,4039200,3
41.1882238824795,24.5227222971323,4050000,3
43.8078299600908,23.8687620551132,4060800,3
46.4274360377022,23.2148018130942,4071600,3
49.1144667790419,22.9504804270969,4082400,3
51.8014975203816,22.6861590410996,4093200,3
54.4885282617212,22.4218376551024,4104000,3
57.1755590030609,22.1575162691051,4114800,3
59.8625897444006,21.8931948831078,4125600,3
62.5496204857403,21.6288734971105,4136400,3
65.23665122708,21.3645521111133,4147200,3
67.9236819684197,21.100230725116,4158000,3
70.6107127097593,20.8359093391187,4168800,3
73.297743451099,20.5715879531215,4179600,3
75.9847741924387,20.3072665671242,4190400,3
78.6718049337784,20.0429451811269,4201200,3
81.3588356751181,19.7786237951296,4212000,3
84.0458664164578,19.5143024091324,4222800,3
81.3479982198134,19.4070308213977,4233600,3
78.6501300231691,19.2997592336631,4244400,3
75.9522618265248,19.1924876459285,4255200,3
73.2543936298805,19.0852160581939,4266000,3
70.5565254332361,18.9779444704592,4276800,3
67.8586572365918,18.8706728827246,4287600,3
65.1607890399475,18.76340129499,4298400,3
62.4629208433032,18.6561297072554,4309200,3
59.7650526466588,18.5488581195208,4320000,3
57.0671844500145,18.4415865317861,4330800,3
54.3693162533702,18.3343149440515,4341600,3
51.6714480567259,18.2270433563169,4352400,3
48.9735798600815,18.1197717685823,4363200,3
46.2757116634372,18.0125001808476,4374000,3
43.5778434667929,17.905228593113,4384800,3
40.8799752701486,17.7979570053784,4395600,3
38.1821070735043,17.6906854176438,4406400,3
35.4842388768599,17.5834138299091,4417200,3
32.7863706802156,17.4761422421745,4428000,3
30.0885024835713,17.3688706544399,4438800,3
27.390634286927,17.2615990667053,4449600,3
24.6927660902826,17.1543274789707,4460400,3
21.9948978936383,17.047055891236,4471200,3
22.0734059813145,19.7459142573178,4482000,3
22.1519140689908,22.4447726233995,4492800,3
22.230422156667,25.1436309894813,4503600,3
22.3089302443432,27.842489355563,4514400,3
22.3874383320194,30.5413477216448,4525200,3
22.4659464196956,33.2402060877265,4536000,3
22.5444545073718,35.9390644538082,4546800,3
22.6229625950481,38.63792281989,4557600,3
22.7014706827243,41.3367811859717,4568400,3
22.7799787704005,44.0356395520535,4579200,3
23.2388484964731,46.6963609907791,4590000,3
23.6977182225458,49.3570824295047,4600800,3
24.1565879486184,52.0178038682303,4611600,3
24.615457674691,54.6785253069559,4622400,3
25.0743274007637,57.3392467456815,4633200,3
25.5331971268363,59.9999681844071,4644000,3
25.992066852909,62.6606896231327,4654800,3
26.4509365789816,65.3214110618583,4665600,3
26.9098063050542,67.9821325005839,4676400,3
27.3686760311269,70.6428539393095,4687200,3
27.8275457571995,73.303575378035,4698000,3
28.2864154832722,75.9642968167607,4708800,3
28.7452852093448,78.6250182554863,4719600,3
29.2041549354174,81.2857396942119,4730400,3
29.6630246614901,83.9464611329375,4741200,3
30.1218943875627,86.6071825716631,4752000,3
30.5807641136353,89.2679040103886,4762800,3
31.039633839708,91.9286254491143,4773600,3
31.4743280644503,89.2638476101611,4784400,3
31.9090222891925,86.599069771208,4795200,3
32.3437165139348,83.9342919322549,4806000,3
32.7784107386771,81.2695140933017,4816800,3
33.2131049634194,78.6047362543486,4827600,3
33.6477991881616,75.9399584153955,4838400,3
34.0824934129039,73.2751805764423,4849200,3
34.5171876376462,70.6104027374892,4860000,3
34.9518818623885,67.9456248985361,4870800,3
35.3865760871308,65.280847059583,4881600,3
35.821270311873,62.6160692206298,4892400,3
36.2559645366153,59.9512913816767,4903200,3
36.6906587613576,57.2865135427236,4914000,3
37.1253529860999,54.6217357037704,4924800,3
37.5600472108421,51.9569578648173,4935600,3
37.9947414355844,49.2921800258642,4946400,3
38.4294356603267,46.627402186911,4957200,3
38.864129885069,43.9626243479579,4968000,3
39.2988241098113,41.2978465090048,4978800,3
39.7335183345535,38.6330686700517,4989600,3
40.1682125592958,35.9682908310985,5000400,3
40.6029067840381,33.3035129921454,5011200,3
41.0376010087804,30.6387351531923,5022000,3
41.4722952335226,27.9739573142391,5032800,3
41.9069894582649,25.309179475286,5043600,3
42.3416836830072,22.6444016363329,5054400,3
42.7763779077495,19.9796237973798,5065200,3
43.2110721324918,17.3148459584266,5076000,3
44.5763768205229,19.6442113460033,5086800,3
45.9416815085541,21.9735767335799,5097600,3
47.3069861965853,24.3029421211566,5108400,3
48.6722908846165,26.6323075087332,5119200,3
50.0375955726476,28.9616728963099,5130000,3
51.4029002606788,31.2910382838865,5140800,3
52.76820494871,33.6204036714631,5151600,3
54.1335096367411,35.9497690590398,5162400,3
55.4988143247723,38.2791344466164,5173200,3
56.8641190128035,40.6084998341931,5184000,3
58.2294237008347,42.9378652217697,5194800,3
59.5947283888658,45.2672306093464,5205600,3
60.960033076897,47.596595996923,5216400,3
62.3253377649282,49.9259613844997,5227200,3
63.6906424529594,52.2553267720763,5238000,3
65.0559471409905,54.584692159653,5248800,3
66.4212518290217,56.9140575472296,5259600,3
67.7865565170529,59.2434229348062,5270400,3
69.1518612050841,61.5727883223829,5281200,3
70.5171658931152,63.9021537099595,5292000,3
71.8824705811464,66.2315190975362,5302800,3
73.2477752691776,68.5608844851128,5313600,3
74.6130799572088,70.8902498726895,5324400,3
75.9783846452399,73.2196152602661,5335200,3
77.3436893332711,75.5489806478428,5346000,3
78.7089940213023,77.8783460354194,5356800,3
80.0742987093335,80.2077114229961,5367600,3
81.4396033973646,82.5370768105727,5378400,3
82.8049080853958,84.8664421981494,5389200,3
84.170212773427,87.195807585726,5400000,3
85.5355174614582,89.5251729733026,5410800,3
86.9008221494893,91.8545383608793,5421600,3
88.2661268375205,94.1839037484559,5432400,3
89.6314315255517,96.5132691360326,5443200,3
90.9967362135829,98.8426345236092,5454000,3
89.7193974705403,96.4638941562042,5464800,3
88.4420587274977,94.0851537887991,5475600,3
87.1647199844551,91.706413421394,5486400,3
85.8873812414125,89.327673053989,5497200,3
84.6100424983699,86.9489326865839,5508000,3
83.3327037553274,84.5701923191788,5518800,3
82.0553650122848,82.1914519517737,5529600,3
80.7780262692422,79.8127115843687,5540400,3
79.5006875261996,77.4339712169636,5551200,3
78.223348783157,75.0552308495585,5562000,3
76.9460100401145,72.6764904821535,5572800,3
75.6686712970719,70.2977501147484,5583600,3
74.3913325540293,67.9190097473434,5594400,3
73.1139938109867,65.5402693799383,5605200,3
71.8366550679441,63.1615290125332,5616000,3
70.5593163249015,60.7827886451281,5626800,3
69.281977581859,58.4040482777231,5637600,3
68.0046388388164,56.025307910318,5648400,3
66.7273000957738,53.6465675429129,5659200,3
65.4499613527312,51.2678271755079,5670000,3
64.1726226096886,48.8890868081028,5680800,3
62.895283866646,46.5103464406977,5691600,3
61.6179451236035,44.1316060732927,5702400,3
60.3406063805609,41.7528657058876,5713200,3
59.0632676375183,39.3741253384825,5724000,3
57.7859288944757,36.9953849710775,5734800,3
56.5085901514331,34.6166446036724,5745600,3
55.2312514083905,32.2379042362673,5756400,3
53.953912665348,29.8591638688623,5767200,3
52.6765739223054,27.4804235014572,5778000,3
51.3992351792628,25.1016831340521,5788800,3
50.1218964362202,22.7229427666471,5799600,3
48.8445576931776,20.344202399242,5810400,3
47.5672189501351,17.9654620318369,5821200,3
46.2898802070925,15.5867216644319,5832000,3
45.0125414640499,13.2079812970268,5842800,3
43.7352027210073,10.8292409296217,5853600,3
42.3515675024792,13.1477649389968,5864400,3
40.9679322839511,15.4662889483719,5875200,3
39.584297065423,17.784812957747,5886000,3
38.2006618468949,20.103336967122,5896800,3
36.8170266283667,22.4218609764971,5907600,3
35.4333914098386,24.7403849858722,5918400,3
34.0497561913105,27.0589089952472,5929200,3
32.6661209727824,29.3774330046223,5940000,3
31.2824857542543,31.6959570139974,5950800,3
29.8988505357262,34.0144810233725,5961600,3
28.5152153171981,36.3330050327475,5972400,3
27.1315800986699,38.6515290421226,5983200,3
25.7479448801418,40.9700530514977,5994000,3
28.2219222390042,39.8886483965067,6004800,3
30.6958995978666,38.8072437415157,6015600,3
33.169876956729,37.7258390865247,6026400,3
35.6438543155914,36.6444344315336,6037200,3
38.1178316744538,35.5630297765426,6048000,3
40.5918090333162,34.4816251215516,6058800,3
43.0657863921787,33.4002204665606,6069600,3
45.5397637510411,32.3188158115696,6080400,3
48.0137411099034,31.2374111565786,6091200,3
50.4877184687659,30.1560065015876,6102000,3
52.9616958276283,29.0746018465966,6112800,3
55.4356731864907,27.9931971916056,6123600,3
57.9096505453531,26.9117925366146,6134400,3
60.3836279042155,25.8303878816236,6145200,3
60.3777070935126,28.5303813897641,6156000,3
60.3717862828098,31.2303748979045,6166800,3
60.3658654721069,33.930368406045,6177600,3
60.3599446614041,36.6303619141854,6188400,3
60.3540238507012,39.3303554223259,6199200,3
60.3481030399983,42.0303489304664,6210000,3
60.3421822292955,44.7303424386068,6220800,3
60.3362614185926,47.4303359467473,6231600,3
60.3303406078898,50.1303294548877,6242400,3
60.3244197971869,52.8303229630282,6253200,3
60.3184989864841,55.5303164711687,6264000,3
60.3125781757812,58.2303099793091,6274800,3
60.3066573650784,60.9303034874496,6285600,3
60.3007365543755,63.63029699559,6296400,3
60.2948157436727,66.3302905037305,6307200,3
60.2888949329698,69.030284011871,6318000,3
60.282974122267,71.7302775200114,6328800,3
58.8352010275494,69.4512529334367,6339600,3
57.3874279328318,67.172228346862,6350400,3
55.9396548381143,64.8932037602874,6361200,3
54.4918817433967,62.6141791737127,6372000,3
53.0441086486791,60.335154587138,6382800,3
51.5963355539616,58.0561300005633,6393600,3
50.148562459244,55.7771054139886,6404400,3
48.7007893645264,53.4980808274139,6415200,3
47.2530162698089,51.2190562408392,6426000,3
45.8052431750913,48.9400316542646,6436800,3
44.3574700803737,46.6610070676899,6447600,3
42.9096969856562,44.3819824811152,6458400,3
41.4619238909386,42.1029578945405,6469200,3
40.014150796221,39.8239333079658,6480000,3
38.5663777015035,37.5449087213911,6490800,3
37.1186046067859,35.2658841348165,6501600,3
35.6708315120683,32.9868595482418,6512400,3
34.2230584173507,30.7078349616671,6523200,3
32.7752853226332,28.4288103750924,6534000,3
31.3275122279156,26.1497857885177,6544800,3
29.879739133198,23.870761201943,6555600,3
28.4319660384805,21.5917366153683,6566400,3
26.9841929437629,19.3127120287936,6577200,3
25.5364198490453,17.033687442219,6588000,3
24.0886467543278,14.7546628556443,6598800,3
22.6408736596102,12.4756382690696,6609600,3
23.5602707331772,15.0142814147512,6620400,3
24.4796678067442,17.5529245604329,6631200,3
25.3990648803113,20.0915677061145,6642000,3
26.3184619538783,22.6302108517962,6652800,3
27.2378590274453,25.1688539974778,6663600,3
28.1572561010123,27.7074971431595,6674400,3
29.0766531745793,30.2461402888411,6685200,3
29.9960502481464,32.7847834345228,6696000,3
31.5294405288535,35.0071052489846,6706800,3
33.0628308095606,37.2294270634465,6717600,3
34.5962210902677,39.4517488779083,6728400,3
36.1296113709748,41.6740706923701,6739200,3
37.6630016516819,43.896392506832,6750000,3
39.196391932389,46.1187143212938,6760800,3
40.7297822130961,48.3410361357557,6771600,3
42.2631724938032,50.5633579502175,6782400,3
40.0733484743323,48.9839052716772,6793200,3
37.8835244548614,47.4044525931369,6804000,3
35.6937004353904,45.8249999145965,6814800,3
33.5038764159195,44.2455472360562,6825600,3
31.3140523964486,42.6660945575159,6836400,3
29.1242283769777,41.0866418789756,6847200,3
26.9344043575067,39.5071892004352,6858000,3
24.7445803380358,37.9277365218949,6868800,3
22.5547563185649,36.3482838433546,6879600,3
20.364932299094,34.7688311648143,6890400,3
18.175108279623,33.189378486274,6901200,3
15.9852842601521,31.6099258077336,6912000,3
13.7954602406812,30.0304731291933,6922800,3
11.6056362212103,28.451020450653,6933600,3
9.41581220173933,26.8715677721127,6944400,3
11.9730187124083,26.0051412825636,6955200,3
14.5302252230772,25.1387147930145,6966000,3
17.0874317337462,24.2722883034654,6976800,3
19.6446382444151,23.4058618139163,6987600,3
22.2018447550841,22.5394353243672,6998400,3
24.759051265753,21.6730088348181,7009200,3
27.3162577764219,20.806582345269,7020000,3
29.8734642870909,19.9401558557199,7030800,3
32.4306707977598,19.0737293661708,7041600,3
34.9878773084288,18.2073028766218,7052400,3
37.5450838190977,17.3408763870727,7063200,3
40.1022903297667,16.4744498975236,7074000,3
42.6594968404356,15.6080234079745,7084800,3
45.2167033511046,14.7415969184254,7095600,3
47.7739098617735,13.8751704288763,7106400,3
50.3311163724425,13.0087439393272,7117200,3
52.8883228831114,12.1423174497781,7128000,3
55.4455293937803,11.275890960229,7138800,3
58.0027359044493,10.4094644706799,7149600,3
60.5599424151182,9.54303798113085,7160400,3
63.1171489257872,8.67661149158176,7171200,3
65.6743554364561,7.81018500203267,7182000,3
68.2315619471251,6.94375851248358,7192800,3
70.788768457794,6.07733202293449,7203600,3
73.345974968463,5.2109055333854,7214400,3
75.9031814791319,4.34447904383631,7225200,3
78.4603879898009,3.47805255428722,7236000,3
81.0175945004698,2.61162606473813,7246800,3
81.4662866267936,5.27408270772314,7257600,3
81.9149787531175,7.93653935070814,7268400,3
82.3636708794413,10.5989959936932,7279200,3
82.8123630057651,13.2614526366782,7290000,3
83.2610551320889,15.9239092796632,7300800,3
83.7097472584128,18.5863659226482,7311600,3
84.1584393847366,21.2488225656332,7322400,3
84.6071315110604,23.9112792086182,7333200,3
85.0558236373843,26.5737358516032,7344000,3
85.5045157637081,29.2361924945882,7354800,3
85.9532078900319,31.8986491375732,7365600,3
86.4019000163557,34.5611057805582,7376400,3
86.8505921426796,37.2235624235432,7387200,3
87.2992842690034,39.8860190665282,7398000,3
87.7479763953272,42.5484757095133,7408800,3
88.196668521651,45.2109323524983,7419600,3
88.6453606479749,47.8733889954833,7430400,3
89.0940527742987,50.5358456384683,7441200,3
89.5427449006225,53.1983022814533,7452000,3
89.9914370269464,55.8607589244383,7462800,3
90.4401291532702,58.5232155674233,7473600,3
90.888821279594,61.1856722104083,7484400,3
91.3375134059178,63.8481288533933,7495200,3
91.7862055322417,66.5105854963783,7506000,3
92.2348976585655,69.1730421393633,7516800,3
92.6835897848893,71.8354987823483,7527600,3
90.1113593752554,71.0147486865492,7538400,3
87.5391289656214,70.19399859075,7549200,3
84.9668985559875,69.3732484949509,7560000,3
82.3946681463535,68.5524983991517,7570800,3
79.8224377367196,67.7317483033525,7581600,3
77.2502073270856,66.9109982075534,7592400,3
74.6779769174517,66.0902481117542,7603200,3
72.1057465078177,65.269498015955,7614000,3
69.5335160981837,64.4487479201559,7624800,3
66.9612856885498,63.6279978243567,7635600,3
64.3890552789158,62.8072477285575,7646400,3
61.8168248692819,61.9864976327584,7657200,3
59.2445944596479,61.1657475369592,7668000,3
56.672364050014,60.3449974411601,7678800,3
54.10013364038,59.5242473453609,7689600,3
51.5279032307461,58.7034972495617,7700400,3
48.9556728211121,57.8827471537626,7711200,3
46.5173815912427,56.7231196798115,7722000,3
44.0790903613734,55.5634922058604,7732800,3
41.640799131504,54.4038647319094,7743600,3
39.2025079016346,53.2442372579583,7754400,3
36.7642166717652,52.0846097840073,7765200,3
34.3259254418959,50.9249823100562,7776000,3
31.8876342120265,49.7653548361052,7786800,3
29.4493429821571,48.6057273621541,7797600,3
27.0110517522877,47.4460998882031,7808400,3
24.5727605224184,46.286472414252,7819200,3
27.2544637510354,46.6002681975654,7830000,3
29.9361669796523,46.9140639808787,7840800,3
32.6178702082693,47.2278597641921,7851600,3
35.2995734368863,47.5416555475054,7862400,3
37.9812766655033,47.8554513308188,7873200,3
40.6629798941203,48.1692471141322,7884000,3
43.3446831227373,48.4830428974455,7894800,3
46.0263863513542,48.7968386807589,7905600,3
48.7080895799712,49.1106344640722,7916400,3
51.3897928085882,49.4244302473856,7927200,3
54.0714960372052,49.7382260306989,7938000,3
56.7531992658222,50.0520218140123,7948800,3
59.4349024944392,50.3658175973256,7959600,3
62.1166057230561,50.679613380639,7970400,3
64.7983089516731,50.9934091639524,7981200,3
67.4800121802901,51.3072049472657,7992000,3
70.1617154089071,51.6210007305791,8002800,3
72.8434186375241,51.9347965138924,8013600,3
75.5251218661411,52.2485922972058,8024400,3
78.2068250947581,52.5623880805191,8035200,3
80.888528323375,52.8761838638325,8046000,3
83.570231551992,53.1899796471459,8056800,3
86.251934780609,53.5037754304592,8067600,3
88.933638009226,53.8175712137726,8078400,3
91.615341237843,54.1313669970859,8089200,3
94.29704446646,54.4451627803993,8100000,3
96.9787476950769,54.7589585637126,8110800,3
94.7713128473329,53.2042137637646,8121600,3
92.5638779995889,51.6494689638166,8132400,3
90.3564431518449,50.0947241638686,8143200,3
88.1490083041009,48.5399793639206,8154000,3
85.9415734563569,46.9852345639726,8164800,3
83.7341386086129,45.4304897640246,8175600,3
81.5267037608688,43.8757449640766,8186400,3
79.3192689131248,42.3210001641286,8197200,3
77.1118340653808,40.7662553641806,8208000,3
74.9043992176368,39.2115105642326,8218800,3
72.6969643698928,37.6567657642846,8229600,3
70.4895295221488,36.1020209643366,8240400,3
68.2820946744048,34.5472761643886,8251200,3
66.0746598266607,32.9925313644406,8262000,3
63.8672249789167,31.4377865644926,8272800,3
61.6597901311727,29.8830417645446,8283600,3
59.4523552834287,28.3282969645966,8294400,3
57.2449204356847,26.7735521646486,8305200,3
55.0374855879407,25.2188073647006,8316000,3
52.8300507401967,23.6640625647526,8326800,3
52.5568547201767,26.3502055122975,8337600,3
52.2836587001567,29.0363484598424,8348400,3
52.0104626801368,31.7224914073873,8359200,3
51.7372666601168,34.4086343549322,8370000,3
51.4640706400969,37.0947773024771,8380800,3
51.1908746200769,39.780920250022,8391600,3
50.917678600057,42.4670631975669,8402400,3
50.644482580037,45.1532061451118,8413200,3
50.3712865600171,47.8393490926568,8424000,3
50.0980905399971,50.5254920402017,8434800,3
49.8248945199772,53.2116349877466,8445600,3
49.5516984999572,55.8977779352915,8456400,3
49.2785024799373,58.5839208828364,8467200,3
49.0053064599173,61.2700638303813,8478000,3
50.778193116715,59.2336766122549,8488800,3
52.5510797735127,57.1972893941284,8499600,3
54.3239664303104,55.160902176002,8510400,3
56.0968530871081,53.1245149578756,8521200,3
57.8697397439058,51.0881277397491,8532000,3
59.6426264007034,49.0517405216227,8542800,3
61.4155130575011,47.0153533034962,8553600,3
63.1883997142988,44.9789660853698,8564400,3
64.9612863710965,42.9425788672434,8575200,3
66.7341730278942,40.9061916491169,8586000,3
68.5070596846919,38.8698044309905,8596800,3
67.2426250646613,41.2554291063466,8607600,3
65.9781904446307,43.6410537817028,8618400,3
64.7137558246001,46.0266784570589,8629200,3
63.4493212045696,48.4123031324151,8640000,3
50,50,0,4
47.9256930812135,51.7283665139878,10800,4
45.851386162427,53.4567330279757,21600,4
43.7770792436405,55.1850995419635,32400,4
41.702772324854,56.9134660559513,43200,4
39.6284654060675,58.6418325699392,54000,4
37.554158487281,60.370199083927,64800,4
35.4798515684945,62.0985655979148,75600,4
33.405544649708,63.8269321119027,86400,4
31.3312377309215,65.5552986258905,97200,4
29.256930812135,67.2836651398783,108000,4
27.1826238933485,69.0120316538662,118800,4
25.108316974562,70.740398167854,129600,4
23.0340100557755,72.4687646818419,140400,4
20.959703136989,74.1971311958297,151200,4
18.8853962182025,75.9254977098175,162000,4
16.811089299416,77.6538642238054,172800,4
14.7367823806295,79.3822307377932,183600,4
12.662475461843,81.110597251781,194400,4
10.5881685430565,82.8389637657689,205200,4
8.51386162427002,84.5673302797567,216000,4
6.43955470548352,86.2956967937445,226800,4
4.36524778669702,88.0240633077324,237600,4
7.05272285031026,87.7642984477975,248400,4
9.7401979139235,87.5045335878625,259200,4
12.4276729775367,87.2447687279276,270000,4
15.11514804115,86.9850038679927,280800,4
17.8026231047632,86.7252390080578,291600,4
20.4900981683765,86.4654741481229,302400,4
23.1775732319897,86.2057092881879,313200,4
25.8650482956029,85.945944428253,324000,4
28.5525233592162,85.6861795683181,334800,4
31.2399984228294,85.4264147083832,345600,4
33.9274734864427,85.1666498484483,356400,4
36.6149485500559,84.9068849885134,367200,4
39.3024236136691,84.6471201285785,378000,4
41.9898986772824,84.3873552686435,388800,4
44.6773737408956,84.1275904087086,399600,4
47.3648488045089,83.8678255487737,410400,4
50.0523238681221,83.6080606888388,421200,4
52.7397989317354,83.3482958289039,432000,4
55.4272739953486,83.088530968969,442800,4
58.1147490589618,82.828766109034,453600,4
60.8022241225751,82.5690012490991,464400,4
63.4896991861883,82.3092363891642,475200,4
66.1771742498016,82.0494715292293,486000,4
68.8646493134148,81.7897066692944,496800,4
71.552124377028,81.5299418093595,507600,4
74.2395994406413,81.2701769494245,518400,4
76.9270745042545,81.0104120894896,529200,4
79.6145495678678,80.7506472295547,540000,4
82.302024631481,80.4908823696198,550800,4
84.9894996950942,80.2311175096849,561600,4
87.6769747587075,79.97135264975,572400,4
90.3644498223207,79.711587789815,583200,4
88.1161407171751,78.2165606436671,594000,4
85.8678316120295,76.7215334975191,604800,4
83.6195225068839,75.2265063513711,615600,4
81.3712134017383,73.7314792052231,626400,4
79.1229042965927,72.2364520590752,637200,4
76.8745951914471,70.7414249129272,648000,4
74.6262860863015,69.2463977667792,658800,4
72.3779769811559,67.7513706206312,669600,4
70.1296678760103,66.2563434744832,680400,4
67.8813587708647,64.7613163283353,691200,4
65.6330496657191,63.2662891821873,702000,4
63.3847405605735,61.7712620360393,712800,4
61.1364314554278,60.2762348898913,723600,4
58.8881223502822,58.7812077437434,734400,4
56.6398132451366,57.2861805975954,745200,4
54.391504139991,55.7911534514474,756000,4
52.1431950348454,54.2961263052994,766800,4
49.8948859296998,52.8010991591515,777600,4
47.6465768245542,51.3060720130035,788400,4
45.3982677194086,49.8110448668555,799200,4
43.149958614263,48.3160177207075,810000,4
40.9016495091174,46.8209905745595,820800,4
38.6533404039718,45.3259634284116,831600,4
36.4050312988262,43.8309362822636,842400,4
34.1567221936806,42.3359091361156,853200,4
31.908413088535,40.8408819899676,864000,4
29.6601039833894,39.3458548438197,874800,4
27.4117948782437,37.8508276976717,885600,4
25.1634857730981,36.3558005515237,896400,4
22.9151766679525,34.8607734053757,907200,4
20.6668675628069,33.3657462592278,918000,4
18.4185584576613,31.8707191130798,928800,4
16.1702493525157,30.3756919669318,939600,4
13.9219402473701,28.8806648207838,950400,4
11.6736311422245,27.3856376746359,961200,4
9.42532203707889,25.8906105284879,972000,4
10.7675569849409,28.233345115405,982800,4
12.1097919328029,30.5760797023222,993600,4
13.4520268806649,32.9188142892393,1004400,4
14.794261828527,35.2615488761565,1015200,4
16.136496776389,37.6042834630736,1026000,4
17.478731724251,39.9470180499907,1036800,4
18.820966672113,42.2897526369079,1047600,4
20.163201619975,44.632487223825,1058400,4
21.5054365678371,46.9752218107422,1069200,4
22.8476715156991,49.3179563976593,1080000,4
24.1899064635611,51.6606909845765,1090800,4
25.5321414114231,54.0034255714936,1101600,4
26.8743763592851,56.3461601584108,1112400,4
28.2166113071471,58.6888947453279,1123200,4
29.5588462550092,61.0316293322451,1134000,4
30.9010812028712,63.3743639191622,1144800,4
32.2433161507332,65.7170985060793,1155600,4
33.5855510985952,68.0598330929965,1166400,4
30.939963725637,68.5991543813248,1177200,4
28.2943763526788,69.1384756696531,1188000,4
25.6487889797206,69.6777969579815,1198800,4
23.0032016067624,70.2171182463098,1209600,4
20.3576142338042,70.7564395346381,1220400,4
17.712026860846,71.2957608229664,1231200,4
15.0664394878878,71.8350821112948,1242000,4
12.4208521149296,72.3744033996231,1252800,4
11.767768052579,69.7545787475703,1263600,4
11.1146839902284,67.1347540955175,1274400,4
10.4615999278779,64.5149294434646,1285200,4
13.0149700917277,65.3925972657992,1296000,4
15.5683402555775,66.2702650881338,1306800,4
18.1217104194273,67.1479329104684,1317600,4
20.6750805832772,68.025600732803,1328400,4
23.228450747127,68.9032685551376,1339200,4
25.7818209109768,69.7809363774722,1350000,4
28.3351910748266,70.6586041998067,1360800,4
30.8885612386764,71.5362720221413,1371600,4
33.4419314025263,72.4139398444759,1382400,4
35.9953015663761,73.2916076668105,1393200,4
38.5486717302259,74.1692754891451,1404000,4
41.1020418940757,75.0469433114797,1414800,4
43.6554120579255,75.9246111338143,1425600,4
46.2087822217754,76.8022789561489,1436400,4
48.7621523856252,77.6799467784835,1447200,4
51.119823765844,78.9957680668419,1458000,4
53.4774951460628,80.3115893552003,1468800,4
55.8351665262815,81.6274106435588,1479600,4
58.1928379065003,82.9432319319172,1490400,4
60.5505092867191,84.2590532202756,1501200,4
62.9081806669379,85.5748745086341,1512000,4
65.2658520471567,86.8906957969925,1522800,4
67.6235234273755,88.2065170853509,1533600,4
69.9811948075942,89.5223383737094,1544400,4
72.338866187813,90.8381596620678,1555200,4
73.0950884677052,88.246224504045,1566000,4
73.8513107475974,85.6542893460222,1576800,4
74.6075330274895,83.0623541879994,1587600,4
75.3637553073817,80.4704190299766,1598400,4
76.1199775872739,77.8784838719538,1609200,4
76.876199867166,75.286548713931,1620000,4
77.6324221470582,72.6946135559082,1630800,4
78.3886444269504,70.1026783978854,1641600,4
79.1448667068425,67.5107432398626,1652400,4
79.9010889867347,64.9188080818398,1663200,4
80.6573112666269,62.326872923817,1674000,4
81.413533546519,59.7349377657942,1684800,4
82.1697558264112,57.1430026077714,1695600,4
82.9259781063034,54.5510674497486,1706400,4
83.6822003861955,51.9591322917258,1717200,4
84.4384226660877,49.3671971337029,1728000,4
85.1946449459799,46.7752619756801,1738800,4
85.950867225872,44.1833268176573,1749600,4
86.7070895057642,41.5913916596345,1760400,4
87.4633117856564,38.9994565016117,1771200,4
88.2195340655485,36.4075213435889,1782000,4
88.9757563454407,33.8155861855661,1792800,4
86.7999346180672,32.2168992835464,1803600,4
84.6241128906937,30.6182123815267,1814400,4
82.4482911633201,29.0195254795071,1825200,4
80.2724694359466,27.4208385774874,1836000,4
78.0966477085731,25.8221516754677,1846800,4
75.9208259811996,24.223464773448,1857600,4
73.7450042538261,22.6247778714283,1868400,4
71.5691825264525,21.0260909694086,1879200,4
69.393360799079,19.4274040673889,1890000,4
67.3145058395864,21.1502975804631,1900800,4
65.2356508800939,22.8731910935373,1911600,4
63.1567959206013,24.5960846066115,1922400,4
61.0779409611087,26.3189781196857,1933200,4
58.9990860016161,28.0418716327599,1944000,4
56.9202310421236,29.764765145834,1954800,4
54.841376082631,31.4876586589082,1965600,4
52.7625211231384,33.2105521719824,1976400,4
50.6836661636458,34.9334456850566,1987200,4
48.6048112041533,36.6563391981308,1998000,4
46.5259562446607,38.379232711205,2008800,4
44.4471012851681,40.1021262242792,2019600,4
42.3682463256755,41.8250197373534,2030400,4
40.2893913661829,43.5479132504275,2041200,4
38.2105364066904,45.2708067635017,2052000,4
36.1316814471978,46.9937002765759,2062800,4
34.0528264877052,48.7165937896501,2073600,4
31.9739715282126,50.4394873027243,2084400,4
29.8951165687201,52.1623808157985,2095200,4
27.8162616092275,53.8852743288727,2106000,4
25.7374066497349,55.6081678419469,2116800,4
23.6585516902423,57.331061355021,2127600,4
21.5796967307497,59.0539548680952,2138400,4
19.5008417712572,60.7768483811694,2149200,4
17.4219868117646,62.4997418942436,2160000,4
15.343131852272,64.2226354073178,2170800,4
13.2642768927794,65.945528920392,2181600,4
11.1854219332869,67.6684224334662,2192400,4
9.10656697379428,69.3913159465403,2203200,4
7.0277120143017,71.1142094596145,2214000,4
4.94885705480913,72.8371029726887,2224800,4
2.87000209531655,74.5599964857629,2235600,4
5.22206316887854,73.2341727017575,2246400,4
7.57412424244052,71.9083489177521,2257200,4
9.92618531600251,70.5825251337467,2268000,4
12.2782463895645,69.2567013497412,2278800,4
14.6303074631265,67.9308775657358,2289600,4
16.9823685366885,66.6050537817304,2300400,4
19.3344296102504,65.279229997725,2311200,4
21.6864906838124,63.9534062137196,2322000,4
24.0385517573744,62.6275824297142,2332800,4
26.3906128309364,61.3017586457087,2343600,4
28.7426739044984,59.9759348617033,2354400,4
31.0947349780604,58.6501110776979,2365200,4
33.4467960516224,57.3242872936925,2376000,4
35.7988571251843,55.9984635096871,2386800,4
38.1509181987463,54.6726397256817,2397600,4
40.5029792723083,53.3468159416762,2408400,4
42.8550403458703,52.0209921576708,2419200,4
45.2071014194323,50.6951683736654,2430000,4
47.5591624929943,49.36934458966,2440800,4
49.9112235665563,48.0435208056546,2451600,4
52.4834375267731,48.8643224521353,2462400,4
55.05565148699,49.685124098616,2473200,4
57.6278654472069,50.5059257450967,2484000,4
60.2000794074238,51.3267273915774,2494800,4
62.7722933676406,52.147529038058,2505600,4
65.3445073278575,52.9683306845387,2516400,4
67.9167212880744,53.7891323310194,2527200,4
70.4889352482913,54.6099339775001,2538000,4
73.0611492085081,55.4307356239808,2548800,4
75.633363168725,56.2515372704615,2559600,4
78.2055771289419,57.0723389169422,2570400,4
80.7777910891588,57.8931405634229,2581200,4
83.3500050493756,58.7139422099036,2592000,4
85.9222190095925,59.5347438563843,2602800,4
88.4944329698094,60.355545502865,2613600,4
91.0666469300263,61.1763471493457,2624400,4
89.0046563929338,62.91938903781,2635200,4
86.9426658558414,64.6624309262743,2646000,4
84.880675318749,66.4054728147386,2656800,4
82.8186847816566,68.148514703203,2667600,4
80.7566942445641,69.8915565916673,2678400,4
78.6947037074717,71.6345984801316,2689200,4
76.6327131703793,73.3776403685959,2700000,4
74.5707226332868,75.1206822570603,2710800,4
72.5087320961944,76.8637241455246,2721600,4
70.446741559102,78.6067660339889,2732400,4
68.3847510220095,80.3498079224532,2743200,4
66.3227604849171,82.0928498109176,2754000,4
64.2607699478247,83.8358916993819,2764800,4
62.1987794107323,85.5789335878462,2775600,4
63.6822044365138,83.3229526054607,2786400,4
65.1656294622953,81.0669716230752,2797200,4
66.6490544880768,78.8109906406897,2808000,4
68.1324795138583,76.5550096583041,2818800,4
69.6159045396399,74.2990286759186,2829600,4
71.0993295654214,72.0430476935331,2840400,4
72.5827545912029,69.7870667111476,2851200,4
74.0661796169844,67.5310857287621,2862000,4
75.5496046427659,65.2751047463766,2872800,4
77.0330296685474,63.0191237639911,2883600,4
78.516454694329,60.7631427816056,2894400,4
79.9998797201105,58.5071617992201,2905200,4
77.6434249473055,57.1891629738318,2916000,4
75.2869701745006,55.8711641484436,2926800,4
72.9305154016957,54.5531653230553,2937600,4
70.5740606288907,53.2351664976671,2948400,4
68.2176058560858,51.9171676722788,2959200,4
65.8611510832808,50.5991688468906,2970000,4
63.5046963104759,49.2811700215023,2980800,4
61.1482415376709,47.9631711961141,2991600,4
58.791786764866,46.6451723707258,3002400,4
56.435331992061,45.3271735453376,3013200,4
54.0788772192561,44.0091747199494,3024000,4
51.7224224464511,42.6911758945611,3034800,4
49.3659676736462,41.3731770691729,3045600,4
47.0095129008413,40.0551782437846,3056400,4
44.6530581280363,38.7371794183964,3067200,4
42.2966033552314,37.4191805930081,3078000,4
39.9401485824264,36.1011817676199,3088800,4
37.5836938096215,34.7831829422316,3099600,4
35.2272390368165,33.4651841168434,3110400,4
32.8707842640116,32.1471852914551,3121200,4
30.5143294912067,30.8291864660669,3132000,4
28.1578747184017,29.5111876406786,3142800,4
25.8014199455968,28.1931888152904,3153600,4
23.4449651727918,26.8751899899022,3164400,4
21.0885103999869,25.5571911645139,3175200,4
18.7320556271819,24.2391923391257,3186000,4
21.314126460963,23.4499457304305,3196800,4
23.8961972947442,22.6606991217352,3207600,4
26.4782681285253,21.87145251304,3218400,4
29.0603389623064,21.0822059043448,3229200,4
31.6424097960875,20.2929592956496,3240000,4
34.2244806298686,19.5037126869544,3250800,4
36.8065514636498,18.7144660782592,3261600,4
39.3886222974309,17.925219469564,3272400,4
41.970693131212,17.1359728608688,3283200,4
44.5527639649931,16.3467262521736,3294000,4
47.1348347987742,15.5574796434784,3304800,4
49.7169056325554,14.7682330347832,3315600,4
52.2989764663365,13.978986426088,3326400,4
54.8810473001176,13.1897398173928,3337200,4
57.4631181338987,12.4004932086976,3348000,4
60.0451889676798,11.6112466000024,3358800,4
62.6272598014609,10.8219999913072,3369600,4
65.2093306352421,10.032753382612,3380400,4
67.7914014690232,9.24350677391679,3391200,4
70.3734723028043,8.45426016522159,3402000,4
72.9555431365854,7.66501355652638,3412800,4
75.5376139703665,6.87576694783118,3423600,4
78.1196848041477,6.08652033913598,3434400,4
80.7017556379288,5.29727373044078,3445200,4
83.2838264717099,4.50802712174557,3456000,4
85.865897305491,3.71878051305037,3466800,4
88.4479681392721,2.92953390435516,3477600,4
85.9006180702255,3.82452419800549,3488400,4
83.3532680011789,4.71951449165581,3499200,4
80.8059179321323,5.61450478530614,3510000,4
78.2585678630857,6.50949507895646,3520800,4
75.7112177940391,7.40448537260679,3531600,4
73.1638677249925,8.29947566625711,3542400,4
70.6165176559459,9.19446595990744,3553200,4
68.0691675868993,10.0894562535578,3564000,4
65.5218175178527,10.9844465472081,3574800,4
62.9744674488061,11.8794368408584,3585600,4
60.4271173797596,12.7744271345087,3596400,4
57.8797673107129,13.6694174281591,3607200,4
55.3324172416663,14.5644077218094,3618000,4
52.7850671726198,15.4593980154597,3628800,4
50.2377171035732,16.35438830911,3639600,4
52.0068205180635,18.3940630647607,3650400,4
53.7759239325539,20.4337378204114,3661200,4
55.5450273470442,22.473412576062,3672000,4
57.3141307615345,24.5130873317127,3682800,4
59.0832341760249,26.5527620873633,3693600,4
60.8523375905152,28.592436843014,3704400,4
62.6214410050056,30.6321115986647,3715200,4
64.3905444194959,32.6717863543153,3726000,4
66.1596478339863,34.711461109966,3736800,4
67.9287512484766,36.7511358656167,3747600,4
69.697854662967,38.7908106212673,3758400,4
71.4669580774573,40.830485376918,3769200,4
73.2360614919477,42.8701601325687,3780000,4
75.005164906438,44.9098348882193,3790800,4
76.7742683209284,46.94950964387,3801600,4
78.5433717354187,48.9891843995206,3812400,4
80.3124751499091,51.0288591551713,3823200,4
82.0815785643994,53.068533910822,3834000,4
83.8506819788898,55.1082086664726,3844800,4
85.6197853933801,57.1478834221233,3855600,4
87.3888888078705,59.187558177774,3866400,4
89.1579922223608,61.2272329334246,3877200,4
90.9270956368511,63.2669076890753,3888000,4
92.6961990513415,65.306582444726,3898800,4
94.4653024658319,67.3462572003766,3909600,4
96.2344058803222,69.3859319560273,3920400,4
98.0035092948126,71.4256067116779,3931200,4
95.5953951818696,70.2045471639715,3942000,4
93.1872810689267,68.9834876162651,3952800,4
90.7791669559837,67.7624280685587,3963600,4
88.3710528430408,66.5413685208523,3974400,4
85.9629387300978,65.3203089731459,3985200,4
83.5548246171549,64.0992494254395,3996000,4
81.1467105042119,62.878189877733,4006800,4
78.738596391269,61.6571303300266,4017600,4
76.330482278326,60.4360707823202,4028400,4
73.9223681653831,59.2150112346138,4039200,4
71.5142540524401,57.9939516869074,4050000,4
69.1061399394972,56.772892139201,4060800,4
66.6980258265542,55.5518325914946,4071600,4
64.2899117136113,54.3307730437881,4082400,4
61.8817976006683,53.1097134960817,4093200,4
59.4736834877254,51.8886539483753,4104000,4
57.0655693747824,50.6675944006689,4114800,4
54.6574552618395,49.4465348529625,4125600,4
52.2493411488965,48.2254753052561,4136400,4
49.8412270359536,47.0044157575497,4147200,4
47.409946883757,48.1786716161832,4158000,4
44.9786667315605,49.3529274748168,4168800,4
42.547386579364,50.5271833334503,4179600,4
40.1161064271675,51.7014391920839,4190400,4
37.6848262749709,52.8756950507174,4201200,4
35.2535461227744,54.049950909351,4212000,4
32.8222659705779,55.2242067679846,4222800,4
30.3909858183814,56.3984626266181,4233600,4
27.9597056661848,57.5727184852517,4244400,4
25.5284255139883,58.7469743438852,4255200,4
23.0971453617918,59.9212302025188,4266000,4
20.6658652095952,61.0954860611524,4276800,4
18.2345850573987,62.2697419197859,4287600,4
15.8033049052022,63.4439977784195,4298400,4
13.3720247530057,64.618253637053,4309200,4
10.9407446008092,65.7925094956866,4320000,4
8.50946444861262,66.9667653543201,4330800,4
6.07818429641609,68.1410212129537,4341600,4
5.99699190335446,65.4422422677066,4352400,4
5.91579951029282,62.7434633224595,4363200,4
5.83460711723119,60.0446843772125,4374000,4
5.75341472416955,57.3459054319654,4384800,4
5.67222233110792,54.6471264867183,4395600,4
5.59102993804628,51.9483475414712,4406400,4
5.50983754498465,49.2495685962242,4417200,4
5.42864515192302,46.5507896509771,4428000,4
5.34745275886138,43.85201070573,4438800,4
5.26626036579975,41.1532317604829,4449600,4
5.18506797273811,38.4544528152359,4460400,4
5.10387557967648,35.7556738699888,4471200,4
5.02268318661484,33.0568949247417,4482000,4
4.94149079355321,30.3581159794946,4492800,4
4.86029840049158,27.6593370342475,4503600,4
4.77910600742994,24.9605580890005,4514400,4
4.69791361436831,22.2617791437534,4525200,4
4.61672122130667,19.5630001985063,4536000,4
4.53552882824504,16.8642212532592,4546800,4
4.4543364351834,14.1654423080121,4557600,4
4.37314404212177,11.4666633627651,4568400,4
4.29195164906013,8.767884417518,4579200,4
4.2107592559985,6.06910547227092,4590000,4
6.90316666735971,6.27144758663974,4600800,4
9.59557407872091,6.47378970100856,4611600,4
12.2879814900821,6.67613181537738,4622400,4
14.9803889014433,6.8784739297462,4633200,4
17.6727963128045,7.08081604411501,4644000,4
20.3652037241657,7.28315815848383,4654800,4
23.057611135527,7.48550027285265,4665600,4
25.7500185468882,7.68784238722147,4676400,4
28.4424259582494,7.89018450159029,4687200,4
31.1348333696106,8.09252661595911,4698000,4
33.8272407809718,8.29486873032792,4708800,4
36.519648192333,8.49721084469674,4719600,4
39.2120556036942,8.69955295906556,4730400,4
41.9044630150554,8.90189507343438,4741200,4
44.5968704264166,9.10423718780319,4752000,4
47.2892778377778,9.30657930217201,4762800,4
49.981685249139,9.50892141654083,4773600,4
52.6740926605002,9.71126353090965,4784400,4
53.6865256017789,12.2142576458476,4795200,4
54.6989585430576,14.7172517607855,4806000,4
55.7113914843362,17.2202458757234,4816800,4
56.7238244256149,19.7232399906613,4827600,4
57.7362573668936,22.2262341055992,4838400,4
58.7486903081722,24.7292282205371,4849200,4
59.7611232494509,27.232222335475,4860000,4
60.7735561907296,29.735216450413,4870800,4
61.7859891320082,32.2382105653509,4881600,4
62.7984220732869,34.7412046802888,4892400,4
63.8108550145655,37.2441987952267,4903200,4
64.8232879558442,39.7471929101646,4914000,4
65.8357208971229,42.2501870251025,4924800,4
66.8481538384015,44.7531811400404,4935600,4
67.8605867796802,47.2561752549784,4946400,4
68.8730197209589,49.7591693699163,4957200,4
69.8854526622375,52.2621634848542,4968000,4
70.8978856035162,54.7651575997921,4978800,4
71.9103185447949,57.26815171473,4989600,4
72.9227514860735,59.7711458296679,5000400,4
73.9351844273522,62.2741399446058,5011200,4
74.9476173686309,64.7771340595437,5022000,4
75.9600503099095,67.2801281744817,5032800,4
76.9724832511882,69.7831222894196,5043600,4
77.9849161924669,72.2861164043575,5054400,4
78.9973491337455,74.7891105192954,5065200,4
80.0097820750242,77.2921046342333,5076000,4
81.0222150163029,79.7950987491712,5086800,4
82.0346479575815,82.2980928641092,5097600,4
81.6460135611392,79.6262090144813,5108400,4
81.2573791646969,76.9543251648535,5119200,4
80.8687447682545,74.2824413152257,5130000,4
80.4801103718122,71.6105574655979,5140800,4
80.0914759753699,68.9386736159701,5151600,4
79.7028415789276,66.2667897663423,5162400,4
79.3142071824853,63.5949059167145,5173200,4
78.9255727860429,60.9230220670867,5184000,4
78.5369383896006,58.2511382174589,5194800,4
78.1483039931583,55.5792543678311,5205600,4
77.759669596716,52.9073705182033,5216400,4
77.3710352002737,50.2354866685755,5227200,4
76.9824008038313,47.5636028189477,5238000,4
76.593766407389,44.8917189693199,5248800,4
76.2051320109467,42.219835119692,5259600,4
75.8164976145043,39.5479512700642,5270400,4
75.427863218062,36.8760674204364,5281200,4
75.0392288216197,34.2041835708086,5292000,4
74.6505944251774,31.5322997211808,5302800,4
74.2619600287351,28.860415871553,5313600,4
73.8733256322927,26.1885320219252,5324400,4
73.4846912358504,23.5166481722974,5335200,4
73.0960568394081,20.8447643226696,5346000,4
72.7074224429658,18.1728804730418,5356800,4
72.3187880465235,15.500996623414,5367600,4
71.8536787272964,18.1606344410817,5378400,4
71.3885694080694,20.8202722587494,5389200,4
70.9234600888424,23.4799100764171,5400000,4
70.4583507696154,26.1395478940848,5410800,4
69.9932414503884,28.7991857117525,5421600,4
69.5281321311614,31.4588235294202,5432400,4
69.0630228119344,34.1184613470879,5443200,4
68.5979134927074,36.7780991647556,5454000,4
68.1328041734804,39.4377369824232,5464800,4
67.6676948542534,42.0973748000909,5475600,4
67.2025855350263,44.7570126177586,5486400,4
66.7374762157993,47.4166504354263,5497200,4
66.2723668965723,50.076288253094,5508000,4
65.8072575773453,52.7359260707617,5518800,4
68.3259051367532,53.7087644291177,5529600,4
70.8445526961611,54.6816027874736,5540400,4
73.363200255569,55.6544411458296,5551200,4
75.8818478149769,56.6272795041855,5562000,4
78.4004953743847,57.6001178625415,5572800,4
80.9191429337926,58.5729562208974,5583600,4
83.4377904932005,59.5457945792534,5594400,4
85.9564380526084,60.5186329376093,5605200,4
88.4750856120163,61.4914712959653,5616000,4
90.9937331714242,62.4643096543212,5626800,4
93.512380730832,63.4371480126772,5637600,4
96.0310282902399,64.4099863710331,5648400,4
98.5496758496478,65.3828247293891,5659200,4
96.7155263216624,63.401437460582,5670000,4
94.881376793677,61.4200501917748,5680800,4
93.0472272656916,59.4386629229677,5691600,4
91.2130777377062,57.4572756541606,5702400,4
89.3789282097208,55.4758883853535,5713200,4
87.5447786817353,53.4945011165464,5724000,4
85.7106291537499,51.5131138477393,5734800,4
83.8764796257645,49.5317265789322,5745600,4
82.0423300977791,47.5503393101251,5756400,4
80.2081805697937,45.568952041318,5767200,4
78.2988217618485,47.4779698365525,5778000,4
76.3894629539032,49.386987631787,5788800,4
74.4801041459581,51.2960054270216,5799600,4
72.5707453380128,53.2050232222561,5810400,4
70.6613865300676,55.1140410174906,5821200,4
68.7520277221224,57.0230588127251,5832000,4
66.8426689141772,58.9320766079596,5842800,4
64.933310106232,60.8410944031941,5853600,4
63.0239512982868,62.7501121984286,5864400,4
61.1145924903416,64.6591299936631,5875200,4
59.2052336823964,66.5681477888977,5886000,4
57.2958748744512,68.4771655841322,5896800,4
55.3865160665059,70.3861833793667,5907600,4
53.4771572585607,72.2952011746012,5918400,4
51.5677984506155,74.2042189698357,5929200,4
49.6584396426703,76.1132367650702,5940000,4
47.7490808347251,78.0222545603047,5950800,4
45.8397220267799,79.9312723555393,5961600,4
43.9303632188347,81.8402901507738,5972400,4
42.6860508966261,79.4441084287836,5983200,4
41.4417385744176,77.0479267067933,5994000,4
40.197426252209,74.6517449848031,6004800,4
38.9531139300005,72.2555632628129,6015600,4
37.7088016077919,69.8593815408227,6026400,4
36.4644892855834,67.4631998188325,6037200,4
35.2201769633748,65.0670180968423,6048000,4
33.9758646411663,62.6708363748521,6058800,4
32.7315523189577,60.2746546528619,6069600,4
31.4872399967491,57.8784729308717,6080400,4
30.2429276745406,55.4822912088815,6091200,4
28.998615352332,53.0861094868913,6102000,4
27.7543030301235,50.6899277649011,6112800,4
26.5099907079149,48.2937460429109,6123600,4
25.2656783857064,45.8975643209206,6134400,4
24.0213660634978,43.5013825989304,6145200,4
22.7770537412893,41.1052008769402,6156000,4
21.5327414190807,38.70901915495,6166800,4
20.2884290968722,36.3128374329598,6177600,4
19.0441167746636,33.9166557109696,6188400,4
17.7998044524551,31.5204739889794,6199200,4
16.5554921302465,29.1242922669892,6210000,4
15.311179808038,26.728110544999,6220800,4
14.0668674858294,24.3319288230088,6231600,4
12.8225551636209,21.9357471010186,6242400,4
11.5782428414123,19.5395653790284,6253200,4
10.3339305192038,17.1433836570382,6264000,4
9.0896181969952,14.7472019350479,6274800,4
7.84530587478665,12.3510202130577,6285600,4
8.74856643592173,14.8954494926208,6296400,4
9.65182699705681,17.4398787721839,6307200,4
10.5550875581919,19.984308051747,6318000,4
11.458348119327,22.5287373313101,6328800,4
12.3616086804621,25.0731666108732,6339600,4
13.2648692415971,27.6175958904363,6350400,4
14.1681298027322,30.1620251699994,6361200,4
15.0713903638673,32.7064544495625,6372000,4
15.9746509250024,35.2508837291255,6382800,4
16.8779114861374,37.7953130086886,6393600,4
17.7811720472725,40.3397422882517,6404400,4
20.0841478252626,41.7491047561752,6415200,4
22.3871236032526,43.1584672240986,6426000,4
24.6900993812426,44.567829692022,6436800,4
26.9930751592326,45.9771921599455,6447600,4
29.2960509372226,47.3865546278689,6458400,4
31.5990267152127,48.7959170957924,6469200,4
33.9020024932027,50.2052795637158,6480000,4
36.2049782711927,51.6146420316393,6490800,4
38.5079540491827,53.0240044995627,6501600,4
40.8109298271727,54.4333669674861,6512400,4
43.1139056051628,55.8427294354096,6523200,4
45.4168813831528,57.252091903333,6534000,4
47.7198571611428,58.6614543712565,6544800,4
50.0228329391328,60.0708168391799,6555600,4
52.3258087171228,61.4801793071034,6566400,4
54.6287844951129,62.8895417750268,6577200,4
56.9317602731029,64.2989042429502,6588000,4
59.2347360510929,65.7082667108737,6598800,4
61.5377118290829,67.1176291787971,6609600,4
63.840687607073,68.5269916467206,6620400,4
66.143663385063,69.936354114644,6631200,4
68.446639163053,71.3457165825675,6642000,4
70.749614941043,72.7550790504909,6652800,4
73.052590719033,74.1644415184144,6663600,4
75.3555664970231,75.5738039863378,6674400,4
77.6585422750131,76.9831664542612,6685200,4
79.9615180530031,78.3925289221847,6696000,4
82.2644938309931,79.8018913901081,6706800,4
79.8721390659434,78.5502370136351,6717600,4
77.4797843008937,77.2985826371621,6728400,4
75.0874295358441,76.0469282606891,6739200,4
72.6950747707944,74.795273884216,6750000,4
70.3027200057447,73.543619507743,6760800,4
67.910365240695,72.29196513127,6771600,4
65.5180104756453,71.040310754797,6782400,4
63.1256557105956,69.7886563783239,6793200,4
60.733300945546,68.5370020018509,6804000,4
58.3409461804963,67.2853476253779,6814800,4
55.9485914154466,66.0336932489049,6825600,4
53.5562366503969,64.7820388724319,6836400,4
51.1638818853472,63.5303844959588,6847200,4
48.7715271202975,62.2787301194858,6858000,4
46.3791723552479,61.0270757430128,6868800,4
43.9868175901982,59.7754213665398,6879600,4
41.5944628251485,58.5237669900667,6890400,4
39.2021080600988,57.2721126135937,6901200,4
36.8097532950491,56.0204582371207,6912000,4
34.4173985299994,54.7688038606477,6922800,4
32.0250437649497,53.5171494841747,6933600,4
29.6326889999001,52.2654951077016,6944400,4
27.2403342348504,51.0138407312286,6955200,4
24.8479794698007,49.7621863547556,6966000,4
22.455624704751,48.5105319782826,6976800,4
20.0632699397013,47.2588776018095,6987600,4
17.6709151746516,46.0072232253365,6998400,4
15.278560409602,44.7555688488635,7009200,4
12.8862056445523,43.5039144723905,7020000,4
10.4938508795026,42.2522600959174,7030800,4
8.10149611445291,41.0006057194444,7041600,4
5.70914134940322,39.7489513429714,7052400,4
8.40686337328391,39.859838140513,7063200,4
11.1045853971646,39.9707249380547,7074000,4
13.8023074210453,40.0816117355963,7084800,4
16.500029444926,40.192498533138,7095600,4
19.1977514688067,40.3033853306796,7106400,4
21.8954734926874,40.4142721282212,7117200,4
24.5931955165681,40.5251589257629,7128000,4
27.2909175404488,40.6360457233045,7138800,4
29.9886395643295,40.7469325208462,7149600,4
32.6863615882102,40.8578193183878,7160400,4
35.3840836120909,40.9687061159295,7171200,4
38.0818056359716,41.0795929134711,7182000,4
40.7795276598523,41.1904797110127,7192800,4
43.4772496837329,41.3013665085544,7203600,4
46.1749717076137,41.412253306096,7214400,4
48.8726937314944,41.5231401036377,7225200,4
51.570415755375,41.6340269011793,7236000,4
53.0685986097793,43.8802344015606,7246800,4
54.5667814641835,46.1264419019419,7257600,4
56.0649643185877,48.3726494023232,7268400,4
57.563147172992,50.6188569027045,7279200,4
59.0613300273962,52.8650644030858,7290000,4
60.5595128818004,55.1112719034671,7300800,4
62.0576957362046,57.3574794038484,7311600,4
63.5558785906089,59.6036869042297,7322400,4
65.0540614450131,61.849894404611,7333200,4
62.6596659123391,60.6021484236073,7344000,4
60.2652703796652,59.3544024426035,7354800,4
57.8708748469912,58.1066564615998,7365600,4
55.4764793143172,56.8589104805961,7376400,4
53.0820837816433,55.6111644995923,7387200,4
50.6876882489693,54.3634185185886,7398000,4
48.2932927162953,53.1156725375849,7408800,4
45.8988971836214,51.8679265565812,7419600,4
43.5045016509474,50.6201805755774,7430400,4
41.1101061182734,49.3724345945737,7441200,4
38.7157105855995,48.12468861357,7452000,4
36.3213150529255,46.8769426325663,7462800,4
33.9269195202515,45.6291966515625,7473600,4
31.5325239875776,44.3814506705588,7484400,4
29.1381284549036,43.1337046895551,7495200,4
27.9322925211227,45.5494777957889,7506000,4
26.7264565873418,47.9652509020227,7516800,4
25.5206206535608,50.3810240082566,7527600,4
24.3147847197799,52.7967971144904,7538400,4
23.108948785999,55.2125702207243,7549200,4
21.903112852218,57.6283433269581,7560000,4
20.6972769184371,60.0441164331919,7570800,4
19.4914409846562,62.4598895394258,7581600,4
18.2856050508752,64.8756626456596,7592400,4
17.0797691170943,67.2914357518934,7603200,4
15.8739331833134,69.7072088581273,7614000,4
14.6680972495325,72.1229819643611,7624800,4
13.4622613157515,74.5387550705949,7635600,4
12.2564253819706,76.9545281768288,7646400,4
11.0505894481897,79.3703012830626,7657200,4
9.84475351440874,81.7860743892964,7668000,4
8.6389175806278,84.2018474955303,7678800,4
7.43308164684687,86.6176206017641,7689600,4
6.22724571306594,89.0333937079979,7700400,4
5.02140977928501,91.4491668142318,7711200,4
3.81557384550408,93.8649399204656,7722000,4
2.60973791172315,96.2807130266995,7732800,4
1.40390197794222,98.6964861329333,7743600,4
1.86639338239438,96.0363918299418,7754400,4
2.32888478684654,93.3762975269503,7765200,4
2.79137619129869,90.7162032239588,7776000,4
3.25386759575085,88.0561089209673,7786800,4
3.71635900020301,85.3960146179758,7797600,4
4.17885040465516,82.7359203149843,7808400,4
4.64134180910732,80.0758260119927,7819200,4
5.10383321355948,77.4157317090012,7830000,4
5.56632461801163,74.7556374060097,7840800,4
6.02881602246379,72.0955431030182,7851600,4
6.49130742691595,69.4354488000267,7862400,4
6.9537988313681,66.7753544970352,7873200,4
7.41629023582026,64.1152601940437,7884000,4
7.87878164027242,61.4551658910522,7894800,4
8.34127304472458,58.7950715880607,7905600,4
8.80376444917673,56.1349772850692,7916400,4
9.26625585362889,53.4748829820777,7927200,4
9.72874725808104,50.8147886790862,7938000,4
10.1912386625332,48.1546943760947,7948800,4
10.6537300669854,45.4946000731032,7959600,4
11.1162214714375,42.8345057701116,7970400,4
11.5787128758897,40.1744114671201,7981200,4
12.0412042803418,37.5143171641286,7992000,4
12.503695684794,34.8542228611371,8002800,4
12.9661870892461,32.1941285581456,8013600,4
13.4286784936983,29.5340342551541,8024400,4
13.8911698981505,26.8739399521626,8035200,4
14.3536613026026,24.2138456491711,8046000,4
14.8161527070548,21.5537513461796,8056800,4
15.2786441115069,18.8936570431881,8067600,4
15.7411355159591,16.2335627401966,8078400,4
16.2036269204112,13.5734684372051,8089200,4
16.6661183248634,10.9133741342136,8100000,4
19.1442782930981,11.9851591741534,8110800,4
21.6224382613329,13.0569442140932,8121600,4
24.1005982295676,14.1287292540331,8132400,4
26.5787581978023,15.2005142939729,8143200,4
29.0569181660371,16.2722993339127,8154000,4
31.5350781342718,17.3440843738526,8164800,4
34.0132381025065,18.4158694137924,8175600,4
36.4913980707413,19.4876544537322,8186400,4
38.2551778039572,21.5319345354962,8197200,4
40.0189575371731,23.5762146172601,8208000,4
41.782737270389,25.6204946990241,8218800,4
43.5465170036049,27.664774780788,8229600,4
45.3102967368209,29.7090548625519,8240400,4
47.0740764700368,31.7533349443159,8251200,4
48.8378562032527,33.7976150260798,8262000,4
50.5187015273114,35.9106126589678,8272800,4
52.19954685137,38.0236102918557,8283600,4
53.8803921754287,40.1366079247437,8294400,4
55.5612374994874,42.2496055576316,8305200,4
57.242082823546,44.3626031905196,8316000,4
58.9229281476047,46.4756008234076,8326800,4
60.6037734716634,48.5885984562955,8337600,4
62.284618795722,50.7015960891835,8348400,4
63.9654641197807,52.8145937220714,8359200,4
65.6463094438394,54.9275913549594,8370000,4
67.327154767898,57.0405889878474,8380800,4
69.0080000919567,59.1535866207353,8391600,4
70.6888454160154,61.2665842536233,8402400,4
72.369690740074,63.3795818865112,8413200,4
74.0505360641327,65.4925795193992,8424000,4
75.7313813881914,67.6055771522872,8434800,4
77.41222671225,69.7185747851751,8445600,4
79.0930720363087,71.8315724180631,8456400,4
80.7739173603673,73.944570050951,8467200,4
82.454762684426,76.057567683839,8478000,4
84.1356080084847,78.170565316727,8488800,4
85.8164533325433,80.2835629496149,8499600,4
87.497298656602,82.3965605825029,8510400,4
89.1781439806607,84.5095582153908,8521200,4
90.8589893047193,86.6225558482788,8532000,4
92.539834628778,88.7355534811667,8542800,4
94.2206799528367,90.8485511140547,8553600,4
95.9015252768953,92.9615487469427,8564400,4
93.2599999590794,92.4026713047989,8575200,4
90.6184746412633,91.8437938626551,8586000,4
87.9769493234474,91.2849164205114,8596800,4
85.3354240056314,90.7260389783676,8607600,4
82.6938986878154,90.1671615362239,8618400,4
80.0523733699994,89.6082840940801,8629200,4
77.4108480521834,89.0494066519364,8640000,4
50,50,0,5
47.4392353383616,49.1441470057866,10800,5
44.8784706767232,48.2882940115732,21600,5
42.3177060150848,47.4324410173598,32400,5
39.7569413534465,46.5765880231464,43200,5
37.1961766918081,45.720735028933,54000,5
34.6354120301697,44.8648820347196,64800,5
32.0746473685313,44.0090290405062,75600,5
29.5138827068929,43.1531760462928,86400,5
26.9531180452545,42.2973230520794,97200,5
28.2277417069475,44.6775193719346,108000,5
29.5023653686405,47.0577156917898,118800,5
30.7769890303336,49.437912011645,129600,5
32.0516126920266,51.8181083315002,140400,5
33.3262363537196,54.1983046513554,151200,5
34.6008600154126,56.5785009712107,162000,5
35.8754836771056,58.9586972910659,172800,5
37.1501073387986,61.3388936109211,183600,5
38.4247310004916,63.7190899307763,194400,5
39.6993546621846,66.0992862506315,205200,5
40.9739783238776,68.4794825704867,216000,5
42.2486019855706,70.859678890342,226800,5
43.5232256472636,73.2398752101972,237600,5
44.7978493089566,75.6200715300524,248400,5
46.0724729706496,78.0002678499076,259200,5
47.3470966323426,80.3804641697628,270000,5
48.6217202940356,82.760660489618,280800,5
49.8963439557286,85.1408568094732,291600,5
51.1709676174216,87.5210531293285,302400,5
52.4455912791146,89.9012494491837,313200,5
53.7202149408076,92.2814457690389,324000,5
54.9948386025006,94.6616420888941,334800,5
52.3918864892853,95.3790264324004,345600,5
49.78893437607,96.0964107759066,356400,5
47.1859822628547,96.8137951194128,367200,5
44.5830301496393,97.531179462919,378000,5
41.980078036424,98.2485638064252,388800,5
40.9333223581485,95.7597282252753,399600,5
39.8865666798729,93.2708926441254,410400,5
38.8398110015974,90.7820570629755,421200,5
37.7930553233218,88.2932214818255,432000,5
36.7462996450463,85.8043859006756,442800,5
35.6995439667708,83.3155503195256,453600,5
34.6527882884952,80.8267147383757,464400,5
33.6060326102197,78.3378791572258,475200,5
32.5592769319441,75.8490435760759,486000,5
31.5125212536686,73.3602079949259,496800,5
30.4657655753931,70.871372413776,507600,5
32.9103768919503,69.7251283250409,518400,5
35.3549882085076,68.5788842363059,529200,5
37.7995995250649,67.4326401475708,540000,5
40.2442108416222,66.2863960588358,550800,5
42.6888221581795,65.1401519701007,561600,5
45.1334334747368,63.9939078813656,572400,5
47.578044791294,62.8476637926306,583200,5
50.0226561078513,61.7014197038955,594000,5
52.4672674244086,60.5551756151605,604800,5
54.9118787409659,59.4089315264254,615600,5
57.3564900575232,58.2626874376903,626400,5
59.8011013740805,57.1164433489553,637200,5
62.2457126906377,55.9701992602202,648000,5
64.690324007195,54.8239551714851,658800,5
67.1349353237523,53.6777110827501,669600,5
67.6802343327833,56.3220728187366,680400,5
68.2255333418143,58.9664345547232,691200,5
68.7708323508453,61.6107962907098,702000,5
69.3161313598763,64.2551580266963,712800,5
69.8614303689072,66.8995197626829,723600,5
67.9894613173146,64.9538240336751,734400,5
66.1174922657219,63.0081283046673,745200,5
64.2455232141292,61.0624325756595,756000,5
62.3735541625365,59.1167368466516,766800,5
60.5015851109439,57.1710411176439,777600,5
58.6296160593512,55.2253453886361,788400,5
56.7576470077585,53.2796496596282,799200,5
54.8856779561658,51.3339539306204,810000,5
53.0137089045731,49.3882582016126,820800,5
51.1417398529805,47.4425624726048,831600,5
49.2697708013878,45.496866743597,842400,5
47.3978017497951,43.5511710145892,853200,5
45.5258326982024,41.6054752855814,864000,5
43.6538636466097,39.6597795565736,874800,5
41.7818945950171,37.7140838275658,885600,5
39.9099255434244,35.768388098558,896400,5
38.0379564918317,33.8226923695502,907200,5
36.165987440239,31.8769966405424,918000,5
34.2940183886463,29.9313009115346,928800,5
32.4220493370537,27.9856051825268,939600,5
30.550080285461,26.039909453519,950400,5
28.6781112338683,24.0942137245112,961200,5
26.8061421822756,22.1485179955034,972000,5
24.9341731306829,20.2028222664956,982800,5
23.0622040790903,18.2571265374878,993600,5
21.1902350274976,16.31143080848,1004400,5
19.3182659759049,14.3657350794722,1015200,5
17.4462969243122,12.4200393504644,1026000,5
20.1419367462795,12.5734210645766,1036800,5
22.8375765682469,12.7268027786888,1047600,5
25.5332163902142,12.880184492801,1058400,5
28.2288562121815,13.0335662069132,1069200,5
30.9244960341488,13.1869479210254,1080000,5
33.6201358561161,13.3403296351376,1090800,5
36.3157756780835,13.4937113492498,1101600,5
39.0114155000508,13.647093063362,1112400,5
41.7070553220181,13.8004747774742,1123200,5
44.4026951439854,13.9538564915864,1134000,5
47.0983349659527,14.1072382056987,1144800,5
49.7939747879201,14.2606199198109,1155600,5
52.4896146098874,14.4140016339231,1166400,5
55.1852544318547,14.5673833480353,1177200,5
57.880894253822,14.7207650621475,1188000,5
60.5765340757893,14.8741467762597,1198800,5
63.2721738977567,15.0275284903719,1209600,5
65.967813719724,15.1809102044841,1220400,5
68.6634535416913,15.3342919185963,1231200,5
71.3590933636586,15.4876736327085,1242000,5
74.0547331856259,15.6410553468207,1252800,5
76.7503730075933,15.7944370609329,1263600,5
79.4460128295606,15.9478187750451,1274400,5
82.1416526515279,16.1012004891573,1285200,5
84.8372924734952,16.2545822032695,1296000,5
87.5329322954625,16.4079639173817,1306800,5
90.2285721174298,16.5613456314939,1317600,5
92.9242119393972,16.7147273456061,1328400,5
95.6198517613645,16.8681090597183,1339200,5
98.3154915833318,17.0214907738305,1350000,5
101.011131405299,17.1748724879428,1360800,5
98.5028724602467,18.1741907878674,1371600,5
95.9946135151942,19.1735090877921,1382400,5
93.4863545701418,20.1728273877168,1393200,5
90.9780956250893,21.1721456876415,1404000,5
88.4698366800369,22.1714639875662,1414800,5
85.9615777349844,23.1707822874909,1425600,5
83.453318789932,24.1701005874156,1436400,5
80.9450598448795,25.1694188873402,1447200,5
78.4368008998271,26.1687371872649,1458000,5
75.9285419547746,27.1680554871896,1468800,5
73.4202830097222,28.1673737871143,1479600,5
70.9120240646697,29.166692087039,1490400,5
68.4037651196172,30.1660103869637,1501200,5
65.8955061745648,31.1653286868884,1512000,5
63.3872472295124,32.1646469868131,1522800,5
60.8789882844599,33.1639652867377,1533600,5
58.3707293394075,34.1632835866624,1544400,5
55.862470394355,35.1626018865871,1555200,5
53.3542114493026,36.1619201865118,1566000,5
50.8459525042501,37.1612384864365,1576800,5
48.3376935591977,38.1605567863612,1587600,5
45.8294346141452,39.1598750862859,1598400,5
43.3211756690927,40.1591933862106,1609200,5
40.8129167240403,41.1585116861352,1620000,5
38.3046577789878,42.1578299860599,1630800,5
35.7963988339354,43.1571482859846,1641600,5
33.2881398888829,44.1564665859093,1652400,5
30.7798809438305,45.155784885834,1663200,5
28.271621998778,46.1551031857587,1674000,5
25.7633630537256,47.1544214856834,1684800,5
23.2551041086731,48.153739785608,1695600,5
20.7468451636207,49.1530580855327,1706400,5
18.2385862185682,50.1523763854574,1717200,5
15.7303272735158,51.1516946853821,1728000,5
13.2220683284633,52.1510129853068,1738800,5
10.7138093834109,53.1503312852315,1749600,5
8.20555043835843,54.1496495851562,1760400,5
5.69729149330598,55.1489678850809,1771200,5
3.18903254825353,56.1482861850055,1782000,5
5.86761843988108,56.4876644712494,1792800,5
8.54620433150864,56.8270427574932,1803600,5
11.2247902231362,57.1664210437371,1814400,5
13.9033761147637,57.505799329981,1825200,5
16.5819620063913,57.8451776162248,1836000,5
19.2605478980189,58.1845559024687,1846800,5
21.9391337896464,58.5239341887125,1857600,5
24.617719681274,58.8633124749564,1868400,5
27.2963055729015,59.2026907612002,1879200,5
29.9748914645291,59.5420690474441,1890000,5
32.6534773561566,59.8814473336879,1900800,5
35.3320632477842,60.2208256199318,1911600,5
38.0106491394117,60.5602039061756,1922400,5
40.6892350310393,60.8995821924195,1933200,5
43.3678209226668,61.2389604786633,1944000,5
46.0464068142944,61.5783387649072,1954800,5
48.724992705922,61.9177170511511,1965600,5
51.4035785975495,62.2570953373949,1976400,5
54.0821644891771,62.5964736236388,1987200,5
56.7607503808046,62.9358519098826,1998000,5
59.4393362724322,63.2752301961265,2008800,5
62.1179221640597,63.6146084823703,2019600,5
64.7965080556873,63.9539867686142,2030400,5
67.4750939473148,64.293365054858,2041200,5
70.1536798389424,64.6327433411019,2052000,5
72.83226573057,64.9721216273457,2062800,5
75.5108516221975,65.3114999135896,2073600,5
78.1894375138251,65.6508781998334,2084400,5
80.8680234054526,65.9902564860773,2095200,5
83.5466092970802,66.3296347723211,2106000,5
86.2251951887077,66.669013058565,2116800,5
88.9037810803353,67.0083913448088,2127600,5
86.4243637429324,65.9395182620782,2138400,5
83.9449464055295,64.8706451793476,2149200,5
81.4655290681267,63.801772096617,2160000,5
78.9861117307238,62.7328990138864,2170800,5
76.5066943933209,61.6640259311558,2181600,5
74.027277055918,60.5951528484252,2192400,5
71.5478597185152,59.5262797656946,2203200,5
69.0684423811123,58.457406682964,2214000,5
66.5890250437094,57.3885336002334,2224800,5
64.1096077063065,56.3196605175028,2235600,5
61.6301903689037,55.2507874347722,2246400,5
59.1507730315008,54.1819143520416,2257200,5
56.6713556940979,53.113041269311,2268000,5
54.191938356695,52.0441681865803,2278800,5
51.7125210192921,50.9752951038497,2289600,5
49.2331036818893,49.9064220211191,2300400,5
46.7536863444864,48.8375489383885,2311200,5
44.2742690070835,47.7686758556579,2322000,5
41.7948516696806,46.6998027729273,2332800,5
39.3154343322778,45.6309296901967,2343600,5
36.8360169948749,44.5620566074661,2354400,5
34.356599657472,43.4931835247355,2365200,5
31.8771823200691,42.4243104420049,2376000,5
29.3977649826663,41.3554373592743,2386800,5
26.9183476452634,40.2865642765437,2397600,5
24.4389303078605,39.2176911938131,2408400,5
21.9595129704576,38.1488181110825,2419200,5
19.4800956330547,37.0799450283519,2430000,5
20.5578251910358,39.5555255662972,2440800,5
21.6355547490169,42.0311061042426,2451600,5
22.7132843069979,44.506686642188,2462400,5
23.791013864979,46.9822671801334,2473200,5
24.8687434229601,49.4578477180788,2484000,5
25.9464729809412,51.9334282560241,2494800,5
27.0242025389222,54.4090087939695,2505600,5
28.1019320969033,56.8845893319149,2516400,5
29.1796616548844,59.3601698698603,2527200,5
30.2573912128654,61.8357504078057,2538000,5
31.3351207708465,64.311330945751,2548800,5
32.4128503288276,66.7869114836964,2559600,5
33.4905798868086,69.2624920216418,2570400,5
34.5683094447897,71.7380725595872,2581200,5
35.6460390027708,74.2136530975325,2592000,5
36.7237685607518,76.6892336354779,2602800,5
37.8014981187329,79.1648141734233,2613600,5
38.879227676714,81.6403947113687,2624400,5
39.956957234695,84.1159752493141,2635200,5
41.0346867926761,86.5915557872594,2646000,5
42.1124163506572,89.0671363252048,2656800,5
43.1901459086382,91.5427168631502,2667600,5
44.2678754666193,94.0182974010956,2678400,5
45.3456050246004,96.4938779390409,2689200,5
46.4233345825814,98.9694584769863,2700000,5
43.94822653136,97.8906442507272,2710800,5
41.4731184801387,96.8118300244681,2721600,5
38.9980104289173,95.7330157982089,2732400,5
36.5229023776959,94.6542015719498,2743200,5
34.0477943264745,93.5753873456906,2754000,5
31.5726862752531,92.4965731194315,2764800,5
29.0975782240318,91.4177588931724,2775600,5
26.6224701728104,90.3389446669132,2786400,5
24.147362121589,89.2601304406541,2797200,5
21.6722540703676,88.181316214395,2808000,5
19.1971460191462,87.1025019881358,2818800,5
16.7220379679249,86.0236877618767,2829600,5
18.6184353235242,84.1017936259587,2840400,5
20.5148326791235,82.1798994900408,2851200,5
22.4112300347228,80.2580053541228,2862000,5
24.3076273903222,78.3361112182048,2872800,5
26.2040247459215,76.4142170822869,2883600,5
28.1004221015208,74.4923229463689,2894400,5
29.9968194571202,72.5704288104509,2905200,5
31.8932168127195,70.648534674533,2916000,5
33.7896141683188,68.726640538615,2926800,5
35.6860115239181,66.804746402697,2937600,5
37.5824088795175,64.8828522667791,2948400,5
39.4788062351168,62.9609581308611,2959200,5
41.3752035907161,61.0390639949431,2970000,5
43.2716009463155,59.1171698590251,2980800,5
45.1679983019148,57.1952757231072,2991600,5
47.0643956575141,55.2733815871892,3002400,5
48.9607930131135,53.3514874512712,3013200,5
50.8571903687128,51.4295933153533,3024000,5
52.7535877243121,49.5076991794353,3034800,5
54.6499850799114,47.5858050435173,3045600,5
56.5463824355108,45.6639109075994,3056400,5
58.4427797911101,43.7420167716814,3067200,5
60.3391771467094,41.8201226357634,3078000,5
62.2355745023088,39.8982284998455,3088800,5
64.1319718579081,37.9763343639275,3099600,5
61.4474845560982,38.2653463471076,3110400,5
58.7629972542884,38.5543583302878,3121200,5
56.0785099524786,38.8433703134679,3132000,5
53.3940226506687,39.132382296648,3142800,5
50.7095353488589,39.4213942798281,3153600,5
48.025048047049,39.7104062630083,3164400,5
45.3405607452392,39.9994182461884,3175200,5
42.6560734434293,40.2884302293685,3186000,5
39.9715861416195,40.5774422125487,3196800,5
37.2870988398097,40.8664541957288,3207600,5
34.6026115379998,41.1554661789089,3218400,5
31.91812423619,41.4444781620891,3229200,5
29.2336369343801,41.7334901452692,3240000,5
26.5491496325703,42.0225021284493,3250800,5
23.8646623307605,42.3115141116294,3261600,5
21.1801750289506,42.6005260948096,3272400,5
18.4956877271408,42.8895380779897,3283200,5
20.3691724509342,40.9453017266907,3294000,5
22.2426571747277,39.0010653753916,3304800,5
24.1161418985211,37.0568290240926,3315600,5
25.9896266223145,35.1125926727935,3326400,5
27.863111346108,33.1683563214945,3337200,5
29.7365960699014,31.2241199701955,3348000,5
31.6100807936949,29.2798836188964,3358800,5
33.4835655174883,27.3356472675974,3369600,5
35.3570502412818,25.3914109162983,3380400,5
37.2305349650752,23.4471745649993,3391200,5
39.1040196888686,21.5029382137003,3402000,5
40.9775044126621,19.5587018624012,3412800,5
42.8509891364555,17.6144655111022,3423600,5
44.724473860249,15.6702291598031,3434400,5
46.5979585840424,13.7259928085041,3445200,5
48.4714433078359,11.7817564572051,3456000,5
50.3483295299167,13.722709344156,3466800,5
52.2252157519976,15.6636622311069,3477600,5
54.1021019740784,17.6046151180578,3488400,5
55.9789881961593,19.5455680050087,3499200,5
57.8558744182401,21.4865208919596,3510000,5
59.732760640321,23.4274737789105,3520800,5
58.3267378760124,25.7324900448501,3531600,5
56.9207151117039,28.0375063107897,3542400,5
55.5146923473953,30.3425225767293,3553200,5
54.1086695830868,32.6475388426689,3564000,5
52.7026468187782,34.9525551086085,3574800,5
51.2966240544697,37.2575713745481,3585600,5
49.8906012901611,39.5625876404877,3596400,5
48.4845785258526,41.8676039064273,3607200,5
47.078555761544,44.1726201723669,3618000,5
45.6725329972355,46.4776364383065,3628800,5
44.2665102329269,48.7826527042461,3639600,5
42.8604874686184,51.0876689701857,3650400,5
41.4544647043098,53.3926852361253,3661200,5
40.0484419400013,55.697701502065,3672000,5
38.6424191756927,58.0027177680046,3682800,5
37.5042559105603,55.5543337331965,3693600,5
36.3660926454279,53.1059496983884,3704400,5
35.2279293802955,50.6575656635803,3715200,5
34.0897661151631,48.2091816287722,3726000,5
32.9516028500308,45.7607975939641,3736800,5
31.8134395848984,43.312413559156,3747600,5
30.675276319766,40.8640295243479,3758400,5
29.5371130546336,38.4156454895398,3769200,5
28.3989497895012,35.9672614547317,3780000,5
27.2607865243688,33.5188774199236,3790800,5
26.1226232592364,31.0704933851155,3801600,5
24.984459994104,28.6221093503074,3812400,5
27.680081522811,28.4684064746956,3823200,5
30.375703051518,28.3147035990838,3834000,5
33.071324580225,28.161000723472,3844800,5
35.766946108932,28.0072978478602,3855600,5
38.462567637639,27.8535949722484,3866400,5
41.158189166346,27.6998920966366,3877200,5
43.853810695053,27.5461892210248,3888000,5
46.54943222376,27.392486345413,3898800,5
49.245053752467,27.2387834698012,3909600,5
51.940675281174,27.0850805941894,3920400,5
54.636296809881,26.9313777185776,3931200,5
57.331918338588,26.7776748429658,3942000,5
60.027539867295,26.623971967354,3952800,5
62.723161396002,26.4702690917422,3963600,5
63.4380908125339,29.0738965476923,3974400,5
64.1530202290659,31.6775240036424,3985200,5
64.8679496455978,34.2811514595925,3996000,5
65.5828790621298,36.8847789155426,4006800,5
66.2978084786618,39.4884063714928,4017600,5
67.0127378951937,42.0920338274429,4028400,5
67.7276673117257,44.695661283393,4039200,5
68.4425967282577,47.2992887393431,4050000,5
69.1575261447896,49.9029161952932,4060800,5
69.8724555613216,52.5065436512433,4071600,5
70.5873849778535,55.1101711071934,4082400,5
71.3023143943855,57.7137985631436,4093200,5
72.0172438109174,60.3174260190937,4104000,5
72.7321732274494,62.9210534750438,4114800,5
73.4471026439814,65.5246809309939,4125600,5
74.1620320605133,68.128308386944,4136400,5
74.8769614770453,70.7319358428941,4147200,5
75.5918908935773,73.3355632988443,4158000,5
76.3068203101092,75.9391907547944,4168800,5
77.0217497266412,78.5428182107445,4179600,5
77.7366791431731,81.1464456666946,4190400,5
78.4516085597051,83.7500731226447,4201200,5
79.1665379762371,86.3537005785948,4212000,5
79.881467392769,88.9573280345449,4222800,5
80.596396809301,91.5609554904951,4233600,5
81.3113262258329,94.1645829464452,4244400,5
82.0262556423649,96.7682104023953,4255200,5
82.7411850588969,99.3718378583454,4266000,5
82.3419243465581,96.7015212322535,4276800,5
81.9426636342193,94.0312046061617,4287600,5
81.5434029218805,91.3608879800698,4298400,5
81.1441422095418,88.6905713539779,4309200,5
80.744881497203,86.020254727886,4320000,5
80.3456207848642,83.3499381017941,4330800,5
79.9463600725254,80.6796214757022,4341600,5
79.5470993601866,78.0093048496104,4352400,5
79.1478386478479,75.3389882235185,4363200,5
78.7485779355091,72.6686715974266,4374000,5
78.3493172231703,69.9983549713347,4384800,5
77.9500565108315,67.3280383452428,4395600,5
77.5507957984927,64.657721719151,4406400,5
77.151535086154,61.9874050930591,4417200,5
76.7522743738152,59.3170884669672,4428000,5
76.3530136614764,56.6467718408753,4438800,5
75.9537529491376,53.9764552147834,4449600,5
75.5544922367989,51.3061385886915,4460400,5
75.1552315244601,48.6358219625997,4471200,5
74.7559708121213,45.9655053365078,4482000,5
74.3567100997825,43.2951887104159,4492800,5
73.9574493874437,40.624872084324,4503600,5
73.558188675105,37.9545554582321,4514400,5
73.1589279627662,35.2842388321403,4525200,5
71.7664877260041,32.9709921554873,4536000,5
70.3740474892421,30.6577454788343,4546800,5
68.98160725248,28.3444988021813,4557600,5
67.5891670157179,26.0312521255284,4568400,5
66.1967267789559,23.7180054488754,4579200,5
64.8042865421938,21.4047587722224,4590000,5
63.4118463054317,19.0915120955695,4600800,5
62.0194060686697,16.7782654189165,4611600,5
60.6269658319076,14.4650187422635,4622400,5
59.2345255951455,12.1517720656106,4633200,5
57.8420853583835,9.8385253889576,4644000,5
58.8869481210806,12.3281562465606,4654800,5
59.9318108837778,14.8177871041635,4665600,5
60.976673646475,17.3074179617665,4676400,5
62.0215364091721,19.7970488193694,4687200,5
63.0663991718693,22.2866796769724,4698000,5
64.1112619345664,24.7763105345754,4708800,5
65.1561246972636,27.2659413921783,4719600,5
66.2009874599608,29.7555722497813,4730400,5
67.2458502226579,32.2452031073842,4741200,5
68.2907129853551,34.7348339649872,4752000,5
69.3355757480523,37.2244648225902,4762800,5
70.3804385107494,39.7140956801931,4773600,5
71.4253012734466,42.2037265377961,4784400,5
72.4701640361438,44.693357395399,4795200,5
73.5150267988409,47.182988253002,4806000,5
74.5598895615381,49.672619110605,4816800,5
75.6047523242352,52.1622499682079,4827600,5
76.6496150869324,54.6518808258109,4838400,5
77.6944778496296,57.1415116834138,4849200,5
78.7393406123267,59.6311425410168,4860000,5
79.7842033750239,62.1207733986198,4870800,5
80.8290661377211,64.6104042562227,4881600,5
81.8739289004182,67.1000351138257,4892400,5
82.9187916631154,69.5896659714286,4903200,5
83.9636544258126,72.0792968290316,4914000,5
85.0085171885097,74.5689276866346,4924800,5
86.0533799512069,77.0585585442375,4935600,5
87.0982427139041,79.5481894018405,4946400,5
88.1431054766012,82.0378202594434,4957200,5
89.1879682392984,84.5274511170464,4968000,5
90.2328310019955,87.0170819746494,4978800,5
89.8617282698006,84.3427067649681,4989600,5
89.4906255376057,81.6683315552869,5000400,5
89.1195228054107,78.9939563456057,5011200,5
88.7484200732158,76.3195811359245,5022000,5
88.3773173410209,73.6452059262433,5032800,5
88.0062146088259,70.970830716562,5043600,5
87.635111876631,68.2964555068808,5054400,5
87.2640091444361,65.6220802971996,5065200,5
86.8929064122411,62.9477050875184,5076000,5
86.5218036800462,60.2733298778372,5086800,5
86.1507009478513,57.598954668156,5097600,5
85.7795982156563,54.9245794584747,5108400,5
85.4084954834614,52.2502042487935,5119200,5
85.0373927512665,49.5758290391123,5130000,5
84.6662900190716,46.9014538294311,5140800,5
84.2951872868766,44.2270786197499,5151600,5
83.9240845546817,41.5527034100687,5162400,5
83.5529818224868,38.8783282003874,5173200,5
83.1818790902918,36.2039529907062,5184000,5
82.8107763580969,33.529577781025,5194800,5
82.439673625902,30.8552025713438,5205600,5
82.068570893707,28.1808273616626,5216400,5
81.6974681615121,25.5064521519814,5227200,5
79.8303899573645,23.5560627089221,5238000,5
77.9633117532169,21.6056732658628,5248800,5
76.0962335490694,19.6552838228036,5259600,5
74.2291553449218,17.7048943797443,5270400,5
72.3620771407742,15.754504936685,5281200,5
70.4949989366266,13.8041154936258,5292000,5
68.627920732479,11.8537260505665,5302800,5
66.7608425283314,9.90333660750725,5313600,5
64.8937643241838,7.95294716444799,5324400,5
63.0266861200362,6.00255772138872,5335200,5
61.1596079158887,4.05216827832946,5346000,5
59.2925297117411,2.1017788352702,5356800,5
57.9470325424119,4.44264136163245,5367600,5
56.6015353730826,6.78350388799471,5378400,5
55.2560382037534,9.12436641435697,5389200,5
53.9105410344242,11.4652289407192,5400000,5
52.565043865095,13.8060914670815,5410800,5
51.2195466957658,16.1469539934437,5421600,5
49.8740495264366,18.487816519806,5432400,5
48.5285523571074,20.8286790461683,5443200,5
47.1830551877782,23.1695415725305,5454000,5
45.837558018449,25.5104040988928,5464800,5
44.4920608491198,27.851266625255,5475600,5
43.1465636797906,30.1921291516173,5486400,5
40.6900726077026,29.0715705352335,5497200,5
38.2335815356146,27.9510119188497,5508000,5
35.7770904635266,26.8304533024659,5518800,5
33.3205993914386,25.7098946860821,5529600,5
30.8641083193506,24.5893360696983,5540400,5
28.4076172472626,23.4687774533145,5551200,5
25.9511261751746,22.3482188369307,5562000,5
23.4946351030866,21.227660220547,5572800,5
21.0381440309986,20.1071016041632,5583600,5
18.5816529589106,18.9865429877794,5594400,5
16.1251618868226,17.8659843713956,5605200,5
18.6946821166013,17.0367885026421,5616000,5
21.2642023463801,16.2075926338887,5626800,5
23.8337225761588,15.3783967651352,5637600,5
26.4032428059376,14.5492008963818,5648400,5
28.9727630357163,13.7200050276283,5659200,5
31.5422832654951,12.8908091588749,5670000,5
34.1118034952738,12.0616132901214,5680800,5
36.6813237250526,11.232417421368,5691600,5
39.2508439548313,10.4032215526145,5702400,5
41.82036418461,9.57402568386108,5713200,5
42.9899593953495,12.0075513243702,5724000,5
44.1595546060889,14.4410769648793,5734800,5
45.3291498168284,16.8746026053885,5745600,5
46.4987450275678,19.3081282458976,5756400,5
47.6683402383073,21.7416538864067,5767200,5
48.8379354490467,24.1751795269158,5778000,5
50.0075306597862,26.608705167425,5788800,5
51.1771258705256,29.0422308079341,5799600,5
52.3467210812651,31.4757564484432,5810400,5
53.5163162920045,33.9092820889523,5821200,5
54.685911502744,36.3428077294614,5832000,5
55.8555067134834,38.7763333699706,5842800,5
57.0251019242229,41.2098590104797,5853600,5
58.1946971349623,43.6433846509888,5864400,5
59.3642923457017,46.076910291498,5875200,5
60.4263563439042,48.5592519407723,5886000,5
61.4884203421067,51.0415935900467,5896800,5
62.5504843403092,53.523935239321,5907600,5
63.6125483385117,56.0062768885954,5918400,5
64.6746123367142,58.4886185378698,5929200,5
65.7366763349166,60.9709601871441,5940000,5
66.7987403331191,63.4533018364185,5950800,5
67.8608043313216,65.9356434856928,5961600,5
68.9228683295241,68.4179851349672,5972400,5
69.9849323277266,70.9003267842416,5983200,5
69.7408071675931,68.2113859321234,5994000,5
69.4966820074597,65.5224450800053,6004800,5
69.2525568473262,62.8335042278872,6015600,5
69.0084316871928,60.144563375769,6026400,5
68.7643065270593,57.4556225236509,6037200,5
68.5201813669259,54.7666816715327,6048000,5
68.2760562067924,52.0777408194146,6058800,5
68.031931046659,49.3887999672965,6069600,5
67.7878058865255,46.6998591151783,6080400,5
67.543680726392,44.0109182630602,6091200,5
67.2995555662586,41.3219774109421,6102000,5
67.0554304061251,38.6330365588239,6112800,5
66.8113052459917,35.9440957067058,6123600,5
66.5671800858582,33.2551548545876,6134400,5
66.3230549257248,30.5662140024695,6145200,5
66.0789297655913,27.8772731503514,6156000,5
65.8348046054579,25.1883322982332,6166800,5
65.5906794453244,22.4993914461151,6177600,5
65.3465542851909,19.810450593997,6188400,5
65.1024291250575,17.1215097418788,6199200,5
64.858303964924,14.4325688897607,6210000,5
64.6141788047906,11.7436280376425,6220800,5
64.3700536446571,9.05468718552441,6231600,5
64.1259284845237,6.36574633340627,6242400,5
63.8818033243902,3.67680548128813,6253200,5
61.4631708781505,4.8768959320445,6264000,5
59.0445384319109,6.07698638280088,6274800,5
56.6259059856712,7.27707683355725,6285600,5
54.2072735394315,8.47716728431362,6296400,5
51.7886410931918,9.67725773507,6307200,5
49.3700086469521,10.8773481858264,6318000,5
46.9513762007124,12.0774386365827,6328800,5
44.5327437544727,13.2775290873391,6339600,5
42.1141113082331,14.4776195380955,6350400,5
39.6954788619934,15.6777099888519,6361200,5
37.2768464157537,16.8778004396082,6372000,5
34.858213969514,18.0778908903646,6382800,5
32.4395815232743,19.277981341121,6393600,5
30.0209490770346,20.4780717918774,6404400,5
27.6023166307949,21.6781622426337,6415200,5
25.1836841845553,22.8782526933901,6426000,5
22.7650517383156,24.0783431441465,6436800,5
20.3464192920759,25.2784335949029,6447600,5
17.9277868458362,26.4785240456592,6458400,5
15.5091543995965,27.6786144964156,6469200,5
13.0905219533568,28.878704947172,6480000,5
10.6718895071172,30.0787953979283,6490800,5
8.25325706087747,31.2788858486847,6501600,5
5.83462461463778,32.4789762994411,6512400,5
8.04898454468246,34.0238420218301,6523200,5
10.2633444747271,35.5687077442191,6534000,5
12.4777044047718,37.1135734666081,6544800,5
14.6920643348165,38.6584391889972,6555600,5
16.9064242648612,40.2033049113862,6566400,5
19.1207841949058,41.7481706337752,6577200,5
21.3351441249505,43.2930363561642,6588000,5
23.5495040549952,44.8379020785532,6598800,5
25.7638639850399,46.3827678009422,6609600,5
27.9782239150845,47.9276335233313,6620400,5
30.1925838451292,49.4724992457203,6631200,5
32.4069437751739,51.0173649681093,6642000,5
34.6213037052186,52.5622306904983,6652800,5
36.8356636352633,54.1070964128873,6663600,5
39.0500235653079,55.6519621352763,6674400,5
41.2643834953526,57.1968278576653,6685200,5
43.4787434253973,58.7416935800544,6696000,5
45.693103355442,60.2865593024434,6706800,5
47.9074632854866,61.8314250248324,6717600,5
50.1218232155313,63.3762907472214,6728400,5
52.336183145576,64.9211564696104,6739200,5
50.8213552656089,67.1561724637533,6750000,5
49.3065273856418,69.3911884578961,6760800,5
47.7916995056747,71.626204452039,6771600,5
46.2768716257075,73.8612204461818,6782400,5
44.7620437457404,76.0962364403247,6793200,5
43.2472158657733,78.3312524344675,6804000,5
41.7323879858062,80.5662684286104,6814800,5
40.2175601058391,82.8012844227532,6825600,5
42.6845310428378,83.8985785474088,6836400,5
45.1515019798365,84.9958726720644,6847200,5
47.6184729168353,86.09316679672,6858000,5
50.085443853834,87.1904609213756,6868800,5
52.5524147908327,88.2877550460312,6879600,5
55.0193857278314,89.3850491706868,6890400,5
57.4863566648301,90.4823432953424,6901200,5
59.9533276018288,91.579637419998,6912000,5
62.4202985388275,92.6769315446535,6922800,5
64.8872694758263,93.7742256693091,6933600,5
67.354240412825,94.8715197939647,6944400,5
69.8212113498237,95.9688139186203,6955200,5
72.2881822868224,97.0661080432759,6966000,5
71.5200966117855,94.4776636463836,6976800,5
70.7520109367487,91.8892192494913,6987600,5
69.9839252617118,89.300774852599,6998400,5
69.215839586675,86.7123304557067,7009200,5
68.4477539116382,84.1238860588144,7020000,5
67.6796682366013,81.5354416619221,7030800,5
66.9115825615645,78.9469972650298,7041600,5
66.1434968865276,76.3585528681374,7052400,5
65.3754112114908,73.7701084712451,7063200,5
64.6073255364539,71.1816640743528,7074000,5
63.8392398614171,68.5932196774605,7084800,5
63.0711541863802,66.0047752805682,7095600,5
62.3030685113434,63.4163308836759,7106400,5
61.5349828363065,60.8278864867836,7117200,5
60.7668971612697,58.2394420898913,7128000,5
59.9988114862328,55.650997692999,7138800,5
59.230725811196,53.0625532961067,7149600,5
58.4626401361591,50.4741088992144,7160400,5
57.6945544611223,47.8856645023221,7171200,5
56.9264687860854,45.2972201054297,7182000,5
56.1583831110486,42.7087757085374,7192800,5
55.3902974360117,40.1203313116451,7203600,5
54.6222117609749,37.5318869147528,7214400,5
53.854126085938,34.9434425178605,7225200,5
53.0860404109012,32.3549981209682,7236000,5
50.8490705791987,33.8669392481465,7246800,5
48.6121007474963,35.3788803753248,7257600,5
46.3751309157939,36.8908215025031,7268400,5
44.1381610840915,38.4027626296814,7279200,5
41.901191252389,39.9147037568597,7290000,5
39.6642214206866,41.426644884038,7300800,5
37.4272515889842,42.9385860112164,7311600,5
35.1902817572818,44.4505271383947,7322400,5
32.9533119255793,45.962468265573,7333200,5
30.7163420938769,47.4744093927513,7344000,5
28.4793722621745,48.9863505199296,7354800,5
26.242402430472,50.4982916471079,7365600,5
24.0054325987696,52.0102327742862,7376400,5
21.7684627670672,53.5221739014645,7387200,5
19.5314929353648,55.0341150286428,7398000,5
17.2945231036623,56.5460561558211,7408800,5
15.0575532719599,58.0579972829994,7419600,5
12.8205834402575,59.5699384101777,7430400,5
10.583613608555,61.081879537356,7441200,5
13.1846820688662,60.3576952619297,7452000,5
15.7857505291773,59.6335109865034,7462800,5
18.3868189894884,58.9093267110771,7473600,5
20.9878874497995,58.1851424356508,7484400,5
23.5889559101106,57.4609581602244,7495200,5
26.1900243704218,56.7367738847981,7506000,5
28.7910928307329,56.0125896093718,7516800,5
31.392161291044,55.2884053339455,7527600,5
33.9932297513551,54.5642210585191,7538400,5
36.5942982116662,53.8400367830928,7549200,5
39.1953666719773,53.1158525076665,7560000,5
41.7964351322885,52.3916682322402,7570800,5
44.3975035925996,51.6674839568138,7581600,5
46.9985720529107,50.9432996813875,7592400,5
49.5996405132218,50.2191154059612,7603200,5
52.2007089735329,49.4949311305349,7614000,5
54.8017774338441,48.7707468551085,7624800,5
57.4028458941552,48.0465625796822,7635600,5
60.0039143544663,47.3223783042559,7646400,5
62.6049828147774,46.5981940288296,7657200,5
65.2060512750885,45.8740097534033,7668000,5
67.8071197353997,45.1498254779769,7678800,5
70.4081881957108,44.4256412025506,7689600,5
73.0092566560219,43.7014569271243,7700400,5
75.610325116333,42.977272651698,7711200,5
78.2113935766441,42.2530883762716,7722000,5
75.5776713639093,41.6585235722787,7732800,5
72.9439491511745,41.0639587682857,7743600,5
70.3102269384397,40.4693939642927,7754400,5
67.6765047257048,39.8748291602998,7765200,5
65.04278251297,39.2802643563068,7776000,5
62.4090603002352,38.6856995523138,7786800,5
59.7753380875004,38.0911347483209,7797600,5
57.1416158747656,37.4965699443279,7808400,5
54.5078936620307,36.9020051403349,7819200,5
51.8741714492959,36.307440336342,7830000,5
49.2404492365611,35.712875532349,7840800,5
46.6067270238263,35.118310728356,7851600,5
43.9730048110914,34.5237459243631,7862400,5
41.3392825983566,33.9291811203701,7873200,5
38.7055603856218,33.3346163163771,7884000,5
36.071838172887,32.7400515123842,7894800,5
33.4381159601522,32.1454867083912,7905600,5
30.8043937474173,31.5509219043982,7916400,5
28.1706715346825,30.9563571004053,7927200,5
25.5369493219477,30.3617922964123,7938000,5
22.9032271092129,29.7672274924193,7948800,5
20.269504896478,29.1726626884264,7959600,5
17.6357826837432,28.5780978844334,7970400,5
15.0020604710084,27.9835330804404,7981200,5
12.3683382582736,27.3889682764475,7992000,5
9.73461604553876,26.7944034724545,8002800,5
12.3647898244272,27.4044738723656,8013600,5
14.9949636033156,28.0145442722768,8024400,5
17.050862989298,29.7647664623764,8035200,5
19.1067623752804,31.514988652476,8046000,5
21.1626617612629,33.2652108425757,8056800,5
23.2185611472453,35.0154330326753,8067600,5
25.2744605332277,36.7656552227749,8078400,5
27.3303599192101,38.5158774128746,8089200,5
29.3862593051925,40.2660996029742,8100000,5
31.4421586911749,42.0163217930738,8110800,5
33.4980580771573,43.7665439831735,8121600,5
35.5539574631397,45.5167661732731,8132400,5
37.6098568491221,47.2669883633727,8143200,5
39.6657562351045,49.0172105534724,8154000,5
41.7216556210869,50.767432743572,8164800,5
43.7775550070693,52.5176549336716,8175600,5
43.9288092635938,55.2134149656261,8186400,5
44.0800635201183,57.9091749975806,8197200,5
44.2313177766427,60.6049350295351,8208000,5
44.3825720331672,63.3006950614896,8218800,5
44.5338262896917,65.9964550934441,8229600,5
44.6850805462161,68.6922151253985,8240400,5
44.8363348027406,71.387975157353,8251200,5
44.9875890592651,74.0837351893075,8262000,5
45.1388433157895,76.779495221262,8272800,5
45.290097572314,79.4752552532165,8283600,5
45.4413518288384,82.1710152851709,8294400,5
45.5926060853629,84.8667753171254,8305200,5
45.7438603418874,87.5625353490799,8316000,5
47.5404803736707,89.5780145629134,8326800,5
49.3371004054539,91.593493776747,8337600,5
51.1337204372372,93.6089729905805,8348400,5
53.7951090772847,94.0639570635174,8359200,5
56.4564977173322,94.5189411364543,8370000,5
59.1178863573797,94.9739252093911,8380800,5
61.7792749974271,95.428909282328,8391600,5
64.4406636374746,95.8838933552648,8402400,5
62.2290641286586,94.3350784494078,8413200,5
60.0174646198427,92.7862635435508,8424000,5
57.8058651110267,91.2374486376937,8434800,5
55.5942656022107,89.6886337318367,8445600,5
53.3826660933947,88.1398188259797,8456400,5
51.1710665845788,86.5910039201226,8467200,5
48.9594670757628,85.0421890142656,8478000,5
46.7478675669468,83.4933741084085,8488800,5
44.5362680581309,81.9445592025515,8499600,5
42.3246685493149,80.3957442966945,8510400,5
40.1130690404989,78.8469293908374,8521200,5
37.9014695316829,77.2981144849804,8532000,5
35.6898700228669,75.7492995791234,8542800,5
33.478270514051,74.2004846732663,8553600,5
31.266671005235,72.6516697674093,8564400,5
29.055071496419,71.1028548615523,8575200,5
26.8434719876031,69.5540399556952,8586000,5
24.6318724787871,68.0052250498382,8596800,5
27.2830165697294,67.4939178925816,8607600,5
29.9341606606717,66.9826107353251,8618400,5
31.4177482396466,64.7267366485216,8629200,5
32.9013358186215,62.4708625617182,8640000,5
50,50,0,6
48.2065768213113,47.9816756201883,10800,6
46.4131536426226,45.9633512403767,21600,6
44.6197304639339,43.945026860565,32400,6
42.8263072852452,41.9267024807534,43200,6
41.0328841065565,39.9083781009417,54000,6
39.2394609278678,37.89005372113,64800,6
37.4460377491791,35.8717293413184,75600,6
35.6526145704904,33.8534049615067,86400,6
33.8591913918017,31.835080581695,97200,6
32.065768213113,29.8167562018834,108000,6
30.2723450344243,27.7984318220717,118800,6
28.4789218557356,25.78010744226,129600,6
26.685498677047,23.7617830624484,140400,6
24.8920754983583,21.7434586826367,151200,6
26.3920961081869,23.9884393440433,162000,6
27.8921167180155,26.2334200054498,172800,6
29.3921373278442,28.4784006668563,183600,6
30.8921579376728,30.7233813282629,194400,6
32.3921785475014,32.9683619896694,205200,6
33.8921991573301,35.2133426510759,216000,6
35.3922197671587,37.4583233124825,226800,6
36.8922403769873,39.703303973889,237600,6
38.392260986816,41.9482846352956,248400,6
39.8922815966446,44.1932652967021,259200,6
41.3923022064732,46.4382459581086,270000,6
42.8923228163018,48.6832266195152,280800,6
44.3923434261305,50.9282072809217,291600,6
45.8923640359591,53.1731879423283,302400,6
47.3923846457878,55.4181686037348,313200,6
48.8924052556164,57.6631492651413,324000,6
50.392425865445,59.9081299265479,334800,6
51.8924464752737,62.1531105879544,345600,6
53.3924670851023,64.3980912493609,356400,6
54.8924876949309,66.6430719107675,367200,6
56.3925083047595,68.888052572174,378000,6
57.8925289145882,71.1330332335806,388800,6
59.3925495244168,73.3780138949871,399600,6
60.8925701342454,75.6229945563936,410400,6
62.3925907440741,77.8679752178002,421200,6
63.8926113539027,80.1129558792067,432000,6
65.3926319637313,82.3579365406132,442800,6
66.89265257356,84.6029172020198,453600,6
64.2460565294332,84.068567710383,464400,6
61.5994604853064,83.5342182187462,475200,6
58.9528644411796,82.9998687271094,486000,6
56.3062683970529,82.4655192354726,496800,6
53.6596723529261,81.9311697438358,507600,6
51.0130763087993,81.396820252199,518400,6
48.3664802646725,80.8624707605622,529200,6
45.7198842205458,80.3281212689254,540000,6
43.073288176419,79.7937717772886,550800,6
40.4266921322922,79.2594222856518,561600,6
37.7800960881654,78.725072794015,572400,6
35.1335000440387,78.1907233023782,583200,6
36.1747003637198,75.6995585357889,594000,6
37.2159006834009,73.2083937691995,604800,6
38.257101003082,70.7172290026102,615600,6
39.2983013227631,68.2260642360209,626400,6
40.3395016424442,65.7348994694316,637200,6
41.3807019621253,63.2437347028423,648000,6
42.4219022818064,60.752569936253,658800,6
43.4631026014875,58.2614051696637,669600,6
44.5043029211686,55.7702404030744,680400,6
45.5455032408497,53.2790756364851,691200,6
46.5867035605308,50.7879108698958,702000,6
47.6279038802119,48.2967461033065,712800,6
48.669104199893,45.8055813367172,723600,6
49.7103045195741,43.3144165701278,734400,6
50.7515048392552,40.8232518035385,745200,6
51.7927051589363,38.3320870369492,756000,6
52.8339054786174,35.8409222703599,766800,6
53.8751057982985,33.3497575037706,777600,6
54.9163061179796,30.8585927371813,788400,6
55.9575064376607,28.367427970592,799200,6
56.9987067573418,25.8762632040027,810000,6
58.0399070770229,23.3850984374134,820800,6
59.081107396704,20.8939336708241,831600,6
60.1223077163851,18.4027689042347,842400,6
61.1635080360662,15.9116041376454,853200,6
62.2047083557473,13.4204393710561,864000,6
63.2459086754284,10.9292746044668,874800,6
64.2871089951095,8.43810983787751,885600,6
65.3283093147906,5.9469450712882,896400,6
66.3695096344717,3.45578030469888,907200,6
67.4107099541528,0.964615538109574,918000,6
66.9048064399588,3.61679608142221,928800,6
66.3989029257647,6.26897662473485,939600,6
65.8929994115707,8.92115716804749,950400,6
65.3870958973767,11.5733377113601,961200,6
64.8811923831826,14.2255182546728,972000,6
64.3752888689886,16.8776987979854,982800,6
63.8693853547945,19.529879341298,993600,6
63.3634818406005,22.1820598846107,1004400,6
62.8575783264065,24.8342404279233,1015200,6
62.3516748122124,27.486420971236,1026000,6
61.8457712980184,30.1386015145486,1036800,6
61.3398677838243,32.7907820578612,1047600,6
60.8339642696303,35.4429626011739,1058400,6
60.3280607554362,38.0951431444865,1069200,6
62.0442540278073,36.010753389218,1080000,6
63.7604473001784,33.9263636339495,1090800,6
65.4766405725495,31.841973878681,1101600,6
67.1928338449205,29.7575841234125,1112400,6
68.9090271172916,27.673194368144,1123200,6
70.6252203896627,25.5888046128755,1134000,6
72.3414136620338,23.504414857607,1144800,6
74.0576069344048,21.4200251023385,1155600,6
75.7738002067759,19.33563534707,1166400,6
77.489993479147,17.2512455918015,1177200,6
79.2061867515181,15.166855836533,1188000,6
80.9223800238892,13.0824660812645,1198800,6
82.6385732962602,10.9980763259961,1209600,6
84.3547665686313,8.91368657072755,1220400,6
86.0709598410024,6.82929681545906,1231200,6
87.7871531133734,4.74490706019056,1242000,6
89.5033463857445,2.66051730492206,1252800,6
91.2195396581156,0.576127549653567,1263600,6
89.243115853714,2.41562447691241,1274400,6
87.2666920493124,4.25512140417125,1285200,6
85.2902682449108,6.0946183314301,1296000,6
83.3138444405092,7.93411525868894,1306800,6
81.3374206361076,9.77361218594778,1317600,6
79.360996831706,11.6131091132066,1328400,6
77.3845730273044,13.4526060404655,1339200,6
75.4081492229028,15.2921029677243,1350000,6
73.4317254185012,17.1315998949832,1360800,6
71.4553016140997,18.971096822242,1371600,6
69.478877809698,20.8105937495008,1382400,6
67.5024540052965,22.6500906767597,1393200,6
65.5260302008949,24.4895876040185,1404000,6
63.5496063964933,26.3290845312774,1414800,6
61.5731825920917,28.1685814585362,1425600,6
59.5967587876901,30.008078385795,1436400,6
57.6203349832885,31.8475753130539,1447200,6
55.6439111788869,33.6870722403127,1458000,6
53.6674873744853,35.5265691675716,1468800,6
51.6910635700837,37.3660660948304,1479600,6
49.7146397656821,39.2055630220893,1490400,6
47.7382159612805,41.0450599493481,1501200,6
45.7617921568789,42.884556876607,1512000,6
45.787883615289,45.5844308062189,1522800,6
45.813975073699,48.2843047358308,1533600,6
45.8400665321091,50.9841786654427,1544400,6
45.8661579905192,53.6840525950546,1555200,6
45.8922494489292,56.3839265246665,1566000,6
45.9183409073393,59.0838004542784,1576800,6
45.9444323657494,61.7836743838903,1587600,6
45.9705238241595,64.4835483135022,1598400,6
45.9966152825695,67.1834222431141,1609200,6
46.0227067409796,69.883296172726,1620000,6
46.0487981993897,72.5831701023379,1630800,6
46.0748896577997,75.2830440319498,1641600,6
46.1009811162098,77.9829179615617,1652400,6
43.4026753383273,78.0785523123245,1663200,6
40.7043695604448,78.1741866630874,1674000,6
38.0060637825622,78.2698210138502,1684800,6
35.3077580046797,78.365455364613,1695600,6
32.6094522267972,78.4610897153759,1706400,6
33.1236176824232,75.8104984824165,1717200,6
33.6377831380493,73.1599072494572,1728000,6
34.1519485936753,70.5093160164979,1738800,6
34.6661140493013,67.8587247835385,1749600,6
35.1802795049274,65.2081335505792,1760400,6
35.6944449605534,62.5575423176199,1771200,6
36.2086104161794,59.9069510846605,1782000,6
36.7227758718055,57.2563598517012,1792800,6
37.2369413274315,54.6057686187419,1803600,6
37.7511067830575,51.9551773857825,1814400,6
38.2652722386836,49.3045861528232,1825200,6
38.7794376943096,46.6539949198639,1836000,6
39.2936031499356,44.0034036869045,1846800,6
39.8077686055616,41.3528124539452,1857600,6
40.3219340611877,38.7022212209859,1868400,6
40.8360995168137,36.0516299880265,1879200,6
41.3502649724397,33.4010387550672,1890000,6
41.8644304280658,30.7504475221079,1900800,6
42.3785958836918,28.0998562891485,1911600,6
42.8927613393178,25.4492650561892,1922400,6
43.4069267949439,22.7986738232299,1933200,6
43.9210922505699,20.1480825902705,1944000,6
44.4352577061959,17.4974913573112,1954800,6
44.949423161822,14.8469001243519,1965600,6
45.463588617448,12.1963088913925,1976400,6
45.977754073074,9.5457176584332,1987200,6
46.4919195287,6.89512642547388,1998000,6
47.0060849843261,4.24453519251454,2008800,6
45.9331050042102,6.72217801630303,2019600,6
44.8601250240944,9.19982084009152,2030400,6
43.7871450439786,11.67746366388,2041200,6
42.7141650638627,14.1551064876685,2052000,6
41.6411850837469,16.632749311457,2062800,6
40.568205103631,19.1103921352455,2073600,6
39.4952251235152,21.588034959034,2084400,6
38.4222451433994,24.0656777828225,2095200,6
37.3492651632835,26.543320606611,2106000,6
36.2762851831677,29.0209634303995,2116800,6
35.2033052030518,31.498606254188,2127600,6
34.130325222936,33.9762490779764,2138400,6
33.0573452428202,36.4538919017649,2149200,6
31.9843652627043,38.9315347255534,2160000,6
30.9113852825885,41.4091775493419,2170800,6
29.8384053024726,43.8868203731304,2181600,6
28.7654253223568,46.3644631969189,2192400,6
27.692445342241,48.8421060207074,2203200,6
26.6194653621251,51.3197488444959,2214000,6
25.5464853820093,53.7973916682844,2224800,6
24.4735054018934,56.2750344920729,2235600,6
23.4005254217776,58.7526773158614,2246400,6
22.3275454416618,61.2303201396499,2257200,6
21.2545654615459,63.7079629634383,2268000,6
20.1815854814301,66.1856057872268,2278800,6
19.1086055013142,68.6632486110153,2289600,6
18.0356255211984,71.1408914348038,2300400,6
19.2900687401189,68.7499978339708,2311200,6
20.5445119590393,66.3591042331377,2322000,6
21.7989551779598,63.9682106323046,2332800,6
23.0533983968802,61.5773170314716,2343600,6
24.3078416158007,59.1864234306385,2354400,6
25.5622848347211,56.7955298298054,2365200,6
26.8167280536416,54.4046362289724,2376000,6
28.071171272562,52.0137426281393,2386800,6
29.3256144914825,49.6228490273063,2397600,6
30.5800577104029,47.2319554264732,2408400,6
31.8345009293234,44.8410618256401,2419200,6
33.0889441482438,42.4501682248071,2430000,6
34.3433873671643,40.059274623974,2440800,6
35.5978305860847,37.6683810231409,2451600,6
36.8522738050052,35.2774874223079,2462400,6
38.1067170239256,32.8865938214748,2473200,6
39.3611602428461,30.4957002206417,2484000,6
40.6156034617665,28.1048066198087,2494800,6
41.870046680687,25.7139130189756,2505600,6
43.1244898996074,23.3230194181425,2516400,6
44.3789331185279,20.9321258173095,2527200,6
45.6333763374483,18.5412322164764,2538000,6
46.8878195563688,16.1503386156433,2548800,6
46.144147976712,18.745902635584,2559600,6
45.4004763970551,21.3414666555247,2570400,6
44.6568048173983,23.9370306754654,2581200,6
43.9131332377414,26.5325946954061,2592000,6
43.1694616580846,29.1281587153468,2602800,6
42.4257900784278,31.7237227352875,2613600,6
41.6821184987709,34.3192867552282,2624400,6
40.9384469191141,36.9148507751689,2635200,6
40.1947753394572,39.5104147951096,2646000,6
39.4511037598004,42.1059788150503,2656800,6
38.7074321801436,44.701542834991,2667600,6
37.9637606004867,47.2971068549317,2678400,6
37.2200890208299,49.8926708748724,2689200,6
36.476417441173,52.4882348948131,2700000,6
35.7327458615162,55.0837989147538,2710800,6
34.9890742818594,57.6793629346945,2721600,6
34.2454027022025,60.2749269546352,2732400,6
32.2387712050453,62.0814235736789,2743200,6
30.2321397078881,63.8879201927227,2754000,6
28.2255082107308,65.6944168117665,2764800,6
26.2188767135736,67.5009134308102,2775600,6
24.2122452164164,69.307410049854,2786400,6
22.2056137192592,71.1139066688977,2797200,6
20.1989822221019,72.9204032879415,2808000,6
18.1923507249447,74.7268999069853,2818800,6
19.1025298753626,77.268862517675,2829600,6
20.0127090257804,79.8108251283648,2840400,6
20.9228881761983,82.3527877390545,2851200,6
21.8330673266162,84.8947503497442,2862000,6
22.7432464770341,87.436712960434,2872800,6
23.6534256274519,89.9786755711237,2883600,6
24.5636047778698,92.5206381818135,2894400,6
24.9554448293806,89.8492225694401,2905200,6
25.3472848808914,87.1778069570668,2916000,6
25.7391249324022,84.5063913446934,2926800,6
26.130964983913,81.8349757323201,2937600,6
26.5228050354238,79.1635601199468,2948400,6
26.9146450869345,76.4921445075734,2959200,6
26.4658096589005,73.8297120185624,2970000,6
26.0169742308664,71.1672795295514,2980800,6
25.5681388028324,68.5048470405403,2991600,6
25.1193033747983,65.8424145515293,3002400,6
24.6704679467643,63.1799820625183,3013200,6
24.2216325187302,60.5175495735072,3024000,6
23.7727970906962,57.8551170844962,3034800,6
23.3239616626622,55.1926845954852,3045600,6
22.8751262346281,52.5302521064741,3056400,6
22.4262908065941,49.8678196174631,3067200,6
21.97745537856,47.2053871284521,3078000,6
21.528619950526,44.542954639441,3088800,6
21.0797845224919,41.88052215043,3099600,6
20.6309490944579,39.218089661419,3110400,6
20.1821136664238,36.5556571724079,3121200,6
19.7332782383898,33.8932246833969,3132000,6
19.2844428103557,31.2307921943859,3142800,6
18.8356073823217,28.5683597053748,3153600,6
17.9786150047432,31.128743283039,3164400,6
17.1216226271647,33.6891268607031,3175200,6
16.2646302495861,36.2495104383673,3186000,6
15.4076378720076,38.8098940160315,3196800,6
14.5506454944291,41.3702775936956,3207600,6
13.6936531168506,43.9306611713598,3218400,6
12.8366607392721,46.491044749024,3229200,6
11.9796683616936,49.0514283266881,3240000,6
11.1226759841151,51.6118119043523,3250800,6
10.2656836065366,54.1721954820164,3261600,6
9.40869122895805,56.7325790596806,3272400,6
12.1070216632113,56.6376429359839,3283200,6
14.8053520974646,56.5427068122873,3294000,6
17.5036825317179,56.4477706885906,3304800,6
20.2020129659711,56.352834564894,3315600,6
22.9003434002244,56.2578984411973,3326400,6
25.5986738344777,56.1629623175007,3337200,6
28.297004268731,56.068026193804,3348000,6
30.9953347029842,55.9730900701074,3358800,6
33.6936651372375,55.8781539464107,3369600,6
36.3919955714908,55.7832178227141,3380400,6
39.090326005744,55.6882816990174,3391200,6
41.7886564399973,55.5933455753208,3402000,6
44.4869868742506,55.4984094516241,3412800,6
47.1853173085039,55.4034733279275,3423600,6
49.8836477427571,55.3085372042308,3434400,6
52.5819781770104,55.2136010805342,3445200,6
55.2803086112637,55.1186649568375,3456000,6
57.978639045517,55.0237288331409,3466800,6
60.6769694797702,54.9287927094442,3477600,6
63.3752999140235,54.8338565857476,3488400,6
66.0736303482768,54.7389204620509,3499200,6
68.77196078253,54.6439843383543,3510000,6
66.2430998013962,55.5899558696904,3520800,6
63.7142388202623,56.5359274010266,3531600,6
61.1853778391284,57.4818989323628,3542400,6
58.6565168579945,58.427870463699,3553200,6
56.1276558768606,59.3738419950351,3564000,6
53.5987948957267,60.3198135263713,3574800,6
51.0699339145928,61.2657850577075,3585600,6
48.5410729334589,62.2117565890436,3596400,6
46.012211952325,63.1577281203798,3607200,6
43.4833509711911,64.103699651716,3618000,6
46.1413430448486,64.5781236565616,3628800,6
48.7993351185061,65.0525476614072,3639600,6
51.4573271921637,65.5269716662529,3650400,6
54.1153192658212,66.0013956710985,3661200,6
56.7733113394787,66.4758196759441,3672000,6
59.4313034131362,66.9502436807897,3682800,6
62.0892954867938,67.4246676856354,3693600,6
64.7472875604513,67.899091690481,3704400,6
64.6288643014624,70.5964933905862,3715200,6
64.5104410424735,73.2938950906914,3726000,6
64.3920177834845,75.9912967907966,3736800,6
64.2735945244956,78.6886984909018,3747600,6
64.1551712655067,81.386100191007,3758400,6
64.0367480065178,84.0835018911122,3769200,6
63.9183247475289,86.7809035912174,3780000,6
63.79990148854,89.4783052913226,3790800,6
63.681478229551,92.1757069914278,3801600,6
63.5630549705621,94.873108691533,3812400,6
61.2084654992474,93.5517804122724,3823200,6
58.8538760279327,92.2304521330118,3834000,6
56.4992865566179,90.9091238537512,3844800,6
54.1446970853032,89.5877955744905,3855600,6
51.7901076139885,88.2664672952299,3866400,6
49.4355181426738,86.9451390159693,3877200,6
47.080928671359,85.6238107367087,3888000,6
44.7263392000443,84.3024824574481,3898800,6
42.3717497287296,82.9811541781874,3909600,6
40.0171602574148,81.6598258989268,3920400,6
37.6625707861001,80.3384976196662,3931200,6
35.3079813147854,79.0171693404056,3942000,6
32.9533918434707,77.6958410611449,3952800,6
30.5988023721559,76.3745127818843,3963600,6
28.2442129008412,75.0531845026237,3974400,6
25.8896234295265,73.7318562233631,3985200,6
23.5350339582118,72.4105279441025,3996000,6
21.180444486897,71.0891996648418,4006800,6
21.2918474771116,68.3914989079433,4017600,6
21.4032504673263,65.6937981510447,4028400,6
21.5146534575409,62.9960973941461,4039200,6
21.6260564477555,60.2983966372475,4050000,6
21.7374594379701,57.6006958803489,4060800,6
21.8488624281847,54.9029951234503,4071600,6
21.9602654183994,52.2052943665517,4082400,6
22.071668408614,49.5075936096531,4093200,6
22.1830713988286,46.8098928527545,4104000,6
22.2944743890432,44.1121920958559,4114800,6
22.4058773792578,41.4144913389573,4125600,6
22.5172803694724,38.7167905820587,4136400,6
22.6286833596871,36.0190898251601,4147200,6
22.7400863499017,33.3213890682615,4158000,6
22.8514893401163,30.6236883113629,4168800,6
22.9628923303309,27.9259875544643,4179600,6
23.0742953205455,25.2282867975658,4190400,6
23.1856983107602,22.5305860406672,4201200,6
23.2971013009748,19.8328852837686,4212000,6
23.4085042911894,17.13518452687,4222800,6
23.519907281404,14.4374837699714,4233600,6
23.6313102716186,11.7397830130728,4244400,6
25.6413046748206,13.5425371557935,4255200,6
27.6512990780226,15.3452912985142,4266000,6
29.6612934812246,17.148045441235,4276800,6
31.6712878844265,18.9507995839557,4287600,6
33.6812822876285,20.7535537266764,4298400,6
35.6912766908305,22.5563078693972,4309200,6
37.7012710940324,24.3590620121179,4320000,6
39.7112654972344,26.1618161548386,4330800,6
41.7212599004364,27.9645702975593,4341600,6
43.7312543036384,29.7673244402801,4352400,6
45.7412487068403,31.5700785830008,4363200,6
47.7512431100423,33.3728327257215,4374000,6
49.7612375132443,35.1755868684423,4384800,6
51.7712319164462,36.978341011163,4395600,6
53.7812263196482,38.7810951538837,4406400,6
55.7912207228502,40.5838492966044,4417200,6
57.8012151260522,42.3866034393252,4428000,6
59.8112095292541,44.1893575820459,4438800,6
58.3664146154458,46.4702713588103,4449600,6
56.9216197016375,48.7511851355747,4460400,6
55.4768247878292,51.0320989123391,4471200,6
54.0320298740209,53.3130126891035,4482000,6
52.5872349602125,55.5939264658679,4492800,6
51.1424400464042,57.8748402426323,4503600,6
49.6976451325959,60.1557540193967,4514400,6
48.2528502187876,62.436667796161,4525200,6
46.8080553049793,64.7175815729254,4536000,6
45.363260391171,66.9984953496898,4546800,6
47.2630842189578,65.0799882677708,4557600,6
49.1629080467446,63.1614811858518,4568400,6
51.0627318745314,61.2429741039328,4579200,6
52.9625557023183,59.3244670220138,4590000,6
54.8623795301051,57.4059599400948,4600800,6
56.7622033578919,55.4874528581758,4611600,6
58.6620271856787,53.5689457762567,4622400,6
60.5618510134656,51.6504386943377,4633200,6
62.4616748412524,49.7319316124187,4644000,6
64.3614986690392,47.8134245304997,4654800,6
66.261322496826,45.8949174485807,4665600,6
68.1611463246129,43.9764103666617,4676400,6
70.0609701523997,42.0579032847427,4687200,6
71.9607939801865,40.1393962028236,4698000,6
73.8606178079734,38.2208891209046,4708800,6
75.7604416357602,36.3023820389856,4719600,6
77.660265463547,34.3838749570666,4730400,6
75.3769532830281,35.8248765137257,4741200,6
73.0936411025091,37.2658780703847,4752000,6
70.8103289219902,38.7068796270438,4762800,6
68.5270167414713,40.1478811837029,4773600,6
66.2437045609523,41.588882740362,4784400,6
67.3111329984617,44.0689223631898,4795200,6
68.3785614359711,46.5489619860177,4806000,6
69.4459898734805,49.0290016088456,4816800,6
70.5134183109899,51.5090412316735,4827600,6
71.5808467484993,53.9890808545014,4838400,6
72.6482751860087,56.4691204773292,4849200,6
73.7157036235181,58.9491601001571,4860000,6
74.7831320610275,61.429199722985,4870800,6
75.8505604985369,63.9092393458129,4881600,6
76.9179889360463,66.3892789686408,4892400,6
77.9854173735557,68.8693185914686,4903200,6
79.0528458110651,71.3493582142965,4914000,6
80.1202742485745,73.8293978371244,4924800,6
81.1877026860839,76.3094374599523,4935600,6
82.2551311235933,78.7894770827802,4946400,6
83.3225595611027,81.2695167056081,4957200,6
84.3899879986121,83.7495563284359,4968000,6
81.8672155241974,82.7874653543926,4978800,6
79.3444430497827,81.8253743803492,4989600,6
76.8216705753681,80.8632834063059,5000400,6
74.2988981009534,79.9011924322625,5011200,6
71.7761256265387,78.9391014582192,5022000,6
69.253353152124,77.9770104841758,5032800,6
66.7305806777094,77.0149195101325,5043600,6
64.2078082032947,76.0528285360892,5054400,6
61.68503572888,75.0907375620458,5065200,6
59.1622632544653,74.1286465880025,5076000,6
56.6394907800507,73.1665556139591,5086800,6
54.116718305636,72.2044646399158,5097600,6
51.5939458312213,71.2423736658724,5108400,6
49.0711733568067,70.2802826918291,5119200,6
46.548400882392,69.3181917177857,5130000,6
44.0256284079773,68.3561007437424,5140800,6
41.5028559335626,67.394009769699,5151600,6
38.980083459148,66.4319187956557,5162400,6
36.4573109847333,65.4698278216123,5173200,6
33.9345385103186,64.507736847569,5184000,6
31.411766035904,63.5456458735257,5194800,6
28.8889935614893,62.5835548994823,5205600,6
26.3662210870746,61.621463925439,5216400,6
28.9934999503713,60.9990446339044,5227200,6
31.620778813668,60.3766253423698,5238000,6
34.2480576769647,59.7542060508352,5248800,6
36.8753365402614,59.1317867593006,5259600,6
39.5026154035581,58.509367467766,5270400,6
42.1298942668548,57.8869481762315,5281200,6
44.7571731301515,57.2645288846969,5292000,6
47.3844519934482,56.6421095931623,5302800,6
50.0117308567449,56.0196903016277,5313600,6
52.6390097200416,55.3972710100931,5324400,6
55.2662885833383,54.7748517185585,5335200,6
57.893567446635,54.1524324270239,5346000,6
59.8500913498279,52.2917835573458,5356800,6
61.8066152530209,50.4311346876676,5367600,6
63.7631391562138,48.5704858179894,5378400,6
65.7196630594068,46.7098369483113,5389200,6
67.6761869625997,44.8491880786331,5400000,6
69.6327108657926,42.9885392089549,5410800,6
71.5892347689856,41.1278903392768,5421600,6
73.5457586721786,39.2672414695986,5432400,6
75.5022825753715,37.4065925999204,5443200,6
77.4588064785644,35.5459437302423,5454000,6
79.4153303817574,33.6852948605641,5464800,6
81.3718542849503,31.8246459908859,5475600,6
83.3283781881433,29.9639971212078,5486400,6
85.2849020913362,28.1033482515296,5497200,6
87.2414259945292,26.2426993818514,5508000,6
84.6272563595929,25.5673349470629,5518800,6
82.0130867246566,24.8919705122744,5529600,6
79.3989170897204,24.2166060774859,5540400,6
76.7847474547841,23.5412416426974,5551200,6
74.1705778198478,22.8658772079089,5562000,6
71.5564081849116,22.1905127731204,5572800,6
68.9422385499753,21.515148338332,5583600,6
66.328068915039,20.8397839035435,5594400,6
63.7138992801028,20.164419468755,5605200,6
61.0997296451665,19.4890550339665,5616000,6
58.4855600102302,18.813690599178,5626800,6
55.871390375294,18.1383261643895,5637600,6
53.2572207403577,17.462961729601,5648400,6
50.6430511054214,16.7875972948125,5659200,6
48.0288814704852,16.112232860024,5670000,6
45.4147118355489,15.4368684252355,5680800,6
42.8005422006126,14.761503990447,5691600,6
40.1863725656764,14.0861395556585,5702400,6
37.5722029307401,13.41077512087,5713200,6
34.9580332958038,12.7354106860815,5724000,6
32.3438636608676,12.060046251293,5734800,6
34.399421636094,13.8106694004838,5745600,6
36.4549796113205,15.5612925496747,5756400,6
38.510537586547,17.3119156988655,5767200,6
40.5660955617734,19.0625388480564,5778000,6
42.6216535369999,20.8131619972472,5788800,6
44.6772115122264,22.5637851464381,5799600,6
46.7327694874528,24.3144082956289,5810400,6
48.7883274626793,26.0650314448197,5821200,6
50.8438854379058,27.8156545940106,5832000,6
52.8994434131322,29.5662777432014,5842800,6
54.9550013883587,31.3169008923923,5853600,6
57.0105593635851,33.0675240415831,5864400,6
59.0661173388116,34.818147190774,5875200,6
61.1216753140381,36.5687703399648,5886000,6
63.1772332892645,38.3193934891557,5896800,6
65.232791264491,40.0700166383465,5907600,6
67.2883492397175,41.8206397875374,5918400,6
69.3439072149439,43.5712629367282,5929200,6
71.3994651901704,45.321886085919,5940000,6
73.4550231653969,47.0725092351099,5950800,6
75.5105811406233,48.8231323843007,5961600,6
77.5661391158498,50.5737555334916,5972400,6
79.6216970910763,52.3243786826824,5983200,6
81.6772550663027,54.0750018318733,5994000,6
83.7328130415292,55.8256249810641,6004800,6
85.7883710167557,57.576248130255,6015600,6
87.8439289919821,59.3268712794458,6026400,6
89.8994869672086,61.0774944286367,6037200,6
91.9550449424351,62.8281175778275,6048000,6
94.0106029176615,64.5787407270183,6058800,6
91.3108692411004,64.5408187592173,6069600,6
88.6111355645393,64.5028967914162,6080400,6
85.9114018879782,64.4649748236152,6091200,6
83.2116682114171,64.4270528558141,6102000,6
80.511934534856,64.3891308880131,6112800,6
77.8122008582949,64.351208920212,6123600,6
75.1124671817338,64.313286952411,6134400,6
72.4127335051728,64.2753649846099,6145200,6
69.7129998286117,64.2374430168089,6156000,6
67.0132661520506,64.1995210490078,6166800,6
64.3135324754895,64.1615990812067,6177600,6
61.6137987989284,64.1236771134057,6188400,6
58.9140651223673,64.0857551456046,6199200,6
56.2143314458062,64.0478331778036,6210000,6
53.5145977692451,64.0099112100025,6220800,6
50.814864092684,63.9719892422015,6231600,6
48.1151304161229,63.9340672744004,6242400,6
50.7941497257485,64.2700070586674,6253200,6
53.473169035374,64.6059468429344,6264000,6
53.8003493164795,67.286050024466,6274800,6
54.127529597585,69.9661532059976,6285600,6
54.4547098786904,72.6462563875292,6296400,6
54.2326708427125,75.3371110224922,6307200,6
54.0106318067346,78.0279656574552,6318000,6
53.7885927707567,80.7188202924183,6328800,6
53.5665537347788,83.4096749273813,6339600,6
53.3445146988009,86.1005295623443,6350400,6
53.122475662823,88.7913841973073,6361200,6
52.9004366268451,91.4822388322704,6372000,6
52.6783975908672,94.1730934672334,6382800,6
52.4563585548893,96.8639481021964,6393600,6
52.2343195189114,99.5548027371594,6404400,6
51.362218024043,96.9995260432086,6415200,6
50.4901165291745,94.4442493492578,6426000,6
49.618015034306,91.888972655307,6436800,6
48.7459135394375,89.3336959613562,6447600,6
47.873812044569,86.7784192674054,6458400,6
47.0017105497006,84.2231425734546,6469200,6
46.1296090548321,81.6678658795038,6480000,6
45.2575075599636,79.112589185553,6490800,6
44.3854060650951,76.5573124916022,6501600,6
43.5133045702266,74.0020357976514,6512400,6
42.6412030753581,71.4467591037006,6523200,6
41.7691015804897,68.8914824097498,6534000,6
40.8970000856212,66.336205715799,6544800,6
40.0248985907527,63.7809290218482,6555600,6
39.1527970958842,61.2256523278974,6566400,6
38.2806956010157,58.6703756339466,6577200,6
37.4085941061472,56.1150989399958,6588000,6
36.5364926112788,53.559822246045,6598800,6
35.6643911164103,51.0045455520942,6609600,6
34.7922896215418,48.4492688581433,6620400,6
33.9201881266733,45.8939921641925,6631200,6
33.0480866318048,43.3387154702417,6642000,6
32.1759851369363,40.7834387762909,6652800,6
31.3038836420679,38.2281620823401,6663600,6
30.4317821471994,35.6728853883893,6674400,6
29.5596806523309,33.1176086944385,6685200,6
28.6875791574624,30.5623320004877,6696000,6
27.8154776625939,28.0070553065369,6706800,6
26.9433761677254,25.4517786125861,6717600,6
26.071274672857,22.8965019186353,6728400,6
25.1991731779885,20.3412252246845,6739200,6
24.32707168312,17.7859485307337,6750000,6
23.4549701882515,15.2306718367829,6760800,6
22.582868693383,12.6753951428321,6771600,6
21.7107671985145,10.1201184488813,6782400,6
19.1624698018703,9.22782904613334,6793200,6
16.6141724052261,8.33553964338543,6804000,6
14.0658750085819,7.44325024063751,6814800,6
11.5175776119376,6.55096083788959,6825600,6
13.1456914947012,8.70485154652649,6836400,6
14.7738053774649,10.8587422551634,6847200,6
16.4019192602285,13.0126329638003,6858000,6
18.0300331429921,15.1665236724372,6868800,6
19.6581470257557,17.3204143810741,6879600,6
21.2862609085194,19.474305089711,6890400,6
22.914374791283,21.6281957983479,6901200,6
24.5424886740466,23.7820865069848,6912000,6
26.1706025568102,25.9359772156217,6922800,6
27.7987164395739,28.0898679242586,6933600,6
29.4268303223375,30.2437586328955,6944400,6
31.0549442051011,32.3976493415324,6955200,6
32.6830580878648,34.5515400501693,6966000,6
34.3111719706284,36.7054307588061,6976800,6
35.939285853392,38.859321467443,6987600,6
37.5673997361556,41.0132121760799,6998400,6
39.1955136189193,43.1671028847168,7009200,6
40.8236275016829,45.3209935933537,7020000,6
40.457914683757,47.9961111860597,7030800,6
40.0922018658312,50.6712287787656,7041600,6
39.7264890479053,53.3463463714715,7052400,6
39.3607762299794,56.0214639641774,7063200,6
38.9950634120536,58.6965815568833,7074000,6
38.6293505941277,61.3716991495893,7084800,6
38.2636377762018,64.0468167422952,7095600,6
37.897924958276,66.7219343350011,7106400,6
37.5322121403501,69.397051927707,7117200,6
37.1664993224243,72.072169520413,7128000,6
36.8007865044984,74.7472871131189,7138800,6
36.4350736865725,77.4224047058248,7149600,6
39.1349758473137,77.3994194404284,7160400,6
41.8348780080548,77.3764341750321,7171200,6
44.5347801687959,77.3534489096357,7182000,6
47.2346823295371,77.3304636442393,7192800,6
49.9345844902782,77.307478378843,7203600,6
52.6344866510194,77.2844931134466,7214400,6
55.3343888117605,77.2615078480502,7225200,6
58.0342909725016,77.2385225826539,7236000,6
60.7341931332428,77.2155373172575,7246800,6
63.4340952939839,77.1925520518611,7257600,6
65.6743527959659,78.699617519853,7268400,6
67.9146102979478,80.2066829878448,7279200,6
70.1548677999298,81.7137484558367,7290000,6
72.3951253019118,83.2208139238285,7300800,6
74.6353828038938,84.7278793918204,7311600,6
76.8756403058757,86.2349448598123,7322400,6
79.1158978078577,87.7420103278041,7333200,6
81.3561553098397,89.249075795796,7344000,6
83.5964128118216,90.7561412637878,7354800,6
85.8366703138036,92.2632067317797,7365600,6
88.0769278157856,93.7702721997715,7376400,6
90.3171853177676,95.2773376677634,7387200,6
92.5574428197495,96.7844031357552,7398000,6
90.7681832641035,94.7623867553742,7408800,6
88.9789237084575,92.7403703749931,7419600,6
87.1896641528114,90.718353994612,7430400,6
85.4004045971654,88.6963376142309,7441200,6
83.6111450415194,86.6743212338499,7452000,6
81.8218854858734,84.6523048534688,7462800,6
80.0326259302273,82.6302884730877,7473600,6
78.2433663745813,80.6082720927066,7484400,6
76.4541068189353,78.5862557123256,7495200,6
74.6648472632893,76.5642393319445,7506000,6
72.8755877076432,74.5422229515634,7516800,6
71.0863281519972,72.5202065711823,7527600,6
69.2970685963512,70.4981901908013,7538400,6
67.5078090407052,68.4761738104202,7549200,6
65.7185494850591,66.4541574300391,7560000,6
63.9292899294131,64.432141049658,7570800,6
62.1400303737671,62.4101246692769,7581600,6
60.3507708181211,60.3881082888959,7592400,6
58.561511262475,58.3660919085148,7603200,6
56.772251706829,56.3440755281337,7614000,6
54.982992151183,54.3220591477526,7624800,6
53.193732595537,52.3000427673716,7635600,6
51.4044730398909,50.2780263869905,7646400,6
49.6152134842449,48.2560100066094,7657200,6
47.8259539285989,46.2339936262283,7668000,6
46.0366943729529,44.2119772458473,7678800,6
44.2474348173068,42.1899608654662,7689600,6
42.4581752616608,40.1679444850851,7700400,6
40.6689157060148,38.145928104704,7711200,6
38.8796561503688,36.1239117243229,7722000,6
37.0903965947227,34.1018953439419,7732800,6
35.3011370390767,32.0798789635608,7743600,6
33.5118774834307,30.0578625831797,7754400,6
31.7226179277847,28.0358462027986,7765200,6
29.9333583721386,26.0138298224176,7776000,6
28.1440988164926,23.9918134420365,7786800,6
26.3548392608466,21.9697970616554,7797600,6
24.5655797052006,19.9477806812743,7808400,6
22.7763201495546,17.9257643008933,7819200,6
20.9870605939085,15.9037479205122,7830000,6
19.1978010382625,13.8817315401311,7840800,6
21.8871162800394,13.6417658543625,7851600,6
24.5764315218163,13.401800168594,7862400,6
27.2657467635932,13.1618344828254,7873200,6
29.9550620053701,12.9218687970569,7884000,6
32.6443772471471,12.6819031112883,7894800,6
35.333692488924,12.4419374255197,7905600,6
38.0230077307009,12.2019717397512,7916400,6
40.7123229724778,11.9620060539826,7927200,6
43.4016382142547,11.722040368214,7938000,6
46.0909534560316,11.4820746824455,7948800,6
48.7802686978085,11.2421089966769,7959600,6
51.4695839395855,11.0021433109084,7970400,6
54.1588991813624,10.7621776251398,7981200,6
56.8482144231393,10.5222119393712,7992000,6
59.5375296649162,10.2822462536027,8002800,6
62.2268449066931,10.0422805678341,8013600,6
64.91616014847,9.80231488206555,8024400,6
67.6054753902469,9.56234919629699,8035200,6
70.2947906320238,9.32238351052843,8046000,6
69.2787526512552,11.8239164049025,8056800,6
68.2627146704865,14.3254492992766,8067600,6
67.2466766897179,16.8269821936507,8078400,6
66.2306387089492,19.3285150880247,8089200,6
65.2146007281806,21.8300479823988,8100000,6
64.1985627474119,24.3315808767729,8110800,6
63.1825247666433,26.833113771147,8121600,6
62.1664867858746,29.334646665521,8132400,6
61.1504488051059,31.8361795598951,8143200,6
60.1344108243373,34.3377124542692,8154000,6
59.1183728435686,36.8392453486433,8164800,6
58.1023348628,39.3407782430174,8175600,6
57.0862968820313,41.8423111373914,8186400,6
56.0702589012626,44.3438440317655,8197200,6
55.054220920494,46.8453769261396,8208000,6
54.0381829397253,49.3469098205137,8218800,6
53.0221449589567,51.8484427148877,8229600,6
55.7083084793452,51.5754490487823,8240400,6
58.3944719997338,51.3024553826768,8251200,6
61.0806355201224,51.0294617165713,8262000,6
63.7667990405109,50.7564680504658,8272800,6
66.4529625608995,50.4834743843603,8283600,6
69.1391260812881,50.2104807182548,8294400,6
71.8252896016766,49.9374870521493,8305200,6
74.5114531220652,49.6644933860438,8316000,6
77.1976166424538,49.3914997199384,8326800,6
79.8837801628423,49.1185060538329,8337600,6
82.5699436832309,48.8455123877274,8348400,6
85.2561072036195,48.5725187216219,8359200,6
82.753119277257,49.5849669625131,8370000,6
80.2501313508945,50.5974152034044,8380800,6
77.7471434245321,51.6098634442956,8391600,6
75.2441554981696,52.6223116851869,8402400,6
72.7411675718072,53.6347599260781,8413200,6
70.2381796454447,54.6472081669694,8424000,6
67.7351917190823,55.6596564078606,8434800,6
65.2322037927198,56.6721046487518,8445600,6
62.7292158663573,57.6845528896431,8456400,6
60.2262279399949,58.6970011305343,8467200,6
57.7232400136324,59.7094493714256,8478000,6
55.22025208727,60.7218976123168,8488800,6
52.7172641609075,61.7343458532081,8499600,6
50.2142762345451,62.7467940940993,8510400,6
47.7112883081826,63.7592423349906,8521200,6
45.2083003818202,64.7716905758818,8532000,6
42.7053124554577,65.784138816773,8542800,6
40.2023245290952,66.7965870576643,8553600,6
42.6772917315272,65.7174497416168,8564400,6
45.1522589339591,64.6383124255693,8575200,6
47.6272261363911,63.5591751095218,8586000,6
50.102193338823,62.4800377934743,8596800,6
52.577160541255,61.4009004774268,8607600,6
55.0521277436869,60.3217631613793,8618400,6
57.5270949461189,59.2426258453318,8629200,6
60.0020621485508,58.1634885292843,8640000,6
50,50,0,7
48.9227719238484,47.5242012052772,10800,7
47.8455438476969,45.0484024105544,21600,7
46.7683157715453,42.5726036158316,32400,7
45.6910876953938,40.0968048211088,43200,7
44.6138596192422,37.621006026386,54000,7
43.5366315430907,35.1452072316633,64800,7
42.4594034669391,32.6694084369405,75600,7
41.3821753907876,30.1936096422177,86400,7
40.304947314636,27.7178108474949,97200,7
39.2277192384845,25.2420120527721,108000,7
38.1504911623329,22.7662132580493,118800,7
37.0732630861813,20.2904144633265,129600,7
35.9960350100298,17.8146156686037,140400,7
34.9188069338782,15.3388168738809,151200,7
37.3725904297502,16.4652921534083,162000,7
39.8263739256223,17.5917674329356,172800,7
42.2801574214943,18.7182427124629,183600,7
44.7339409173663,19.8447179919902,194400,7
47.1877244132383,20.9711932715175,205200,7
49.6415079091103,22.0976685510449,216000,7
52.0952914049823,23.2241438305722,226800,7
54.5490749008543,24.3506191100995,237600,7
57.0028583967263,25.4770943896268,248400,7
59.4566418925983,26.6035696691541,259200,7
57.4384706690631,28.3971651956022,270000,7
55.420299445528,30.1907607220503,280800,7
53.4021282219928,31.9843562484984,291600,7
51.3839569984577,33.7779517749465,302400,7
49.3657857749225,35.5715473013946,313200,7
47.3476145513874,37.3651428278427,324000,7
45.3294433278522,39.1587383542908,334800,7
43.311272104317,40.9523338807389,345600,7
41.2931008807819,42.745929407187,356400,7
39.2749296572467,44.5395249336351,367200,7
37.2567584337116,46.3331204600832,378000,7
35.2385872101764,48.1267159865313,388800,7
33.2204159866413,49.9203115129793,399600,7
31.2022447631061,51.7139070394274,410400,7
29.184073539571,53.5075025658755,421200,7
27.1659023160358,55.3010980923236,432000,7
25.1477310925006,57.0946936187717,442800,7
23.1295598689655,58.8882891452198,453600,7
21.1113886454303,60.6818846716679,464400,7
19.0932174218952,62.475480198116,475200,7
17.07504619836,64.2690757245641,486000,7
15.0568749748249,66.0626712510122,496800,7
13.0387037512897,67.8562667774603,507600,7
11.0205325277545,69.6498623039084,518400,7
9.00236130421938,71.4434578303565,529200,7
6.98419008068423,73.2370533568045,540000,7
4.96601885714907,75.0306488832526,550800,7
6.40067370918043,72.743343600711,561600,7
7.83532856121179,70.4560383181694,572400,7
9.26998341324315,68.1687330356277,583200,7
10.7046382652745,65.8814277530861,594000,7
12.1392931173059,63.5941224705445,604800,7
13.5739479693372,61.3068171880028,615600,7
15.0086028213686,59.0195119054612,626400,7
16.4432576734,56.7322066229195,637200,7
17.8779125254313,54.4449013403779,648000,7
19.3125673774627,52.1575960578363,658800,7
20.747222229494,49.8702907752946,669600,7
22.1818770815254,47.582985492753,680400,7
23.6165319335568,45.2956802102114,691200,7
26.2602003941377,44.7470299841751,702000,7
28.9038688547186,44.1983797581388,712800,7
31.5475373152995,43.6497295321025,723600,7
34.1912057758805,43.1010793060662,734400,7
36.8348742364614,42.55242908003,745200,7
39.4785426970423,42.0037788539937,756000,7
42.1222111576233,41.4551286279574,766800,7
44.7658796182042,40.9064784019211,777600,7
47.4095480787851,40.3578281758848,788400,7
50.053216539366,39.8091779498485,799200,7
52.696884999947,39.2605277238123,810000,7
55.3405534605279,38.711877497776,820800,7
57.9842219211088,38.1632272717397,831600,7
60.6278903816898,37.6145770457034,842400,7
63.2715588422707,37.0659268196671,853200,7
65.9152273028516,36.5172765936309,864000,7
68.5588957634325,35.9686263675946,874800,7
70.7811518743608,37.502111867181,885600,7
73.0034079852891,39.0355973667674,896400,7
72.6065152996802,41.7062669824463,907200,7
72.2096226140713,44.3769365981251,918000,7
71.8127299284623,47.0476062138039,928800,7
71.4158372428534,49.7182758294828,939600,7
71.0189445572444,52.3889454451616,950400,7
70.6220518716355,55.0596150608404,961200,7
70.2251591860265,57.7302846765193,972000,7
69.8282665004176,60.4009542921981,982800,7
69.4313738148087,63.0716239078769,993600,7
69.0344811291997,65.7422935235558,1004400,7
68.6375884435908,68.4129631392346,1015200,7
68.2406957579818,71.0836327549134,1026000,7
67.3547969638686,68.5331066667134,1036800,7
66.4688981697554,65.9825805785134,1047600,7
65.5829993756422,63.4320544903134,1058400,7
64.697100581529,60.8815284021134,1069200,7
63.8112017874158,58.3310023139134,1080000,7
62.9253029933027,55.7804762257134,1090800,7
62.0394041991895,53.2299501375134,1101600,7
61.1535054050763,50.6794240493134,1112400,7
60.2676066109631,48.1288979611134,1123200,7
59.3817078168499,45.5783718729134,1134000,7
58.4958090227367,43.0278457847134,1144800,7
57.6099102286235,40.4773196965135,1155600,7
56.7240114345103,37.9267936083135,1166400,7
55.8381126403971,35.3762675201135,1177200,7
54.9522138462839,32.8257414319135,1188000,7
54.0663150521707,30.2752153437135,1198800,7
53.1804162580575,27.7246892555135,1209600,7
52.2945174639443,25.1741631673135,1220400,7
51.4086186698311,22.6236370791135,1231200,7
50.5227198757179,20.0731109909135,1242000,7
49.6368210816047,17.5225849027135,1252800,7
48.7509222874915,14.9720588145135,1263600,7
47.8650234933783,12.4215327263135,1274400,7
46.9791246992651,9.87100663811347,1285200,7
46.0932259051519,7.32048054991347,1296000,7
45.2073271110387,4.76995446171348,1306800,7
44.3214283169255,2.21942837351348,1317600,7
43.5948419785591,4.81982686084178,1328400,7
42.8682556401927,7.42022534817007,1339200,7
42.1416693018263,10.0206238354984,1350000,7
41.4150829634598,12.6210223228267,1360800,7
40.6884966250934,15.221420810155,1371600,7
39.961910286727,17.8218192974832,1382400,7
39.2353239483606,20.4222177848115,1393200,7
38.5087376099942,23.0226162721398,1404000,7
37.7821512716278,25.6230147594681,1414800,7
37.0555649332613,28.2234132467964,1425600,7
36.3289785948949,30.8238117341247,1436400,7
35.6023922565285,33.424210221453,1447200,7
34.8758059181621,36.0246087087813,1458000,7
34.1492195797957,38.6250071961096,1468800,7
33.4226332414293,41.2254056834379,1479600,7
32.6534626562079,38.6372834663024,1490400,7
31.8842920709866,36.0491612491669,1501200,7
31.1151214857653,33.4610390320315,1512000,7
30.345950900544,30.872916814896,1522800,7
29.5767803153227,28.2847945977605,1533600,7
28.8076097301013,25.696672380625,1544400,7
28.03843914488,23.1085501634895,1555200,7
27.2692685596587,20.520427946354,1566000,7
29.768062578635,21.5431832693558,1576800,7
32.2668565976112,22.5659385923575,1587600,7
34.7656506165875,23.5886939153592,1598400,7
37.2644446355638,24.611449238361,1609200,7
39.7632386545401,25.6342045613627,1620000,7
42.2620326735164,26.6569598843645,1630800,7
44.7608266924926,27.6797152073662,1641600,7
47.2596207114689,28.7024705303679,1652400,7
49.7584147304452,29.7252258533697,1663200,7
52.2572087494215,30.7479811763714,1674000,7
54.7560027683977,31.7707364993731,1684800,7
57.254796787374,32.7934918223749,1695600,7
59.7535908063503,33.8162471453766,1706400,7
62.2523848253266,34.8390024683784,1717200,7
64.7511788443028,35.8617577913801,1728000,7
67.2499728632791,36.8845131143818,1738800,7
69.7487668822554,37.9072684373836,1749600,7
72.2475609012317,38.9300237603853,1760400,7
74.746354920208,39.952779083387,1771200,7
77.2451489391842,40.9755344063888,1782000,7
79.7439429581605,41.9982897293905,1792800,7
82.2427369771368,43.0210450523922,1803600,7
84.5607598533565,41.6365704425413,1814400,7
86.8787827295763,40.2520958326903,1825200,7
89.196805605796,38.8676212228394,1836000,7
86.5026771013413,39.0455863921417,1846800,7
83.8085485968866,39.223551561444,1857600,7
81.114420092432,39.4015167307463,1868400,7
78.4202915879773,39.5794819000486,1879200,7
75.7261630835226,39.7574470693509,1890000,7
76.1093243001611,42.4301212885673,1900800,7
76.4924855167996,45.1027955077838,1911600,7
76.8756467334381,47.7754697270002,1922400,7
77.2588079500766,50.4481439462166,1933200,7
77.6419691667151,53.120818165433,1944000,7
78.0251303833536,55.7934923846494,1954800,7
78.4082915999921,58.4661666038659,1965600,7
78.7914528166306,61.1388408230823,1976400,7
79.1746140332691,63.8115150422987,1987200,7
79.5577752499076,66.4841892615151,1998000,7
79.9409364665461,69.1568634807315,2008800,7
80.3240976831846,71.8295376999479,2019600,7
80.7072588998231,74.5022119191644,2030400,7
79.0049882914565,72.4064364598435,2041200,7
77.30271768309,70.3106610005227,2052000,7
75.6004470747235,68.2148855412019,2062800,7
73.898176466357,66.119110081881,2073600,7
72.1959058579904,64.0233346225602,2084400,7
70.4936352496239,61.9275591632394,2095200,7
68.7913646412574,59.8317837039185,2106000,7
67.0890940328908,57.7360082445977,2116800,7
65.3868234245243,55.6402327852769,2127600,7
63.6845528161578,53.544457325956,2138400,7
61.9822822077913,51.4486818666352,2149200,7
60.2800115994247,49.3529064073144,2160000,7
58.5777409910582,47.2571309479935,2170800,7
56.8754703826917,45.1613554886727,2181600,7
55.1731997743252,43.0655800293519,2192400,7
53.4709291659586,40.969804570031,2203200,7
51.7686585575921,38.8740291107102,2214000,7
50.0663879492256,36.7782536513894,2224800,7
48.3641173408591,34.6824781920685,2235600,7
46.6618467324925,32.5867027327477,2246400,7
44.959576124126,30.4909272734269,2257200,7
43.2573055157595,28.395151814106,2268000,7
41.5550349073929,26.2993763547852,2278800,7
39.8527642990264,24.2036008954644,2289600,7
38.1504936906599,22.1078254361435,2300400,7
39.4724190422456,24.4620797479873,2311200,7
40.7943443938312,26.8163340598311,2322000,7
42.1162697454169,29.1705883716749,2332800,7
43.4381950970026,31.5248426835187,2343600,7
44.7601204485882,33.8790969953625,2354400,7
46.0820458001739,36.2333513072063,2365200,7
47.4039711517596,38.5876056190501,2376000,7
48.7258965033453,40.9418599308939,2386800,7
50.0478218549309,43.2961142427377,2397600,7
51.3697472065166,45.6503685545815,2408400,7
52.6916725581023,48.0046228664253,2419200,7
54.0135979096879,50.3588771782691,2430000,7
55.3355232612736,52.7131314901129,2440800,7
56.6574486128593,55.0673858019566,2451600,7
57.979373964445,57.4216401138004,2462400,7
59.3012993160306,59.7758944256442,2473200,7
60.6232246676163,62.130148737488,2484000,7
61.945150019202,64.4844030493318,2494800,7
63.2670753707876,66.8386573611756,2505600,7
64.5890007223733,69.1929116730194,2516400,7
65.910926073959,71.5471659848632,2527200,7
67.2328514255447,73.901420296707,2538000,7
68.5547767771303,76.2556746085508,2548800,7
69.876702128716,78.6099289203946,2559600,7
71.1986274803017,80.9641832322384,2570400,7
72.5205528318873,83.3184375440822,2581200,7
73.842478183473,85.672691855926,2592000,7
75.1644035350587,88.0269461677698,2602800,7
76.4863288866444,90.3812004796136,2613600,7
77.80825423823,92.7354547914574,2624400,7
79.1301795898157,95.0897091033012,2635200,7
76.8180138530253,93.6954746877123,2646000,7
74.5058481162348,92.3012402721235,2656800,7
72.1936823794444,90.9070058565347,2667600,7
69.8815166426539,89.5127714409459,2678400,7
67.5693509058635,88.118537025357,2689200,7
65.2571851690731,86.7243026097682,2700000,7
62.9450194322826,85.3300681941794,2710800,7
60.6328536954922,83.9358337785905,2721600,7
58.3206879587017,82.5415993630017,2732400,7
56.0085222219113,81.1473649474129,2743200,7
53.6963564851209,79.7531305318241,2754000,7
51.3841907483304,78.3588961162352,2764800,7
49.07202501154,76.9646617006464,2775600,7
46.7598592747495,75.5704272850576,2786400,7
44.4476935379591,74.1761928694687,2797200,7
42.1355278011686,72.7819584538799,2808000,7
39.8233620643782,71.3877240382911,2818800,7
37.5111963275878,69.9934896227023,2829600,7
35.1990305907973,68.5992552071134,2840400,7
32.8868648540069,67.2050207915246,2851200,7
34.4050080098739,69.4377861975389,2862000,7
35.923151165741,71.6705516035532,2872800,7
37.441294321608,73.9033170095674,2883600,7
38.9594374774751,76.1360824155817,2894400,7
40.4775806333421,78.3688478215959,2905200,7
41.9957237892092,80.6016132276102,2916000,7
43.5138669450763,82.8343786336244,2926800,7
44.730582316768,80.4240666819698,2937600,7
45.9472976884598,78.0137547303153,2948400,7
47.1640130601516,75.6034427786607,2959200,7
48.3807284318434,73.1931308270061,2970000,7
49.5974438035352,70.7828188753515,2980800,7
50.814159175227,68.3725069236969,2991600,7
52.0308745469187,65.9621949720424,3002400,7
53.2475899186105,63.5518830203878,3013200,7
54.4643052903023,61.1415710687332,3024000,7
55.6810206619941,58.7312591170786,3034800,7
56.8977360336859,56.320947165424,3045600,7
58.1144514053777,53.9106352137694,3056400,7
59.3311667770694,51.5003232621149,3067200,7
60.5478821487612,49.0900113104603,3078000,7
61.764597520453,46.6796993588057,3088800,7
62.9813128921448,44.2693874071511,3099600,7
64.1980282638366,41.8590754554965,3110400,7
65.4147436355284,39.4487635038419,3121200,7
66.6314590072201,37.0384515521874,3132000,7
67.8481743789119,34.6281396005328,3142800,7
69.0648897506037,32.2178276488782,3153600,7
70.2816051222955,29.8075156972236,3164400,7
71.4983204939873,27.397203745569,3175200,7
72.7150358656791,24.9868917939145,3186000,7
73.9317512373709,22.5765798422599,3196800,7
75.1484666090626,20.1662678906053,3207600,7
76.3651819807544,17.7559559389507,3218400,7
76.6896426152274,20.4363897278508,3229200,7
77.0141032497003,23.1168235167509,3240000,7
77.3385638841733,25.797257305651,3250800,7
77.6630245186462,28.4776910945512,3261600,7
77.9874851531192,31.1581248834513,3272400,7
78.3119457875921,33.8385586723514,3283200,7
78.6364064220651,36.5189924612515,3294000,7
78.960867056538,39.1994262501516,3304800,7
79.285327691011,41.8798600390517,3315600,7
79.6097883254839,44.5602938279518,3326400,7
79.9342489599569,47.2407276168519,3337200,7
80.2587095944298,49.9211614057521,3348000,7
80.5831702289028,52.6015951946522,3358800,7
80.9076308633757,55.2820289835523,3369600,7
81.2320914978487,57.9624627724524,3380400,7
81.5565521323216,60.6428965613525,3391200,7
81.8810127667946,63.3233303502526,3402000,7
82.2054734012675,66.0037641391527,3412800,7
82.5299340357405,68.6841979280528,3423600,7
82.8543946702134,71.364631716953,3434400,7
83.1788553046864,74.0450655058531,3445200,7
83.5033159391593,76.7254992947532,3456000,7
83.8277765736323,79.4059330836533,3466800,7
84.1522372081052,82.0863668725534,3477600,7
84.4766978425782,84.7668006614535,3488400,7
84.8011584770511,87.4472344503536,3499200,7
85.1256191115241,90.1276682392537,3510000,7
85.450079745997,92.8081020281538,3520800,7
85.77454038047,95.488535817054,3531600,7
86.0990010149429,98.1689696059541,3542400,7
83.4997200299221,97.4383956118171,3553200,7
80.9004390449013,96.7078216176801,3564000,7
78.3011580598805,95.9772476235432,3574800,7
75.7018770748597,95.2466736294062,3585600,7
73.1025960898389,94.5160996352692,3596400,7
70.5033151048181,93.7855256411323,3607200,7
67.9040341197973,93.0549516469953,3618000,7
65.3047531347764,92.3243776528583,3628800,7
62.7054721497556,91.5938036587213,3639600,7
60.1061911647348,90.8632296645844,3650400,7
57.506910179714,90.1326556704474,3661200,7
54.9076291946932,89.4020816763104,3672000,7
52.3083482096724,88.6715076821735,3682800,7
52.5469653382738,85.9820724503938,3693600,7
52.7855824668753,83.292637218614,3704400,7
53.0241995954767,80.6032019868343,3715200,7
53.2628167240782,77.9137667550546,3726000,7
53.5014338526796,75.2243315232749,3736800,7
53.7400509812811,72.5348962914952,3747600,7
53.9786681098825,69.8454610597155,3758400,7
54.217285238484,67.1560258279357,3769200,7
54.4559023670854,64.4665905961561,3780000,7
54.6945194956868,61.7771553643763,3790800,7
54.9331366242883,59.0877201325966,3801600,7
55.1717537528897,56.3982849008169,3812400,7
55.4103708814912,53.7088496690372,3823200,7
55.6489880100926,51.0194144372575,3834000,7
55.8876051386941,48.3299792054778,3844800,7
56.1262222672955,45.6405439736981,3855600,7
56.364839395897,42.9511087419183,3866400,7
56.6034565244984,40.2616735101386,3877200,7
56.8420736530999,37.5722382783589,3888000,7
57.0806907817013,34.8828030465792,3898800,7
57.3193079103027,32.1933678147995,3909600,7
57.5579250389042,29.5039325830198,3920400,7
57.7965421675056,26.8144973512401,3931200,7
58.0351592961071,24.1250621194603,3942000,7
58.2737764247085,21.4356268876806,3952800,7
58.51239355331,18.7461916559009,3963600,7
58.7510106819114,16.0567564241212,3974400,7
56.472333280661,17.5050758989024,3985200,7
54.1936558794105,18.9533953736836,3996000,7
51.91497847816,20.4017148484648,4006800,7
49.6363010769096,21.8500343232459,4017600,7
47.3576236756591,23.2983537980271,4028400,7
45.0789462744087,24.7466732728083,4039200,7
42.8002688731582,26.1949927475895,4050000,7
40.5215914719077,27.6433122223707,4060800,7
38.2429140706573,29.0916316971519,4071600,7
35.9642366694068,30.5399511719331,4082400,7
33.6855592681563,31.9882706467142,4093200,7
31.4068818669059,33.4365901214954,4104000,7
29.1282044656554,34.8849095962766,4114800,7
26.849527064405,36.3332290710578,4125600,7
24.5708496631545,37.781548545839,4136400,7
22.292172261904,39.2298680206202,4147200,7
20.0134948606536,40.6781874954013,4158000,7
22.1595691881166,42.3165906756363,4168800,7
24.3056435155797,43.9549938558712,4179600,7
26.4517178430428,45.5933970361061,4190400,7
28.5977921705058,47.2318002163411,4201200,7
30.7438664979689,48.870203396576,4212000,7
32.889940825432,50.5086065768109,4222800,7
35.036015152895,52.1470097570459,4233600,7
37.1820894803581,53.7854129372808,4244400,7
39.3281638078212,55.4238161175157,4255200,7
41.4742381352842,57.0622192977507,4266000,7
43.6203124627473,58.7006224779856,4276800,7
45.7663867902104,60.3390256582206,4287600,7
47.9124611176734,61.9774288384555,4298400,7
50.0585354451365,63.6158320186904,4309200,7
52.2046097725996,65.2542351989254,4320000,7
54.3506841000626,66.8926383791603,4330800,7
56.4967584275257,68.5310415593952,4341600,7
58.6428327549888,70.1694447396302,4352400,7
60.7889070824518,71.8078479198651,4363200,7
62.9349814099149,73.4462511001,4374000,7
65.081055737378,75.084654280335,4384800,7
67.227130064841,76.7230574605699,4395600,7
69.3732043923041,78.3614606408048,4406400,7
71.5192787197672,79.9998638210398,4417200,7
73.6653530472302,81.6382670012747,4428000,7
75.8114273746933,83.2766701815096,4438800,7
75.978327623461,80.5818335803478,4449600,7
76.1452278722287,77.886996979186,4460400,7
76.3121281209964,75.1921603780242,4471200,7
76.4790283697641,72.4973237768624,4482000,7
76.6459286185318,69.8024871757006,4492800,7
76.8128288672995,67.1076505745388,4503600,7
76.9797291160672,64.4128139733771,4514400,7
77.146629364835,61.7179773722152,4525200,7
77.3135296136027,59.0231407710535,4536000,7
77.4804298623704,56.3283041698917,4546800,7
77.6473301111381,53.6334675687299,4557600,7
77.8142303599058,50.9386309675681,4568400,7
77.9811306086735,48.2437943664063,4579200,7
78.1480308574412,45.5489577652445,4590000,7
78.3149311062089,42.8541211640827,4600800,7
78.4818313549766,40.1592845629209,4611600,7
78.6487316037444,37.4644479617591,4622400,7
78.8156318525121,34.7696113605973,4633200,7
78.9825321012798,32.0747747594355,4644000,7
76.9780246347293,30.2659215822695,4654800,7
74.9735171681788,28.4570684051035,4665600,7
72.9690097016283,26.6482152279376,4676400,7
70.9645022350778,24.8393620507716,4687200,7
68.9599947685274,23.0305088736057,4698000,7
66.9554873019769,21.2216556964397,4708800,7
64.9509798354264,19.4128025192738,4719600,7
62.9464723688759,17.6039493421078,4730400,7
60.9419649023255,15.7950961649418,4741200,7
58.937457435775,13.9862429877759,4752000,7
56.9329499692245,12.1773898106099,4762800,7
54.928442502674,10.368536633444,4773600,7
52.9239350361236,8.55968345627799,4784400,7
50.2436195059159,8.8851195614163,4795200,7
47.5633039757082,9.2105556665546,4806000,7
44.8829884455006,9.53599177169291,4816800,7
42.2026729152929,9.86142787683121,4827600,7
39.5223573850852,10.1868639819695,4838400,7
36.8420418548776,10.5123000871078,4849200,7
34.1617263246699,10.8377361922461,4860000,7
31.4814107944622,11.1631722973844,4870800,7
28.8010952642545,11.4886084025227,4881600,7
26.1207797340469,11.814044507661,4892400,7
23.4404642038392,12.1394806127993,4903200,7
20.7601486736315,12.4649167179376,4914000,7
18.0798331434239,12.790352823076,4924800,7
15.3995176132162,13.1157889282143,4935600,7
12.7192020830085,13.4412250333526,4946400,7
10.0388865528009,13.7666611384909,4957200,7
12.3354235664565,15.1864913202061,4968000,7
14.6319605801122,16.6063215019213,4978800,7
16.9284975937679,18.0261516836365,4989600,7
19.2250346074236,19.4459818653518,5000400,7
21.5215716210792,20.865812047067,5011200,7
23.8181086347349,22.2856422287822,5022000,7
26.1146456483906,23.7054724104975,5032800,7
28.4111826620462,25.1253025922127,5043600,7
30.7077196757019,26.5451327739279,5054400,7
33.0042566893576,27.9649629556432,5065200,7
35.3007937030132,29.3847931373584,5076000,7
37.5973307166689,30.8046233190736,5086800,7
39.8938677303246,32.2244535007888,5097600,7
42.1904047439802,33.6442836825041,5108400,7
44.4869417576359,35.0641138642193,5119200,7
46.7834787712916,36.4839440459345,5130000,7
49.0800157849472,37.9037742276498,5140800,7
51.3765527986029,39.323604409365,5151600,7
53.6730898122586,40.7434345910802,5162400,7
55.9696268259143,42.1632647727954,5173200,7
58.2661638395699,43.5830949545107,5184000,7
60.5627008532256,45.0029251362259,5194800,7
62.8592378668813,46.4227553179411,5205600,7
65.1557748805369,47.8425854996564,5216400,7
67.4523118941926,49.2624156813716,5227200,7
64.7523444733926,49.2756794145871,5238000,7
62.0523770525927,49.2889431478026,5248800,7
59.3524096317927,49.3022068810181,5259600,7
56.6524422109928,49.3154706142337,5270400,7
53.9524747901928,49.3287343474492,5281200,7
51.2525073693928,49.3419980806647,5292000,7
48.5525399485929,49.3552618138802,5302800,7
45.8525725277929,49.3685255470957,5313600,7
43.152605106993,49.3817892803112,5324400,7
40.452637686193,49.3950530135268,5335200,7
37.752670265393,49.4083167467423,5346000,7
35.0527028445931,49.4215804799578,5356800,7
32.3527354237931,49.4348442131733,5367600,7
29.6527680029932,49.4481079463888,5378400,7
26.9528005821932,49.4613716796043,5389200,7
24.2528331613932,49.4746354128199,5400000,7
21.5528657405933,49.4878991460354,5410800,7
18.8528983197933,49.5011628792509,5421600,7
18.6028937114112,46.8127622960439,5432400,7
18.352889103029,44.1243617128369,5443200,7
18.1028844946468,41.4359611296299,5454000,7
17.8528798862646,38.7475605464229,5464800,7
17.6028752778825,36.0591599632159,5475600,7
17.3528706695003,33.370759380009,5486400,7
17.1028660611181,30.682358796802,5497200,7
16.8528614527359,27.993958213595,5508000,7
16.6028568443537,25.305557630388,5518800,7
16.3528522359716,22.617157047181,5529600,7
16.1028476275894,19.928756463974,5540400,7
15.8528430192072,17.240355880767,5551200,7
15.602838410825,14.55195529756,5562000,7
15.3528338024429,11.8635547143531,5572800,7
15.1028291940607,9.17515413114606,5583600,7
14.8528245856785,6.48675354793908,5594400,7
17.0585898716038,8.04386610116289,5605200,7
19.264355157529,9.6009786543867,5616000,7
21.4701204434542,11.1580912076105,5626800,7
23.6758857293795,12.7152037608343,5637600,7
25.8816510153047,14.2723163140581,5648400,7
28.0874163012299,15.8294288672819,5659200,7
30.2931815871552,17.3865414205057,5670000,7
32.4989468730804,18.9436539737295,5680800,7
34.7047121590056,20.5007665269534,5691600,7
36.9104774449309,22.0578790801772,5702400,7
39.1162427308561,23.614991633401,5713200,7
41.3220080167813,25.1721041866248,5724000,7
43.5277733027066,26.7292167398486,5734800,7
45.7335385886318,28.2863292930724,5745600,7
47.939303874557,29.8434418462962,5756400,7
50.1450691604823,31.40055439952,5767200,7
52.3508344464075,32.9576669527438,5778000,7
54.5565997323327,34.5147795059676,5788800,7
56.762365018258,36.0718920591914,5799600,7
58.9681303041832,37.6290046124153,5810400,7
61.1738955901084,39.1861171656391,5821200,7
63.3796608760337,40.7432297188629,5832000,7
65.5854261619589,42.3003422720867,5842800,7
67.7911914478841,43.8574548253105,5853600,7
69.9969567338094,45.4145673785343,5864400,7
72.2027220197346,46.9716799317581,5875200,7
74.4084873056598,48.5287924849819,5886000,7
76.6142525915851,50.0859050382057,5896800,7
78.8200178775103,51.6430175914295,5907600,7
81.0257831634355,53.2001301446533,5918400,7
83.2315484493608,54.7572426978771,5929200,7
85.437313735286,56.3143552511009,5940000,7
86.7627407707518,58.6666399221509,5950800,7
88.0881678062176,61.0189245932008,5961600,7
89.4135948416834,63.3712092642507,5972400,7
90.7390218771492,65.7234939353006,5983200,7
92.0644489126149,68.0757786063505,5994000,7
93.3898759480807,70.4280632774004,6004800,7
90.815709430995,71.2427207160302,6015600,7
88.2415429139093,72.0573781546601,6026400,7
85.6673763968236,72.8720355932899,6037200,7
83.093209879738,73.6866930319197,6048000,7
80.5190433626523,74.5013504705496,6058800,7
77.9448768455666,75.3160079091794,6069600,7
75.3707103284809,76.1306653478092,6080400,7
72.7965438113952,76.945322786439,6091200,7
70.2223772943095,77.7599802250689,6102000,7
67.6482107772238,78.5746376636987,6112800,7
65.0740442601381,79.3892951023285,6123600,7
62.4998777430524,80.2039525409584,6134400,7
59.9257112259667,81.0186099795882,6145200,7
57.351544708881,81.833267418218,6156000,7
59.708954588474,83.1495571506088,6166800,7
62.066364468067,84.4658468829995,6177600,7
64.42377434766,85.7821366153902,6188400,7
66.781184227253,87.098426347781,6199200,7
69.1385941068461,88.4147160801717,6210000,7
71.496003986439,89.7310058125625,6220800,7
73.8534138660321,91.0472955449532,6231600,7
76.2108237456251,92.363585277344,6242400,7
78.5682336252181,93.6798750097347,6253200,7
80.9256435048111,94.9961647421254,6264000,7
83.2830533844041,96.3124544745162,6274800,7
85.6404632639971,97.6287442069069,6285600,7
87.9978731435901,98.9450339392977,6296400,7
85.3243223470917,98.5680377343528,6307200,7
82.6507715505933,98.191041529408,6318000,7
79.9772207540949,97.8140453244632,6328800,7
77.3036699575965,97.4370491195183,6339600,7
74.6301191610982,97.0600529145735,6350400,7
71.9565683645997,96.6830567096287,6361200,7
69.2830175681013,96.3060605046838,6372000,7
66.609466771603,95.929064299739,6382800,7
63.9359159751046,95.5520680947942,6393600,7
61.2623651786062,95.1750718898493,6404400,7
58.5888143821078,94.7980756849045,6415200,7
55.9152635856094,94.4210794799596,6426000,7
53.241712789111,94.0440832750148,6436800,7
50.5681619926126,93.66708707007,6447600,7
47.8946111961142,93.2900908651252,6458400,7
45.2210603996158,92.9130946601803,6469200,7
42.5475096031174,92.5360984552355,6480000,7
39.873958806619,92.1591022502907,6490800,7
37.2004080101206,91.7821060453458,6501600,7
34.5268572136222,91.405109840401,6512400,7
31.8533064171239,91.0281136354562,6523200,7
29.1797556206255,90.6511174305113,6534000,7
26.5062048241271,90.2741212255665,6544800,7
23.8326540276287,89.8971250206216,6555600,7
21.1591032311303,89.5201288156768,6566400,7
18.4855524346319,89.143132610732,6577200,7
15.8120016381335,88.7661364057872,6588000,7
13.1384508416351,88.3891402008423,6598800,7
10.4649000451367,88.0121439958975,6609600,7
7.79134924863832,87.6351477909526,6620400,7
5.11779845213992,87.2581515860078,6631200,7
2.44424765564154,86.881155381063,6642000,7
-0.229303140856864,86.5041591761182,6652800,7
2.41664979582472,87.0416841121594,6663600,7
5.0626027325063,87.5792090482006,6674400,7
7.70855566918788,88.1167339842418,6685200,7
10.3545086058695,88.654258920283,6696000,7
13.000461542551,89.1917838563242,6706800,7
15.6464144792326,89.7293087923654,6717600,7
18.2923674159142,90.2668337284066,6728400,7
20.9383203525958,90.8043586644478,6739200,7
23.5842732892774,91.3418836004891,6750000,7
26.230226225959,91.8794085365303,6760800,7
28.8761791626405,92.4169334725715,6771600,7
31.5221320993221,92.9544584086127,6782400,7
34.1680850360037,93.4919833446539,6793200,7
36.8140379726853,94.0295082806951,6804000,7
39.4599909093669,94.5670332167363,6814800,7
42.1059438460485,95.1045581527776,6825600,7
44.75189678273,95.6420830888188,6836400,7
47.3978497194116,96.17960802486,6847200,7
50.0438026560932,96.7171329609012,6858000,7
52.6897555927748,97.2546578969424,6868800,7
55.3357085294564,97.7921828329836,6879600,7
57.981661466138,98.3297077690248,6890400,7
60.6276144028195,98.867232705066,6901200,7
60.2157009369447,96.1988385631464,6912000,7
59.8037874710698,93.5304444212268,6922800,7
59.391874005195,90.8620502793072,6933600,7
58.9799605393201,88.1936561373875,6944400,7
58.5680470734452,85.5252619954679,6955200,7
58.1561336075704,82.8568678535483,6966000,7
57.7442201416955,80.1884737116287,6976800,7
57.3323066758207,77.5200795697091,6987600,7
56.9203932099458,74.8516854277894,6998400,7
56.5084797440709,72.1832912858698,7009200,7
56.0965662781961,69.5148971439502,7020000,7
55.6846528123212,66.8465030020306,7030800,7
55.2727393464463,64.178108860111,7041600,7
54.8608258805715,61.5097147181913,7052400,7
54.4489124146966,58.8413205762717,7063200,7
54.0369989488218,56.1729264343521,7074000,7
53.6250854829469,53.5045322924325,7084800,7
53.213172017072,50.8361381505128,7095600,7
52.8012585511972,48.1677440085932,7106400,7
54.779716469521,46.3304350347345,7117200,7
56.7581743878448,44.4931260608758,7128000,7
58.7366323061686,42.655817087017,7138800,7
60.7150902244924,40.8185081131583,7149600,7
62.6935481428162,38.9811991392996,7160400,7
64.67200606114,37.1438901654408,7171200,7
66.6504639794638,35.3065811915821,7182000,7
68.6289218977876,33.4692722177234,7192800,7
70.6073798161114,31.6319632438646,7203600,7
72.5858377344352,29.7946542700059,7214400,7
74.5642956527591,27.9573452961472,7225200,7
76.5427535710829,26.1200363222884,7236000,7
78.5212114894067,24.2827273484297,7246800,7
80.4996694077305,22.445418374571,7257600,7
79.3840627836211,24.9041623344504,7268400,7
78.2684561595118,27.3629062943297,7279200,7
77.1528495354025,29.8216502542091,7290000,7
76.0372429112931,32.2803942140885,7300800,7
74.9216362871838,34.7391381739679,7311600,7
73.8060296630744,37.1978821338473,7322400,7
72.6904230389651,39.6566260937267,7333200,7
71.5748164148558,42.115370053606,7344000,7
70.4592097907464,44.5741140134854,7354800,7
69.3436031666371,47.0328579733648,7365600,7
68.2279965425277,49.4916019332442,7376400,7
67.1123899184184,51.9503458931236,7387200,7
65.996783294309,54.409089853003,7398000,7
64.8811766701997,56.8678338128824,7408800,7
63.7655700460904,59.3265777727617,7419600,7
62.649963421981,61.7853217326411,7430400,7
61.5343567978717,64.2440656925205,7441200,7
60.4187501737624,66.7028096523999,7452000,7
59.303143549653,69.1615536122793,7462800,7
58.1875369255437,71.6202975721587,7473600,7
57.0719303014343,74.0790415320381,7484400,7
55.956323677325,76.5377854919174,7495200,7
54.8407170532156,78.9965294517968,7506000,7
53.7251104291063,81.4552734116762,7516800,7
52.609503804997,83.9140173715556,7527600,7
51.4938971808876,86.372761331435,7538400,7
50.3782905567783,88.8315052913144,7549200,7
49.2626839326689,91.2902492511937,7560000,7
51.3448192342314,89.5713215080971,7570800,7
53.4269545357938,87.8523937650004,7581600,7
55.5090898373563,86.1334660219037,7592400,7
57.5912251389187,84.414538278807,7603200,7
59.030985926441,82.1304435183574,7614000,7
60.4707467139633,79.8463487579078,7624800,7
61.9105075014856,77.5622539974583,7635600,7
63.3502682890079,75.2781592370087,7646400,7
64.7900290765302,72.9940644765591,7657200,7
66.2297898640525,70.7099697161096,7668000,7
67.6695506515748,68.42587495566,7678800,7
69.1093114390971,66.1417801952104,7689600,7
70.5490722266194,63.8576854347609,7700400,7
71.9888330141417,61.5735906743113,7711200,7
73.428593801664,59.2894959138617,7722000,7
70.75877858691,59.6920958630272,7732800,7
68.088963372156,60.0946958121927,7743600,7
65.419148157402,60.4972957613581,7754400,7
62.749332942648,60.8998957105236,7765200,7
60.079517727894,61.302495659689,7776000,7
57.40970251314,61.7050956088545,7786800,7
54.739887298386,62.1076955580199,7797600,7
52.070072083632,62.5102955071854,7808400,7
49.400256868878,62.9128954563508,7819200,7
46.730441654124,63.3154954055163,7830000,7
44.06062643937,63.7180953546818,7840800,7
41.3908112246159,64.1206953038472,7851600,7
38.7209960098619,64.5232952530127,7862400,7
36.0511807951079,64.9258952021781,7873200,7
33.3813655803539,65.3284951513436,7884000,7
30.7115503655999,65.731095100509,7894800,7
28.0417351508459,66.1336950496745,7905600,7
25.3719199360919,66.5362949988399,7916400,7
22.741463240611,65.9274456141808,7927200,7
20.1110065451301,65.3185962295217,7938000,7
17.4805498496493,64.7097468448626,7948800,7
14.8500931541684,64.1008974602035,7959600,7
12.2196364586875,63.4920480755444,7970400,7
9.58917976320661,62.8831986908852,7981200,7
12.247119897416,63.3579135979181,7992000,7
14.9050600316253,63.832628504951,8002800,7
17.5630001658346,64.3073434119838,8013600,7
20.220940300044,64.7820583190167,8024400,7
22.8788804342533,65.2567732260496,8035200,7
25.5368205684627,65.7314881330824,8046000,7
28.194760702672,66.2062030401153,8056800,7
30.8527008368814,66.6809179471481,8067600,7
33.5106409710907,67.155632854181,8078400,7
36.1685811053,67.6303477612139,8089200,7
38.8265212395094,68.1050626682467,8100000,7
41.4844613737187,68.5797775752796,8110800,7
44.1424015079281,69.0544924823124,8121600,7
46.8003416421374,69.5292073893453,8132400,7
49.4582817763468,70.0039222963782,8143200,7
52.1162219105561,70.478637203411,8154000,7
54.7741620447654,70.9533521104439,8164800,7
57.4321021789748,71.4280670174768,8175600,7
60.0900423131841,71.9027819245096,8186400,7
62.7479824473935,72.3774968315425,8197200,7
65.4059225816028,72.8522117385753,8208000,7
67.2474770398773,74.8267185573049,8218800,7
69.0890314981518,76.8012253760344,8229600,7
70.9305859564263,78.7757321947639,8240400,7
72.7721404147008,80.7502390134934,8251200,7
74.6136948729753,82.7247458322229,8262000,7
76.4552493312498,84.6992526509524,8272800,7
78.2968037895242,86.6737594696819,8283600,7
80.1383582477987,88.6482662884115,8294400,7
81.9799127060732,90.622773107141,8305200,7
83.8214671643477,92.5972799258705,8316000,7
85.6630216226222,94.5717867446,8326800,7
87.5045760808967,96.5462935633295,8337600,7
89.3461305391712,98.520800382059,8348400,7
88.5509434768282,95.9405528094641,8359200,7
87.7557564144852,93.3603052368691,8370000,7
86.9605693521421,90.7800576642741,8380800,7
86.1653822897991,88.1998100916791,8391600,7
85.3701952274561,85.6195625190842,8402400,7
84.5750081651131,83.0393149464892,8413200,7
83.77982110277,80.4590673738942,8424000,7
82.984634040427,77.8788198012992,8434800,7
82.189446978084,75.2985722287042,8445600,7
81.394259915741,72.7183246561093,8456400,7
80.599072853398,70.1380770835143,8467200,7
79.8038857910549,67.5578295109193,8478000,7
79.0086987287119,64.9775819383243,8488800,7
78.2135116663689,62.3973343657293,8499600,7
77.4183246040259,59.8170867931344,8510400,7
76.6231375416829,57.2368392205394,8521200,7
79.3200785102677,57.3653281771402,8532000,7
82.0170194788526,57.493817133741,8542800,7
84.7139604474375,57.6223060903419,8553600,7
87.4109014160224,57.7507950469427,8564400,7
90.1078423846073,57.8792840035435,8575200,7
92.8047833531922,58.0077729601443,8586000,7
90.3937440854917,56.792499472568,8596800,7
87.9827048177911,55.5772259849916,8607600,7
85.5716655500906,54.3619524974153,8618400,7
83.16062628239,53.146679009839,8629200,7
80.7495870146894,51.9314055222626,8640000,7
50,50,0,8
52.6974730580455,49.8832134377651,10800,8
55.394946116091,49.7664268755303,21600,8
58.0924191741365,49.6496403132954,32400,8
60.789892232182,49.5328537510605,43200,8
63.4873652902275,49.4160671888257,54000,8
66.184838348273,49.2992806265908,64800,8
68.8823114063185,49.1824940643559,75600,8
71.579784464364,49.065707502121,86400,8
74.2772575224095,48.9489209398862,97200,8
76.974730580455,48.8321343776513,108000,8
79.6722036385005,48.7153478154164,118800,8
82.369676696546,48.5985612531816,129600,8
85.0671497545916,48.4817746909467,140400,8
85.0101472117007,45.7823764783623,151200,8
84.9531446688098,43.0829782657779,162000,8
84.896142125919,40.3835800531934,172800,8
84.8391395830281,37.684181840609,183600,8
84.7821370401373,34.9847836280246,194400,8
84.7251344972464,32.2853854154402,205200,8
84.6681319543556,29.5859872028557,216000,8
84.6111294114647,26.8865889902713,226800,8
84.5541268685739,24.1871907776869,237600,8
84.497124325683,21.4877925651025,248400,8
82.9410206654347,23.6942697117237,259200,8
81.3849170051864,25.9007468583449,270000,8
79.828813344938,28.1072240049661,280800,8
78.2727096846897,30.3137011515873,291600,8
76.7166060244413,32.5201782982085,302400,8
75.160502364193,34.7266554448298,313200,8
73.6043987039446,36.933132591451,324000,8
72.0482950436963,39.1396097380722,334800,8
70.4921913834479,41.3460868846934,345600,8
68.9360877231996,43.5525640313146,356400,8
67.3799840629512,45.7590411779358,367200,8
65.8238804027029,47.9655183245571,378000,8
64.2677767424545,50.1719954711783,388800,8
62.7116730822062,52.3784726177995,399600,8
61.1555694219579,54.5849497644207,410400,8
59.5994657617095,56.7914269110419,421200,8
58.0433621014612,58.9979040576631,432000,8
56.4872584412128,61.2043812042844,442800,8
54.9311547809645,63.4108583509056,453600,8
52.2330503679694,63.3097021520021,464400,8
49.5349459549743,63.2085459530987,475200,8
46.8368415419793,63.1073897541952,486000,8
44.1387371289842,63.0062335552918,496800,8
41.4406327159892,62.9050773563883,507600,8
38.7425283029941,62.8039211574849,518400,8
36.0444238899991,62.7027649585814,529200,8
33.346319477004,62.601608759678,540000,8
30.6482150640089,62.5004525607745,550800,8
27.9501106510139,62.3992963618711,561600,8
25.2520062380188,62.2981401629676,572400,8
22.5539018250238,62.1969839640642,583200,8
19.8557974120287,62.0958277651608,594000,8
17.1576929990337,61.9946715662573,604800,8
14.4595885860386,61.8935153673539,615600,8
11.7614841730435,61.7923591684504,626400,8
9.06337976004848,61.691202969547,637200,8
6.36527534705342,61.5900467706435,648000,8
3.66717093405837,61.4888905717401,658800,8
5.0150945309122,59.14942439822,669600,8
6.36301812776604,56.8099582246999,680400,8
7.71094172461987,54.4704920511799,691200,8
9.05886532147371,52.1310258776598,702000,8
10.4067889183275,49.7915597041397,712800,8
11.7547125151814,47.4520935306197,723600,8
13.1026361120352,45.1126273570996,734400,8
14.450559708889,42.7731611835795,745200,8
15.7984833057429,40.4336950100595,756000,8
17.1464069025967,38.0942288365394,766800,8
18.4943304994505,35.7547626630193,777600,8
19.8422540963044,33.4152964894993,788400,8
21.1901776931582,31.0758303159792,799200,8
22.5381012900121,28.7363641424591,810000,8
23.8860248868659,26.3968979689391,820800,8
25.2339484837197,24.057431795419,831600,8
26.5818720805736,21.7179656218989,842400,8
27.9297956774274,19.3784994483789,853200,8
29.2777192742812,17.0390332748588,864000,8
30.6256428711351,14.6995671013387,874800,8
31.9735664679889,12.3601009278187,885600,8
33.3214900648427,10.0206347542986,896400,8
34.6694136616966,7.68116858077854,907200,8
36.0173372585504,5.34170240725848,918000,8
37.8563745388876,7.31855391446129,928800,8
39.6954118192248,9.2954054216641,939600,8
41.5344490995619,11.2722569288669,950400,8
43.3734863798991,13.2491084360697,961200,8
45.2125236602363,15.2259599432725,972000,8
47.0515609405735,17.2028114504753,982800,8
48.8905982209107,19.1796629576782,993600,8
46.1924889201373,19.2806887023179,1004400,8
43.4943796193638,19.3817144469577,1015200,8
40.7962703185904,19.4827401915974,1026000,8
38.098161017817,19.5837659362372,1036800,8
35.4000517170436,19.6847916808769,1047600,8
32.7019424162702,19.7858174255167,1058400,8
30.0038331154968,19.8868431701564,1069200,8
27.3057238147234,19.9878689147962,1080000,8
24.60761451395,20.0888946594359,1090800,8
21.9095052131765,20.1899204040757,1101600,8
19.2113959124031,20.2909461487155,1112400,8
16.5132866116297,20.3919718933552,1123200,8
13.8151773108563,20.492997637995,1134000,8
11.1170680100829,20.5940233826347,1144800,8
13.5537876601821,19.43109718256,1155600,8
12.9971739846017,22.0731004407254,1166400,8
12.4405603090212,24.7151036988909,1177200,8
11.8839466334407,27.3571069570563,1188000,8
11.3273329578602,29.9991102152217,1198800,8
10.7707192822797,32.6411134733872,1209600,8
10.2141056066992,35.2831167315526,1220400,8
9.65749193111871,37.925119989718,1231200,8
9.10087825553822,40.5671232478835,1242000,8
8.54426457995773,43.2091265060489,1252800,8
7.98765090437724,45.8511297642143,1263600,8
7.43103722879675,48.4931330223798,1274400,8
6.87442355321626,51.1351362805452,1285200,8
6.31780987763577,53.7771395387106,1296000,8
5.76119620205528,56.4191427968761,1306800,8
5.20458252647479,59.0611460550415,1317600,8
4.6479688508943,61.7031493132069,1328400,8
4.09135517531381,64.3451525713724,1339200,8
6.5670965128458,63.2677924506907,1350000,8
9.04283785037779,62.190432330009,1360800,8
11.5185791879098,61.1130722093272,1371600,8
13.9943205254418,60.0357120886455,1382400,8
16.4700618629738,58.9583519679638,1393200,8
18.9458032005058,57.8809918472821,1404000,8
21.4215445380377,56.8036317266004,1414800,8
23.8972858755697,55.7262716059187,1425600,8
26.3730272131017,54.648911485237,1436400,8
28.8487685506337,53.5715513645552,1447200,8
31.5379002921326,53.3295379829766,1458000,8
34.2270320336315,53.087524601398,1468800,8
36.9161637751304,52.8455112198194,1479600,8
39.6052955166293,52.6034978382407,1490400,8
42.2944272581282,52.3614844566621,1501200,8
44.9835589996271,52.1194710750835,1512000,8
47.672690741126,51.8774576935049,1522800,8
50.3618224826249,51.6354443119263,1533600,8
53.0509542241237,51.3934309303476,1544400,8
55.7400859656227,51.151417548769,1555200,8
58.4292177071215,50.9094041671904,1566000,8
61.1183494486204,50.6673907856118,1576800,8
63.8074811901193,50.4253774040331,1587600,8
66.4966129316182,50.1833640224545,1598400,8
69.1857446731171,49.9413506408759,1609200,8
66.6353491557621,49.0550760191837,1620000,8
64.0849536384072,48.1688013974915,1630800,8
61.5345581210522,47.2825267757992,1641600,8
58.9841626036972,46.396252154107,1652400,8
56.4337670863423,45.5099775324148,1663200,8
53.8833715689873,44.6237029107226,1674000,8
51.1985091262028,44.9092088884623,1684800,8
48.5136466834183,45.194714866202,1695600,8
45.8287842406337,45.4802208439418,1706400,8
43.1439217978492,45.7657268216815,1717200,8
40.4590593550647,46.0512327994212,1728000,8
37.7741969122802,46.3367387771609,1738800,8
35.0893344694956,46.6222447549006,1749600,8
32.4044720267111,46.9077507326404,1760400,8
29.7196095839266,47.1932567103801,1771200,8
27.0347471411421,47.4787626881198,1782000,8
24.3498846983575,47.7642686658595,1792800,8
21.665022255573,48.0497746435992,1803600,8
18.9801598127885,48.3352806213389,1814400,8
16.295297370004,48.6207865990787,1825200,8
13.6104349272194,48.9062925768184,1836000,8
15.9893052649666,50.1833892513841,1846800,8
18.3681756027137,51.4604859259499,1857600,8
20.7470459404608,52.7375826005156,1868400,8
23.1259162782079,54.0146792750813,1879200,8
25.5047866159551,55.2917759496471,1890000,8
27.8836569537022,56.5688726242128,1900800,8
30.2625272914493,57.8459692987786,1911600,8
32.6413976291964,59.1230659733443,1922400,8
35.0202679669436,60.4001626479101,1933200,8
37.3991383046907,61.6772593224758,1944000,8
39.7780086424378,62.9543559970415,1954800,8
42.1568789801849,64.2314526716073,1965600,8
44.5357493179321,65.508549346173,1976400,8
46.9146196556792,66.7856460207388,1987200,8
49.2934899934263,68.0627426953045,1998000,8
51.6723603311735,69.3398393698702,2008800,8
54.0512306689206,70.616936044436,2019600,8
56.4301010066677,71.8940327190017,2030400,8
58.8089713444148,73.1711293935675,2041200,8
61.187841682162,74.4482260681332,2052000,8
63.5667120199091,75.7253227426989,2062800,8
65.9455823576562,77.0024194172647,2073600,8
68.3244526954033,78.2795160918304,2084400,8
70.7033230331505,79.5566127663962,2095200,8
73.0821933708976,80.8337094409619,2106000,8
75.4610637086447,82.1108061155276,2116800,8
77.8399340463918,83.3879027900934,2127600,8
80.218804384139,84.6649994646591,2138400,8
82.5976747218861,85.9420961392249,2149200,8
84.9765450596332,87.2191928137906,2160000,8
83.2008280274139,85.1852731935779,2170800,8
81.4251109951947,83.1513535733651,2181600,8
79.6493939629754,81.1174339531524,2192400,8
77.8736769307561,79.0835143329397,2203200,8
76.0979598985368,77.0495947127269,2214000,8
74.3222428663175,75.0156750925142,2224800,8
72.5465258340982,72.9817554723014,2235600,8
70.7708088018789,70.9478358520887,2246400,8
68.9950917696596,68.913916231876,2257200,8
67.2193747374403,66.8799966116632,2268000,8
65.4436577052211,64.8460769914505,2278800,8
63.6679406730018,62.8121573712378,2289600,8
61.8922236407825,60.778237751025,2300400,8
60.1165066085632,58.7443181308123,2311200,8
58.3407895763439,56.7103985105996,2322000,8
56.5650725441246,54.6764788903868,2332800,8
54.7893555119053,52.6425592701741,2343600,8
53.013638479686,50.6086396499613,2354400,8
51.2379214474667,48.5747200297486,2365200,8
49.4622044152475,46.5408004095359,2376000,8
47.6864873830282,44.5068807893231,2386800,8
45.9107703508089,42.4729611691104,2397600,8
44.1350533185896,40.4390415488977,2408400,8
42.3593362863703,38.4051219286849,2419200,8
40.583619254151,36.3712023084722,2430000,8
38.8079022219317,34.3372826882594,2440800,8
37.0321851897124,32.3033630680467,2451600,8
35.2564681574932,30.269443447834,2462400,8
33.4807511252739,28.2355238276212,2473200,8
31.7050340930546,26.2016042074085,2484000,8
29.9293170608353,24.1676845871958,2494800,8
28.153600028616,22.133764966983,2505600,8
26.3778829963967,20.0998453467703,2516400,8
27.9046622831831,22.3267142269337,2527200,8
29.4314415699695,24.553583107097,2538000,8
30.9582208567559,26.7804519872604,2548800,8
32.4850001435422,29.0073208674238,2559600,8
34.0117794303286,31.2341897475872,2570400,8
35.538558717115,33.4610586277505,2581200,8
37.0653380039014,35.6879275079139,2592000,8
38.5921172906878,37.9147963880773,2602800,8
40.1188965774741,40.1416652682406,2613600,8
41.6456758642605,42.368534148404,2624400,8
43.1724551510469,44.5954030285674,2635200,8
44.6992344378333,46.8222719087308,2646000,8
46.2260137246197,49.0491407888941,2656800,8
47.752793011406,51.2760096690575,2667600,8
49.2795722981924,53.5028785492209,2678400,8
50.8063515849788,55.7297474293843,2689200,8
52.3331308717652,57.9566163095476,2700000,8
53.8599101585516,60.183485189711,2710800,8
55.386689445338,62.4103540698744,2721600,8
56.9134687321243,64.6372229500377,2732400,8
56.0320261514605,62.0851534022016,2743200,8
55.1505835707966,59.5330838543654,2754000,8
54.2691409901328,56.9810143065293,2764800,8
53.3876984094689,54.4289447586931,2775600,8
52.5062558288051,51.8768752108569,2786400,8
51.6248132481412,49.3248056630208,2797200,8
50.7433706674774,46.7727361151846,2808000,8
49.8619280868135,44.2206665673485,2818800,8
48.9804855061497,41.6685970195123,2829600,8
48.0990429254858,39.1165274716762,2840400,8
47.217600344822,36.56445792384,2851200,8
46.3361577641581,34.0123883760038,2862000,8
45.4547151834943,31.4603188281677,2872800,8
44.5732726028304,28.9082492803315,2883600,8
43.6918300221666,26.3561797324954,2894400,8
42.8103874415027,23.8041101846592,2905200,8
41.9289448608389,21.252040636823,2916000,8
44.5503145706179,20.6051860591527,2926800,8
47.1716842803969,19.9583314814823,2937600,8
49.7930539901759,19.3114769038119,2948400,8
52.4144236999549,18.6646223261416,2959200,8
55.0357934097339,18.0177677484712,2970000,8
57.6571631195129,17.3709131708008,2980800,8
60.2785328292919,16.7240585931305,2991600,8
62.899902539071,16.0772040154601,3002400,8
65.52127224885,15.4303494377897,3013200,8
68.142641958629,14.7834948601193,3024000,8
70.764011668408,14.136640282449,3034800,8
73.385381378187,13.4897857047786,3045600,8
76.006751087966,12.8429311271082,3056400,8
78.628120797745,12.1960765494379,3067200,8
81.249490507524,11.5492219717675,3078000,8
83.870860217303,10.9023673940971,3088800,8
86.492229927082,10.2555128164267,3099600,8
89.1135996368611,9.60865823875638,3110400,8
91.73496934664,8.96180366108601,3121200,8
94.3563390564191,8.31494908341564,3132000,8
91.662984113053,8.50426138900039,3142800,8
88.969629169687,8.69357369458515,3153600,8
86.276274226321,8.8828860001699,3164400,8
83.582919282955,9.07219830575465,3175200,8
80.8895643395889,9.26151061133941,3186000,8
78.1962093962229,9.45082291692416,3196800,8
75.5028544528569,9.64013522250891,3207600,8
72.8094995094909,9.82944752809367,3218400,8
70.1161445661249,10.0187598336784,3229200,8
67.4227896227589,10.2080721392632,3240000,8
64.7294346793928,10.3973844448479,3250800,8
62.0360797360268,10.5866967504327,3261600,8
59.3427247926608,10.7760090560174,3272400,8
56.6493698492948,10.9653213616022,3283200,8
53.9560149059287,11.1546336671869,3294000,8
51.2626599625627,11.3439459727717,3304800,8
48.5693050191967,11.5332582783565,3315600,8
45.8759500758307,11.7225705839412,3326400,8
43.1825951324647,11.911882889526,3337200,8
40.4892401890986,12.1011951951107,3348000,8
37.7958852457326,12.2905075006955,3358800,8
35.1025303023666,12.4798198062802,3369600,8
32.4091753590006,12.669132111865,3380400,8
29.7158204156345,12.8584444174497,3391200,8
27.0224654722685,13.0477567230345,3402000,8
24.3291105289025,13.2370690286192,3412800,8
21.6357555855365,13.426381334204,3423600,8
18.9424006421705,13.6156936397887,3434400,8
16.2490456988044,13.8050059453735,3445200,8
13.5556907554384,13.9943182509583,3456000,8
10.8623358120724,14.183630556543,3466800,8
11.1859162677335,16.8641707425343,3477600,8
11.5094967233946,19.5447109285256,3488400,8
11.8330771790558,22.2252511145168,3499200,8
12.1566576347169,24.9057913005081,3510000,8
12.480238090378,27.5863314864994,3520800,8
12.8038185460391,30.2668716724907,3531600,8
13.1273990017003,32.9474118584819,3542400,8
13.4509794573614,35.6279520444732,3553200,8
13.7745599130225,38.3084922304645,3564000,8
14.0981403686836,40.9890324164558,3574800,8
14.4217208243448,43.669572602447,3585600,8
14.7453012800059,46.3501127884383,3596400,8
15.068881735667,49.0306529744296,3607200,8
15.3924621913281,51.7111931604209,3618000,8
15.7160426469892,54.3917333464121,3628800,8
16.0396231026504,57.0722735324034,3639600,8
16.3632035583115,59.7528137183947,3650400,8
16.6867840139726,62.433353904386,3661200,8
18.2512545172682,60.2328012364595,3672000,8
19.8157250205638,58.0322485685331,3682800,8
21.3801955238593,55.8316959006067,3693600,8
22.9446660271549,53.6311432326803,3704400,8
24.5091365304505,51.4305905647538,3715200,8
26.073607033746,49.2300378968274,3726000,8
27.6380775370416,47.029485228901,3736800,8
29.2025480403372,44.8289325609746,3747600,8
30.7670185436327,42.6283798930481,3758400,8
32.3314890469283,40.4278272251217,3769200,8
33.8959595502239,38.2272745571953,3780000,8
35.4604300535195,36.0267218892689,3790800,8
37.024900556815,33.8261692213424,3801600,8
38.5893710601106,31.625616553416,3812400,8
40.1538415634062,29.4250638854896,3823200,8
41.7183120667017,27.2245112175632,3834000,8
43.2827825699973,25.0239585496368,3844800,8
44.8472530732929,22.8234058817103,3855600,8
46.4117235765884,20.6228532137839,3866400,8
47.976194079884,18.4223005458575,3877200,8
49.5406645831796,16.221747877931,3888000,8
51.1051350864752,14.0211952100046,3898800,8
52.6696055897707,11.8206425420782,3909600,8
54.2340760930663,9.62008987415178,3920400,8
55.7985465963619,7.41953720622535,3931200,8
57.3630170996574,5.21898453829893,3942000,8
58.6247676435708,7.60602990128104,3952800,8
59.8865181874841,9.99307526426314,3963600,8
61.1482687313975,12.3801206272452,3974400,8
62.4100192753108,14.7671659902273,3985200,8
63.6717698192242,17.1542113532095,3996000,8
64.9335203631375,19.5412567161916,4006800,8
66.1952709070509,21.9283020791737,4017600,8
67.4570214509642,24.3153474421558,4028400,8
68.7187719948776,26.7023928051379,4039200,8
69.9805225387909,29.08943816812,4050000,8
71.2422730827043,31.4764835311021,4060800,8
72.5040236266176,33.8635288940842,4071600,8
73.765774170531,36.2505742570663,4082400,8
75.0275247144443,38.6376196200484,4093200,8
76.2892752583576,41.0246649830305,4104000,8
77.551025802271,43.4117103460126,4114800,8
78.8127763461844,45.7987557089947,4125600,8
80.0745268900977,48.1858010719768,4136400,8
81.3362774340111,50.5728464349589,4147200,8
82.5980279779244,52.959891797941,4158000,8
83.8597785218377,55.3469371609231,4168800,8
85.1215290657511,57.7339825239052,4179600,8
86.3832796096644,60.1210278868873,4190400,8
87.6450301535778,62.5080732498694,4201200,8
88.9067806974911,64.8951186128516,4212000,8
90.1685312414045,67.2821639758337,4222800,8
91.4302817853178,69.6692093388158,4233600,8
92.6920323292312,72.0562547017979,4244400,8
91.9454708201341,69.4615204354163,4255200,8
91.198909311037,66.8667861690347,4266000,8
90.45234780194,64.2720519026532,4276800,8
89.7057862928429,61.6773176362716,4287600,8
88.9592247837459,59.08258336989,4298400,8
88.2126632746488,56.4878491035084,4309200,8
87.4661017655517,53.8931148371269,4320000,8
86.7195402564546,51.2983805707453,4330800,8
85.9729787473576,48.7036463043637,4341600,8
85.2264172382605,46.1089120379822,4352400,8
84.4798557291635,43.5141777716006,4363200,8
83.7332942200664,40.919443505219,4374000,8
82.9867327109693,38.3247092388374,4384800,8
82.2401712018723,35.7299749724559,4395600,8
81.4936096927752,33.1352407060743,4406400,8
80.7470481836781,30.5405064396927,4417200,8
80.0004866745811,27.9457721733111,4428000,8
79.253925165484,25.3510379069296,4438800,8
78.507363656387,22.756303640548,4449600,8
77.7608021472899,20.1615693741664,4460400,8
77.0142406381928,17.5668351077849,4471200,8
76.2676791290958,14.9721008414033,4482000,8
75.5211176199987,12.3773665750217,4492800,8
74.7745561109016,9.78263230864015,4503600,8
74.0279946018046,7.18789804225857,4514400,8
74.4005403744633,9.86207261533231,4525200,8
74.773086147122,12.536247188406,4536000,8
75.1456319197808,15.2104217614798,4546800,8
75.5181776924395,17.8845963345535,4557600,8
75.8907234650983,20.5587709076273,4568400,8
76.263269237757,23.232945480701,4579200,8
76.6358150104158,25.9071200537747,4590000,8
77.0083607830745,28.5812946268485,4600800,8
77.3809065557332,31.2554691999222,4611600,8
77.753452328392,33.9296437729959,4622400,8
78.1259981010507,36.6038183460697,4633200,8
78.4985438737095,39.2779929191434,4644000,8
78.8710896463682,41.9521674922171,4654800,8
79.2436354190269,44.6263420652909,4665600,8
79.6161811916857,47.3005166383646,4676400,8
79.9887269643444,49.9746912114384,4687200,8
80.3612727370032,52.6488657845121,4698000,8
80.7338185096619,55.3230403575858,4708800,8
81.1063642823206,57.9972149306596,4719600,8
81.4789100549794,60.6713895037333,4730400,8
81.8514558276381,63.345564076807,4741200,8
82.2240016002969,66.0197386498808,4752000,8
82.5965473729556,68.6939132229545,4762800,8
82.9690931456143,71.3680877960282,4773600,8
83.3416389182731,74.042262369102,4784400,8
83.7141846909318,76.7164369421757,4795200,8
84.0867304635906,79.3906115152495,4806000,8
84.4592762362493,82.0647860883232,4816800,8
84.8318220089081,84.7389606613969,4827600,8
85.2043677815668,87.4131352344707,4838400,8
85.5769135542255,90.0873098075444,4849200,8
85.9494593268843,92.7614843806181,4860000,8
88.3154103781659,91.4606094354603,4870800,8
90.6813614294474,90.1597344903024,4881600,8
93.047312480729,88.8588595451445,4892400,8
95.4132635320106,87.5579845999866,4903200,8
97.7792145832922,86.2571096548287,4914000,8
96.4771154884877,83.8918320924041,4924800,8
95.1750163936832,81.5265545299795,4935600,8
93.8729172988787,79.1612769675548,4946400,8
92.5708182040743,76.7959994051302,4957200,8
91.2687191092698,74.4307218427056,4968000,8
89.9666200144653,72.065444280281,4978800,8
88.6645209196608,69.7001667178564,4989600,8
87.3624218248563,67.3348891554318,5000400,8
86.0603227300518,64.9696115930071,5011200,8
84.7582236352474,62.6043340305825,5022000,8
83.4561245404429,60.2390564681579,5032800,8
82.1540254456384,57.8737789057333,5043600,8
80.8519263508339,55.5085013433087,5054400,8
79.5498272560294,53.143223780884,5065200,8
78.2477281612249,50.7779462184594,5076000,8
75.5906728542302,50.2983035435742,5086800,8
72.9336175472354,49.818660868689,5097600,8
70.2765622402407,49.3390181938038,5108400,8
67.6195069332459,48.8593755189186,5119200,8
64.9624516262512,48.3797328440334,5130000,8
62.3053963192564,47.9000901691482,5140800,8
59.6483410122617,47.420447494263,5151600,8
56.9912857052669,46.9408048193778,5162400,8
54.3342303982722,46.4611621444926,5173200,8
51.6771750912774,45.9815194696073,5184000,8
49.0201197842827,45.5018767947221,5194800,8
46.3630644772879,45.0222341198369,5205600,8
43.7060091702932,44.5425914449517,5216400,8
41.0489538632984,44.0629487700665,5227200,8
38.3918985563037,43.5833060951813,5238000,8
35.7348432493089,43.1036634202961,5248800,8
33.0777879423142,42.6240207454109,5259600,8
30.4207326353194,42.1443780705257,5270400,8
27.7636773283247,41.6647353956405,5281200,8
25.1066220213299,41.1850927207553,5292000,8
22.4495667143352,40.7054500458701,5302800,8
19.7925114073404,40.2258073709849,5313600,8
17.1354561003457,39.7461646960997,5324400,8
16.8612386525456,37.0601258297907,5335200,8
16.5870212047455,34.3740869634818,5346000,8
16.3128037569455,31.6880480971729,5356800,8
16.0385863091454,29.002009230864,5367600,8
15.7643688613453,26.3159703645551,5378400,8
15.4901514135452,23.6299314982462,5389200,8
15.2159339657452,20.9438926319373,5400000,8
14.9417165179451,18.2578537656284,5410800,8
14.667499070145,15.5718148993195,5421600,8
14.3932816223449,12.8857760330106,5432400,8
14.1190641745449,10.1997371667017,5443200,8
13.8448467267448,7.51369830039282,5454000,8
13.5706292789447,4.82765943408392,5464800,8
13.2964118311447,2.14162056777502,5475600,8
15.8470629914986,3.02715919380149,5486400,8
18.3977141518526,3.91269781982796,5497200,8
20.9483653122066,4.79823644585443,5508000,8
23.4990164725606,5.68377507188089,5518800,8
26.0496676329146,6.56931369790736,5529600,8
28.6003187932686,7.45485232393383,5540400,8
31.1509699536226,8.3403909499603,5551200,8
33.7016211139766,9.22592957598677,5562000,8
36.2522722743306,10.1114682020132,5572800,8
38.8029234346846,10.9970068280397,5583600,8
41.3535745950385,11.8825454540662,5594400,8
43.9042257553925,12.7680840800926,5605200,8
46.4548769157465,13.6536227061191,5616000,8
49.0055280761005,14.5391613321456,5626800,8
51.5561792364545,15.4246999581721,5637600,8
54.1068303968085,16.3102385841985,5648400,8
56.6574815571625,17.195777210225,5659200,8
59.2081327175165,18.0813158362515,5670000,8
61.7587838778705,18.9668544622779,5680800,8
64.3094350382244,19.8523930883044,5691600,8
66.8600861985784,20.7379317143309,5702400,8
69.4107373589324,21.6234703403573,5713200,8
71.9613885192864,22.5090089663838,5724000,8
74.5120396796404,23.3945475924103,5734800,8
77.0626908399944,24.2800862184367,5745600,8
79.6133420003484,25.1656248444632,5756400,8
82.1639931607024,26.0511634704897,5767200,8
84.7146443210564,26.9367020965161,5778000,8
87.2652954814104,27.8222407225426,5788800,8
89.8159466417643,28.7077793485691,5799600,8
92.3665978021183,29.5933179745955,5810400,8
94.9172489624723,30.478856600622,5821200,8
92.2197489688374,30.5950193499851,5832000,8
89.5222489752025,30.7111820993482,5842800,8
86.8247489815676,30.8273448487113,5853600,8
84.1272489879326,30.9435075980744,5864400,8
81.4297489942977,31.0596703474375,5875200,8
78.7322490006628,31.1758330968005,5886000,8
76.0347490070279,31.2919958461636,5896800,8
73.3372490133929,31.4081585955267,5907600,8
70.639749019758,31.5243213448898,5918400,8
67.9422490261231,31.6404840942529,5929200,8
65.2447490324882,31.756646843616,5940000,8
62.5472490388533,31.8728095929791,5950800,8
59.8497490452183,31.9889723423422,5961600,8
57.1522490515834,32.1051350917052,5972400,8
54.4547490579485,32.2212978410683,5983200,8
51.7572490643136,32.3374605904314,5994000,8
49.0597490706786,32.4536233397945,6004800,8
46.3622490770437,32.5697860891576,6015600,8
43.6647490834088,32.6859488385207,6026400,8
40.9672490897739,32.8021115878838,6037200,8
38.269749096139,32.9182743372469,6048000,8
35.572249102504,33.0344370866099,6058800,8
32.8747491088691,33.150599835973,6069600,8
30.1772491152342,33.2667625853361,6080400,8
31.4301730871877,35.6584526824232,6091200,8
32.6830970591411,38.0501427795102,6102000,8
33.9360210310946,40.4418328765973,6112800,8
35.1889450030481,42.8335229736844,6123600,8
36.4418689750016,45.2252130707714,6134400,8
37.694792946955,47.6169031678585,6145200,8
38.9477169189085,50.0085932649456,6156000,8
40.200640890862,52.4002833620326,6166800,8
41.4535648628155,54.7919734591197,6177600,8
42.7064888347689,57.1836635562068,6188400,8
43.9594128067224,59.5753536532938,6199200,8
45.2123367786759,61.9670437503809,6210000,8
46.4652607506294,64.3587338474679,6220800,8
44.0049163175023,65.4708063587642,6231600,8
41.5445718843753,66.5828788700604,6242400,8
39.0842274512482,67.6949513813566,6253200,8
36.6238830181212,68.8070238926529,6264000,8
34.1635385849941,69.9190964039491,6274800,8
31.703194151867,71.0311689152453,6285600,8
29.24284971874,72.1432414265416,6296400,8
26.7825052856129,73.2553139378378,6307200,8
24.3221608524859,74.367386449134,6318000,8
21.8618164193588,75.4794589604303,6328800,8
19.4014719862318,76.5915314717265,6339600,8
16.9411275531047,77.7036039830227,6350400,8
14.4807831199777,78.815676494319,6361200,8
12.0204386868506,79.9277490056152,6372000,8
9.56009425372355,81.0398215169114,6382800,8
7.0997498205965,82.1518940282077,6393600,8
4.63940538746944,83.2639665395039,6404400,8
2.17906095434239,84.3760390508001,6415200,8
4.8785610610083,84.4279926272965,6426000,8
7.5780611676742,84.4799462037928,6436800,8
10.2775612743401,84.5318997802891,6447600,8
12.977061381006,84.5838533567854,6458400,8
15.6765614876719,84.6358069332818,6469200,8
18.3760615943378,84.6877605097781,6480000,8
21.0755617010037,84.7397140862744,6490800,8
23.7750618076696,84.7916676627707,6501600,8
26.4745619143355,84.843621239267,6512400,8
29.1740620210015,84.8955748157634,6523200,8
31.8735621276674,84.9475283922597,6534000,8
34.5730622343333,84.999481968756,6544800,8
37.2725623409992,85.0514355452523,6555600,8
39.9720624476651,85.1033891217487,6566400,8
42.671562554331,85.155342698245,6577200,8
45.3710626609969,85.2072962747413,6588000,8
48.0705627676628,85.2592498512376,6598800,8
50.7700628743287,85.311203427734,6609600,8
53.4695629809946,85.3631570042303,6620400,8
56.1690630876605,85.4151105807266,6631200,8
54.9160972443294,83.0234424190776,6642000,8
53.6631314009983,80.6317742574286,6652800,8
52.4101655576671,78.2401060957796,6663600,8
51.157199714336,75.8484379341306,6674400,8
49.9042338710048,73.4567697724816,6685200,8
48.6512680276737,71.0651016108326,6696000,8
47.3983021843426,68.6734334491836,6706800,8
46.1453363410114,66.2817652875346,6717600,8
44.8923704976803,63.8900971258856,6728400,8
43.6394046543492,61.4984289642366,6739200,8
42.386438811018,59.1067608025876,6750000,8
41.1334729676869,56.7150926409386,6760800,8
39.8805071243558,54.3234244792896,6771600,8
38.6275412810246,51.9317563176406,6782400,8
37.3745754376935,49.5400881559916,6793200,8
36.1216095943624,47.1484199943426,6804000,8
34.8686437510312,44.7567518326936,6814800,8
32.8801796570983,42.9302769363045,6825600,8
30.8917155631654,41.1038020399154,6836400,8
28.9032514692325,39.2773271435263,6847200,8
26.9147873752996,37.4508522471372,6858000,8
24.9263232813667,35.6243773507482,6868800,8
22.9378591874338,33.7979024543591,6879600,8
20.9493950935008,31.97142755797,6890400,8
18.9609309995679,30.1449526615809,6901200,8
16.972466905635,28.3184777651918,6912000,8
14.9840028117021,26.4920028688027,6922800,8
12.9955387177692,24.6655279724136,6933600,8
11.0070746238363,22.8390530760245,6944400,8
9.01861052990336,21.0125781796354,6955200,8
7.03014643597045,19.1861032832463,6966000,8
5.04168234203754,17.3596283868572,6976800,8
7.65685958672456,18.031080528764,6987600,8
10.2720368314116,18.7025326706708,6998400,8
12.8872140760986,19.3739848125776,7009200,8
15.5023913207856,20.0454369544843,7020000,8
18.1175685654726,20.7168890963911,7030800,8
20.7327458101596,21.3883412382979,7041600,8
23.3479230548467,22.0597933802047,7052400,8
25.9631002995337,22.7312455221115,7063200,8
28.5782775442207,23.4026976640183,7074000,8
31.1934547889077,24.0741498059251,7084800,8
33.8086320335947,24.7456019478319,7095600,8
36.4238092782818,25.4170540897386,7106400,8
39.0389865229688,26.0885062316454,7117200,8
41.6541637676558,26.7599583735522,7128000,8
44.2693410123428,27.431410515459,7138800,8
46.8845182570298,28.1028626573658,7149600,8
49.4996955017169,28.7743147992726,7160400,8
52.1148727464039,29.4457669411794,7171200,8
54.7300499910909,30.1172190830862,7182000,8
57.3452272357779,30.7886712249929,7192800,8
59.9604044804649,31.4601233668997,7203600,8
62.5755817251519,32.1315755088065,7214400,8
65.190758969839,32.8030276507133,7225200,8
67.2468289151141,31.0530058279533,7236000,8
69.3028988603893,29.3029840051933,7246800,8
71.3589688056645,27.5529621824334,7257600,8
73.4150387509396,25.8029403596734,7268400,8
75.4711086962148,24.0529185369134,7279200,8
77.52717864149,22.3028967141534,7290000,8
79.5832485867652,20.5528748913934,7300800,8
81.6393185320403,18.8028530686335,7311600,8
83.6953884773155,17.0528312458735,7322400,8
85.7514584225907,15.3028094231135,7333200,8
87.8075283678658,13.5527876003535,7344000,8
89.863598313141,11.8027657775935,7354800,8
90.4255153284358,14.4436461739618,7365600,8
90.9874323437306,17.0845265703301,7376400,8
91.5493493590253,19.7254069666983,7387200,8
92.1112663743201,22.3662873630666,7398000,8
92.6731833896149,25.0071677594349,7408800,8
93.2351004049097,27.6480481558031,7419600,8
93.7970174202045,30.2889285521714,7430400,8
94.3589344354992,32.9298089485397,7441200,8
94.920851450794,35.5706893449079,7452000,8
95.4827684660888,38.2115697412762,7462800,8
96.0446854813836,40.8524501376445,7473600,8
96.6066024966783,43.4933305340127,7484400,8
97.1685195119731,46.134210930381,7495200,8
97.7304365272679,48.7750913267493,7506000,8
98.2923535425627,51.4159717231175,7516800,8
98.8542705578575,54.0568521194858,7527600,8
97.4420780074985,56.3580935672071,7538400,8
96.0298854571395,58.6593350149285,7549200,8
94.6176929067805,60.9605764626498,7560000,8
93.2055003564215,63.2618179103711,7570800,8
91.7933078060625,65.5630593580925,7581600,8
90.3811152557035,67.8643008058138,7592400,8
88.9689227053446,70.1655422535351,7603200,8
87.5567301549856,72.4667837012565,7614000,8
86.1445376046266,74.7680251489778,7624800,8
84.7323450542676,77.0692665966991,7635600,8
83.3201525039086,79.3705080444205,7646400,8
81.9079599535496,81.6717494921418,7657200,8
80.4957674031907,83.9729909398631,7668000,8
79.0835748528317,86.2742323875845,7678800,8
77.6713823024727,88.5754738353058,7689600,8
76.2591897521137,90.8767152830272,7700400,8
74.8469972017547,93.1779567307485,7711200,8
73.4348046513957,95.4791981784698,7722000,8
72.0226121010367,97.7804396261911,7732800,8
70.6104195506777,100.081681073912,7743600,8
69.0423843868668,97.8836670327716,7754400,8
67.4743492230558,95.6856529916308,7765200,8
65.9063140592449,93.4876389504899,7776000,8
64.3382788954339,91.2896249093491,7786800,8
62.7702437316229,89.0916108682082,7797600,8
61.202208567812,86.8935968270674,7808400,8
59.634173404001,84.6955827859265,7819200,8
58.0661382401901,82.4975687447857,7830000,8
56.4981030763791,80.2995547036448,7840800,8
54.9300679125681,78.101540662504,7851600,8
53.3620327487572,75.9035266213631,7862400,8
51.7939975849462,73.7055125802223,7873200,8
50.2259624211353,71.5074985390814,7884000,8
48.6579272573243,69.3094844979406,7894800,8
47.0898920935133,67.1114704567997,7905600,8
45.5218569297024,64.9134564156589,7916400,8
43.9538217658914,62.715442374518,7927200,8
42.3857866020805,60.5174283333772,7938000,8
40.8177514382695,58.3194142922363,7948800,8
39.2497162744585,56.1214002510955,7959600,8
37.6816811106476,53.9233862099546,7970400,8
36.1136459468366,51.7253721688138,7981200,8
34.5456107830257,49.5273581276729,7992000,8
32.9775756192147,47.3293440865321,8002800,8
31.4095404554037,45.1313300453912,8013600,8
29.8415052915928,42.9333160042504,8024400,8
28.2734701277818,40.7353019631095,8035200,8
29.5014195317857,43.139910093597,8046000,8
30.7293689357895,45.5445182240845,8056800,8
31.9573183397933,47.949126354572,8067600,8
33.1852677437972,50.3537344850595,8078400,8
34.413217147801,52.758342615547,8089200,8
35.6411665518048,55.1629507460345,8100000,8
36.8691159558087,57.567558876522,8110800,8
38.0970653598125,59.9721670070096,8121600,8
39.3250147638164,62.3767751374971,8132400,8
40.5529641678202,64.7813832679846,8143200,8
41.780913571824,67.1859913984721,8154000,8
43.0088629758279,69.5905995289596,8164800,8
44.2368123798317,71.9952076594471,8175600,8
45.4647617838356,74.3998157899346,8186400,8
46.6927111878394,76.8044239204221,8197200,8
47.9496417304046,74.4148370081783,8208000,8
49.2065722729697,72.0252500959345,8218800,8
50.4635028155349,69.6356631836907,8229600,8
51.7204333581001,67.2460762714469,8240400,8
52.9773639006652,64.8564893592031,8251200,8
54.2342944432304,62.4669024469593,8262000,8
55.4912249857956,60.0773155347155,8272800,8
56.7481555283608,57.6877286224718,8283600,8
58.0050860709259,55.298141710228,8294400,8
59.2620166134911,52.9085547979842,8305200,8
60.5189471560563,50.5189678857404,8316000,8
61.7758776986214,48.1293809734966,8326800,8
63.0328082411866,45.7397940612528,8337600,8
64.2897387837518,43.350207149009,8348400,8
65.5466693263169,40.9606202367652,8359200,8
66.8035998688821,38.5710333245214,8370000,8
68.0605304114473,36.1814464122776,8380800,8
69.3174609540124,33.7918595000338,8391600,8
70.5743914965776,31.40227258779,8402400,8
71.8313220391428,29.0126856755462,8413200,8
73.088252581708,26.6230987633024,8424000,8
74.3451831242731,24.2335118510586,8434800,8
75.6021136668383,21.8439249388148,8445600,8
76.8590442094035,19.454338026571,8456400,8
78.1159747519686,17.0647511143273,8467200,8
79.3729052945338,14.6751642020835,8478000,8
80.629835837099,12.2855772898397,8488800,8
81.8867663796641,9.89599037759587,8499600,8
79.3858105581878,10.9134479831124,8510400,8
76.8848547367114,11.930905588629,8521200,8
74.383898915235,12.9483631941455,8532000,8
71.8829430937587,13.9658207996621,8542800,8
69.3819872722823,14.9832784051786,8553600,8
66.8810314508059,16.0007360106952,8564400,8
64.3800756293296,17.0181936162117,8575200,8
61.8791198078532,18.0356512217283,8586000,8
59.3781639863768,19.0531088272448,8596800,8
56.8772081649005,20.0705664327614,8607600,8
54.3762523434241,21.088024038278,8618400,8
51.8752965219477,22.1054816437945,8629200,8
49.3743407004714,23.1229392493111,8640000,8
50,50,0,9
47.3032845380174,50.1331379626692,10800,9
44.6065690760347,50.2662759253385,21600,9
41.9098536140521,50.3994138880077,32400,9
39.2131381520694,50.532551850677,43200,9
36.5164226900868,50.6656898133462,54000,9
33.8197072281041,50.7988277760155,64800,9
31.1229917661215,50.9319657386847,75600,9
28.4262763041388,51.065103701354,86400,9
25.7295608421562,51.1982416640232,97200,9
23.0328453801735,51.3313796266925,108000,9
20.3361299181909,51.4645175893617,118800,9
17.6394144562082,51.597655552031,129600,9
14.9426989942256,51.7307935147002,140400,9
12.2459835322429,51.8639314773695,151200,9
9.5492680702603,51.9970694400387,162000,9
6.85255260827765,52.130207402708,172800,9
8.50440229631718,49.9944657029409,183600,9
10.1562519843567,47.8587240031739,194400,9
11.8081016723963,45.7229823034069,205200,9
13.4599513604358,43.5872406036399,216000,9
15.1118010484753,41.4514989038729,226800,9
16.7636507365149,39.3157572041059,237600,9
18.4155004245544,37.1800155043389,248400,9
20.0673501125939,35.0442738045718,259200,9
21.7191998006335,32.9085321048048,270000,9
23.371049488673,30.7727904050378,280800,9
25.0228991767125,28.6370487052708,291600,9
26.6747488647521,26.5013070055038,302400,9
28.3265985527916,24.3655653057368,313200,9
29.9784482408311,22.2298236059698,324000,9
31.6302979288707,20.0940819062028,334800,9
33.2821476169102,17.9583402064357,345600,9
32.8277579649621,20.6198303988284,356400,9
32.3733683130141,23.2813205912211,367200,9
31.918978661066,25.9428107836138,378000,9
31.4645890091179,28.6043009760065,388800,9
31.0101993571699,31.2657911683992,399600,9
30.5558097052218,33.9272813607919,410400,9
30.1014200532737,36.5887715531846,421200,9
29.6470304013257,39.2502617455773,432000,9
29.1926407493776,41.91175193797,442800,9
28.7382510974295,44.5732421303627,453600,9
28.2838614454814,47.2347323227554,464400,9
27.8294717935334,49.8962225151481,475200,9
27.3750821415853,52.5577127075408,486000,9
26.9206924896372,55.2192028999335,496800,9
26.4663028376892,57.8806930923262,507600,9
26.0119131857411,60.5421832847189,518400,9
25.557523533793,63.2036734771116,529200,9
25.103133881845,65.8651636695043,540000,9
24.6487442298969,68.526653861897,550800,9
24.1943545779488,71.1881440542897,561600,9
23.7399649260008,73.8496342466824,572400,9
23.2855752740527,76.5111244390751,583200,9
22.8311856221046,79.1726146314678,594000,9
22.3767959701566,81.8341048238605,604800,9
21.9224063182085,84.4955950162531,615600,9
21.4680166662604,87.1570852086459,626400,9
21.0136270143123,89.8185754010385,637200,9
22.9970618863626,87.9866403289535,648000,9
24.9804967584128,86.1547052568685,658800,9
26.963931630463,84.3227701847835,669600,9
28.9473665025132,82.4908351126985,680400,9
30.9308013745635,80.6589000406135,691200,9
32.9142362466137,78.8269649685285,702000,9
34.8976711186639,76.9950298964435,712800,9
36.8811059907141,75.1630948243585,723600,9
38.8645408627644,73.3311597522735,734400,9
40.8479757348146,71.4992246801884,745200,9
42.8314106068648,69.6672896081034,756000,9
44.814845478915,67.8353545360184,766800,9
46.7982803509653,66.0034194639334,777600,9
48.7817152230155,64.1714843918484,788400,9
50.7651500950657,62.3395493197634,799200,9
52.7485849671159,60.5076142476784,810000,9
54.7320198391662,58.6756791755934,820800,9
56.7154547112164,56.8437441035084,831600,9
58.6988895832666,55.0118090314234,842400,9
60.6823244553168,53.1798739593384,853200,9
62.665759327367,51.3479388872533,864000,9
64.6491941994173,49.5160038151683,874800,9
66.6326290714675,47.6840687430833,885600,9
68.1188035086236,45.4298980436145,896400,9
69.6049779457797,43.1757273441457,907200,9
71.0911523829358,40.9215566446769,918000,9
72.577326820092,38.6673859452081,928800,9
74.0635012572481,36.4132152457393,939600,9
75.5496756944042,34.1590445462705,950400,9
77.0358501315603,31.9048738468017,961200,9
78.5220245687164,29.6507031473329,972000,9
80.0081990058726,27.396532447864,982800,9
81.4943734430287,25.1423617483952,993600,9
82.9805478801848,22.8881910489264,1004400,9
84.4667223173409,20.6340203494576,1015200,9
85.952896754497,18.3798496499888,1026000,9
87.4390711916531,16.12567895052,1036800,9
88.9252456288093,13.8715082510512,1047600,9
90.4114200659654,11.6173375515824,1058400,9
91.8975945031215,9.36316685211357,1069200,9
91.1941059360021,11.9699088485398,1080000,9
90.4906173688827,14.5766508449661,1090800,9
89.7871288017632,17.1833928413923,1101600,9
89.0836402346438,19.7901348378185,1112400,9
88.3801516675244,22.3968768342448,1123200,9
87.676663100405,25.003618830671,1134000,9
86.9731745332856,27.6103608270973,1144800,9
86.2696859661662,30.2171028235235,1155600,9
85.5661973990468,32.8238448199498,1166400,9
84.8627088319274,35.430586816376,1177200,9
84.159220264808,38.0373288128023,1188000,9
83.4557316976885,40.6440708092285,1198800,9
82.7522431305691,43.2508128056547,1209600,9
82.0487545634497,45.857554802081,1220400,9
81.3452659963303,48.4642967985072,1231200,9
80.6417774292109,51.0710387949335,1242000,9
79.9382888620915,53.6777807913597,1252800,9
79.2348002949721,56.284522787786,1263600,9
78.5313117278527,58.8912647842122,1274400,9
77.8278231607332,61.4980067806384,1285200,9
77.1243345936138,64.1047487770647,1296000,9
76.4208460264944,66.7114907734909,1306800,9
75.717357459375,69.3182327699172,1317600,9
75.0138688922556,71.9249747663434,1328400,9
74.3103803251362,74.5317167627697,1339200,9
73.4804985310286,71.9624179853191,1350000,9
72.650616736921,69.3931192078686,1360800,9
71.8207349428134,66.8238204304181,1371600,9
70.9908531487059,64.2545216529675,1382400,9
70.1609713545983,61.685222875517,1393200,9
69.3310895604907,59.1159240980665,1404000,9
68.5012077663831,56.546625320616,1414800,9
67.6713259722755,53.9773265431654,1425600,9
66.841444178168,51.4080277657149,1436400,9
66.0115623840604,48.8387289882644,1447200,9
65.1816805899528,46.2694302108138,1458000,9
64.3517987958452,43.7001314333633,1468800,9
63.5219170017377,41.1308326559128,1479600,9
62.6920352076301,38.5615338784622,1490400,9
61.8621534135225,35.9922351010117,1501200,9
61.0322716194149,33.4229363235612,1512000,9
60.2023898253074,30.8536375461107,1522800,9
59.3725080311998,28.2843387686601,1533600,9
58.5426262370922,25.7150399912096,1544400,9
57.7127444429846,23.1457412137591,1555200,9
56.882862648877,20.5764424363085,1566000,9
56.0529808547695,18.007143658858,1576800,9
56.8430731600622,20.5889558420187,1587600,9
57.6331654653549,23.1707680251795,1598400,9
58.4232577706476,25.7525802083402,1609200,9
59.2133500759403,28.334392391501,1620000,9
60.003442381233,30.9162045746617,1630800,9
57.3596252005478,30.3682714445138,1641600,9
54.7158080198626,29.8203383143659,1652400,9
52.0719908391774,29.2724051842179,1663200,9
49.4281736584922,28.72447205407,1674000,9
46.7843564778069,28.176538923922,1684800,9
44.1405392971217,27.6286057937741,1695600,9
41.4967221164365,27.0806726636261,1706400,9
38.8529049357513,26.5327395334782,1717200,9
36.2090877550661,25.9848064033303,1728000,9
33.5652705743809,25.4368732731823,1738800,9
30.9214533936957,24.8889401430344,1749600,9
28.2776362130105,24.3410070128864,1760400,9
25.6338190323253,23.7930738827385,1771200,9
22.9900018516401,23.2451407525905,1782000,9
20.3461846709549,22.6972076224426,1792800,9
17.7023674902697,22.1492744922947,1803600,9
15.0585503095845,21.6013413621467,1814400,9
12.4147331288993,21.0534082319988,1825200,9
15.0718245442835,20.5739656282477,1836000,9
17.7289159596677,20.0945230244967,1846800,9
20.3860073750519,19.6150804207457,1857600,9
23.0430987904361,19.1356378169946,1868400,9
25.7001902058203,18.6561952132436,1879200,9
28.3572816212045,18.1767526094926,1890000,9
31.0143730365887,17.6973100057415,1900800,9
33.6714644519729,17.2178674019905,1911600,9
36.3285558673571,16.7384247982395,1922400,9
38.9856472827413,16.2589821944884,1933200,9
41.6427386981255,15.7795395907374,1944000,9
44.2998301135097,15.3000969869864,1954800,9
46.9569215288939,14.8206543832353,1965600,9
49.6140129442781,14.3412117794843,1976400,9
52.2711043596623,13.8617691757333,1987200,9
54.9281957750465,13.3823265719822,1998000,9
57.5852871904307,12.9028839682312,2008800,9
60.2423786058149,12.4234413644802,2019600,9
62.8994700211991,11.9439987607291,2030400,9
65.5565614365833,11.4645561569781,2041200,9
68.2136528519675,10.9851135532271,2052000,9
70.8707442673517,10.505670949476,2062800,9
73.5278356827359,10.026228345725,2073600,9
76.1849270981201,9.54678574197396,2084400,9
78.8420185135043,9.06734313822293,2095200,9
81.4991099288886,8.58790053447189,2106000,9
84.1562013442728,8.10845793072086,2116800,9
86.813292759657,7.62901532696982,2127600,9
89.4703841750412,7.14957272321879,2138400,9
86.7713825204605,7.07615563685111,2149200,9
84.0723808658798,7.00273855048343,2160000,9
81.3733792112991,6.92932146411575,2170800,9
78.6743775567184,6.85590437774807,2181600,9
75.9753759021377,6.78248729138039,2192400,9
73.276374247557,6.70907020501271,2203200,9
70.5773725929764,6.63565311864503,2214000,9
67.8783709383957,6.56223603227735,2224800,9
65.179369283815,6.48881894590967,2235600,9
62.4803676292343,6.41540185954199,2246400,9
59.7813659746536,6.34198477317431,2257200,9
57.0823643200729,6.26856768680663,2268000,9
54.3833626654922,6.19515060043894,2278800,9
51.6843610109116,6.12173351407126,2289600,9
48.9853593563309,6.04831642770358,2300400,9
46.2863577017502,5.9748993413359,2311200,9
43.5873560471695,5.90148225496822,2322000,9
40.8883543925888,5.82806516860054,2332800,9
38.1893527380081,5.75464808223286,2343600,9
35.4903510834274,5.68123099586518,2354400,9
32.7913494288468,5.6078139094975,2365200,9
30.0923477742661,5.53439682312982,2376000,9
27.3933461196854,5.46097973676214,2386800,9
24.6943444651047,5.38756265039446,2397600,9
27.3375548823123,4.83670995650523,2408400,9
29.98076529952,4.285857262616,2419200,9
32.6239757167276,3.73500456872677,2430000,9
35.2671861339353,3.18415187483754,2440800,9
37.9103965511429,2.63329918094831,2451600,9
40.5536069683505,2.08244648705907,2462400,9
43.1968173855582,1.53159379316984,2473200,9
45.7124581469159,2.51218114766486,2484000,9
48.2280989082736,3.49276850215988,2494800,9
50.7437396696313,4.47335585665489,2505600,9
53.2593804309891,5.45394321114991,2516400,9
55.7750211923468,6.43453056564493,2527200,9
58.2906619537045,7.41511792013995,2538000,9
60.8063027150622,8.39570527463496,2548800,9
63.32194347642,9.37629262912998,2559600,9
65.8375842377777,10.356879983625,2570400,9
68.3532249991354,11.33746733812,2581200,9
70.8688657604931,12.318054692615,2592000,9
73.3845065218509,13.29864204711,2602800,9
75.9001472832086,14.2792294016051,2613600,9
78.4157880445663,15.2598167561001,2624400,9
80.931428805924,16.2404041105951,2635200,9
83.4470695672817,17.2209914650901,2646000,9
85.9627103286395,18.2015788195851,2656800,9
88.4783510899972,19.1821661740802,2667600,9
85.8066751497899,19.5722272853401,2678400,9
83.1349992095825,19.9622883966,2689200,9
80.4633232693752,20.3523495078599,2700000,9
77.7916473291679,20.7424106191198,2710800,9
75.1199713889606,21.1324717303797,2721600,9
72.4482954487532,21.5225328416396,2732400,9
69.7766195085459,21.9125939528995,2743200,9
67.1049435683386,22.3026550641594,2754000,9
64.4332676281313,22.6927161754193,2764800,9
61.7615916879239,23.0827772866792,2775600,9
59.0899157477166,23.4728383979391,2786400,9
56.4182398075093,23.862899509199,2797200,9
53.746563867302,24.2529606204589,2808000,9
51.0748879270947,24.6430217317188,2818800,9
48.4032119868873,25.0330828429787,2829600,9
45.73153604668,25.4231439542386,2840400,9
43.0598601064727,25.8132050654985,2851200,9
40.3881841662654,26.2032661767584,2862000,9
37.716508226058,26.5933272880183,2872800,9
35.0448322858507,26.9833883992782,2883600,9
32.3731563456434,27.3734495105381,2894400,9
29.7014804054361,27.763510621798,2905200,9
27.0298044652287,28.1535717330579,2916000,9
24.3581285250214,28.5436328443178,2926800,9
21.6864525848141,28.9336939555777,2937600,9
19.0147766446068,29.3237550668377,2948400,9
16.3431007043994,29.7138161780976,2959200,9
13.6714247641921,30.1038772893575,2970000,9
10.9997488239848,30.4939384006174,2980800,9
8.32807288377747,30.8839995118773,2991600,9
10.6881031781901,29.572413826741,3002400,9
13.0481334726028,28.2608281416046,3013200,9
15.4081637670154,26.9492424564683,3024000,9
17.7681940614281,25.637656771332,3034800,9
20.1282243558408,24.3260710861957,3045600,9
22.4882546502534,23.0144854010594,3056400,9
24.8482849446661,21.7028997159231,3067200,9
27.2083152390787,20.3913140307867,3078000,9
29.5683455334914,19.0797283456504,3088800,9
31.9283758279041,17.7681426605141,3099600,9
34.2884061223167,16.4565569753778,3110400,9
36.6484364167294,15.1449712902415,3121200,9
39.008466711142,13.8333856051052,3132000,9
41.3684970055547,12.5217999199688,3142800,9
43.7285272999673,11.2102142348325,3153600,9
46.08855759438,9.89862854969622,3164400,9
48.5634372716288,10.9779665797596,3175200,9
51.0383169488775,12.057304609823,3186000,9
53.5131966261263,13.1366426398864,3196800,9
55.988076303375,14.2159806699498,3207600,9
58.4629559806238,15.2953187000132,3218400,9
60.9378356578725,16.3746567300766,3229200,9
63.4127153351213,17.45399476014,3240000,9
65.88759501237,18.5333327902033,3250800,9
68.3624746896188,19.6126708202667,3261600,9
70.8373543668675,20.6920088503301,3272400,9
73.3122340441163,21.7713468803935,3283200,9
75.787113721365,22.8506849104569,3294000,9
78.2619933986138,23.9300229405203,3304800,9
80.7368730758625,25.0093609705837,3315600,9
83.2117527531113,26.0886990006471,3326400,9
85.68663243036,27.1680370307105,3337200,9
88.1615121076088,28.2473750607739,3348000,9
90.6363917848575,29.3267130908373,3358800,9
93.1112714621063,30.4060511209007,3369600,9
95.586151139355,31.485389150964,3380400,9
98.0610308166038,32.5647271810274,3391200,9
100.535910493853,33.6440652110908,3402000,9
98.0183672615476,32.6683725989042,3412800,9
95.5008240292426,31.6926799867177,3423600,9
92.9832807969376,30.7169873745311,3434400,9
90.4657375646327,29.7412947623445,3445200,9
87.9481943323277,28.7656021501579,3456000,9
85.4306511000227,27.7899095379714,3466800,9
82.9131078677178,26.8142169257848,3477600,9
80.3955646354128,25.8385243135982,3488400,9
77.8780214031078,24.8628317014116,3499200,9
75.3604781708029,23.8871390892251,3510000,9
72.8429349384979,22.9114464770385,3520800,9
70.3253917061929,21.9357538648519,3531600,9
67.807848473888,20.9600612526653,3542400,9
65.290305241583,19.9843686404787,3553200,9
62.772762009278,19.0086760282922,3564000,9
60.2552187769731,18.0329834161056,3574800,9
57.7376755446681,17.057290803919,3585600,9
55.2201323123631,16.0815981917324,3596400,9
52.7025890800582,15.1059055795459,3607200,9
50.1850458477532,14.1302129673593,3618000,9
47.6675026154482,13.1545203551727,3628800,9
45.1499593831433,12.1788277429861,3639600,9
42.6324161508383,11.2031351307996,3650400,9
40.1148729185333,10.227442518613,3661200,9
37.5973296862284,9.25174990642639,3672000,9
35.0797864539234,8.27605729423982,3682800,9
32.5622432216184,7.30036468205324,3693600,9
30.0446999893135,6.32467206986666,3704400,9
29.6955974848181,3.64733618482067,3715200,9
30.4417872685097,6.24217737585998,3726000,9
31.1879770522012,8.8370185668993,3736800,9
31.9341668358928,11.4318597579386,3747600,9
32.6803566195844,14.0267009489779,3758400,9
33.4265464032759,16.6215421400172,3769200,9
34.1727361869675,19.2163833310566,3780000,9
34.9189259706591,21.8112245220959,3790800,9
35.6651157543506,24.4060657131352,3801600,9
36.4113055380422,27.0009069041745,3812400,9
37.1574953217338,29.5957480952138,3823200,9
37.9036851054254,32.1905892862531,3834000,9
38.6498748891169,34.7854304772924,3844800,9
39.3960646728085,37.3802716683318,3855600,9
40.1422544565001,39.9751128593711,3866400,9
40.8884442401916,42.5699540504104,3877200,9
41.6346340238832,45.1647952414497,3888000,9
42.3808238075748,47.759636432489,3898800,9
43.1270135912663,50.3544776235283,3909600,9
43.8732033749579,52.9493188145677,3920400,9
44.6193931586495,55.544160005607,3931200,9
45.3655829423411,58.1390011966463,3942000,9
46.1117727260326,60.7338423876856,3952800,9
46.8579625097242,63.3286835787249,3963600,9
47.6041522934158,65.9235247697642,3974400,9
48.3503420771073,68.5183659608035,3985200,9
49.0965318607989,71.1132071518429,3996000,9
49.8427216444905,73.7080483428822,4006800,9
50.588911428182,76.3028895339215,4017600,9
51.0825571635391,73.6484001502614,4028400,9
51.5762028988961,70.9939107666014,4039200,9
52.0698486342531,68.3394213829414,4050000,9
52.5634943696101,65.6849319992813,4060800,9
53.0571401049671,63.0304426156213,4071600,9
53.5507858403242,60.3759532319613,4082400,9
54.0444315756812,57.7214638483012,4093200,9
54.5380773110382,55.0669744646412,4104000,9
55.0317230463952,52.4124850809812,4114800,9
55.5253687817522,49.7579956973211,4125600,9
56.0190145171093,47.1035063136611,4136400,9
56.5126602524663,44.4490169300011,4147200,9
57.0063059878233,41.794527546341,4158000,9
57.4999517231803,39.140038162681,4168800,9
57.9935974585373,36.485548779021,4179600,9
58.4872431938944,33.8310593953609,4190400,9
58.9808889292514,31.1765700117009,4201200,9
59.4745346646084,28.5220806280409,4212000,9
59.9681803999654,25.8675912443808,4222800,9
60.4618261353224,23.2131018607208,4233600,9
60.9554718706794,20.5586124770608,4244400,9
61.4491176060365,17.9041230934007,4255200,9
61.9427633413935,15.2496337097407,4266000,9
62.4364090767505,12.5951443260807,4276800,9
62.9300548121075,9.94065494242063,4287600,9
61.2317520989961,12.0396470564216,4298400,9
59.5334493858846,14.1386391704226,4309200,9
57.8351466727732,16.2376312844236,4320000,9
56.1368439596617,18.3366233984245,4330800,9
54.4385412465503,20.4356155124255,4341600,9
52.7402385334388,22.5346076264265,4352400,9
51.0419358203274,24.6335997404275,4363200,9
49.3436331072159,26.7325918544285,4374000,9
47.6453303941045,28.8315839684294,4384800,9
45.947027680993,30.9305760824304,4395600,9
44.2487249678816,33.0295681964314,4406400,9
42.5504222547701,35.1285603104324,4417200,9
40.8521195416587,37.2275524244333,4428000,9
39.1538168285472,39.3265445384343,4438800,9
37.4555141154358,41.4255366524353,4449600,9
35.7572114023243,43.5245287664363,4460400,9
34.0589086892129,45.6235208804373,4471200,9
32.3606059761014,47.7225129944382,4482000,9
30.66230326299,49.8215051084392,4492800,9
28.9640005498785,51.9204972224402,4503600,9
27.2656978367671,54.0194893364412,4514400,9
25.5673951236556,56.1184814504421,4525200,9
23.8690924105442,58.2174735644431,4536000,9
22.1707896974328,60.3164656784441,4546800,9
20.4724869843213,62.4154577924451,4557600,9
18.7741842712099,64.5144499064461,4568400,9
17.0758815580984,66.613442020447,4579200,9
15.377578844987,68.712434134448,4590000,9
13.6792761318755,70.811426248449,4600800,9
11.9809734187641,72.91041836245,4611600,9
10.2826707056526,75.009410476451,4622400,9
8.58436799254117,77.1084025904519,4633200,9
11.17776560534,76.3572109891084,4644000,9
13.7711632181389,75.6060193877648,4654800,9
16.3645608309378,74.8548277864213,4665600,9
18.9579584437367,74.1036361850777,4676400,9
21.5513560565356,73.3524445837342,4687200,9
24.1447536693344,72.6012529823906,4698000,9
26.7381512821333,71.8500613810471,4708800,9
29.3315488949322,71.0988697797036,4719600,9
31.9249465077311,70.34767817836,4730400,9
34.51834412053,69.5964865770165,4741200,9
37.1117417333288,68.8452949756729,4752000,9
39.7051393461277,68.0941033743294,4762800,9
42.2985369589266,67.3429117729858,4773600,9
44.8919345717255,66.5917201716423,4784400,9
47.4853321845243,65.8405285702987,4795200,9
50.0787297973232,65.0893369689552,4806000,9
52.6721274101221,64.3381453676116,4816800,9
55.265525022921,63.5869537662681,4827600,9
57.8589226357199,62.8357621649246,4838400,9
60.4523202485187,62.084570563581,4849200,9
63.0457178613176,61.3333789622375,4860000,9
65.6391154741165,60.5821873608939,4870800,9
68.2325130869154,59.8309957595504,4881600,9
70.8259106997143,59.0798041582068,4892400,9
73.4193083125131,58.3286125568633,4903200,9
76.012705925312,57.5774209555197,4914000,9
78.6061035381109,56.8262293541762,4924800,9
81.1995011509098,56.0750377528326,4935600,9
83.7928987637086,55.3238461514891,4946400,9
86.3862963765075,54.5726545501455,4957200,9
88.9796939893064,53.821462948802,4968000,9
91.5730916021053,53.0702713474585,4978800,9
89.0374772537164,53.9979889102137,4989600,9
86.5018629053276,54.925706472969,5000400,9
83.9662485569387,55.8534240357243,5011200,9
81.4306342085499,56.7811415984796,5022000,9
78.895019860161,57.7088591612349,5032800,9
76.3594055117722,58.6365767239901,5043600,9
73.8237911633833,59.5642942867454,5054400,9
71.2881768149945,60.4920118495007,5065200,9
68.7525624666056,61.419729412256,5076000,9
66.2169481182168,62.3474469750113,5086800,9
63.681333769828,63.2751645377665,5097600,9
61.1457194214391,64.2028821005218,5108400,9
58.6101050730502,65.1305996632771,5119200,9
56.0744907246614,66.0583172260324,5130000,9
53.5388763762726,66.9860347887877,5140800,9
51.0032620278837,67.913752351543,5151600,9
48.4676476794949,68.8414699142982,5162400,9
45.932033331106,69.7691874770535,5173200,9
43.3964189827172,70.6969050398088,5184000,9
40.8608046343283,71.6246226025641,5194800,9
38.3251902859395,72.5523401653194,5205600,9
35.7895759375506,73.4800577280746,5216400,9
33.2539615891618,74.4077752908299,5227200,9
30.7183472407729,75.3354928535852,5238000,9
28.1827328923841,76.2632104163405,5248800,9
25.6471185439952,77.1909279790958,5259600,9
23.1115041956064,78.1186455418511,5270400,9
20.5758898472175,79.0463631046063,5281200,9
18.0402754988287,79.9740806673616,5292000,9
15.5046611504398,80.9017982301169,5302800,9
12.969046802051,81.8295157928722,5313600,9
10.4334324536621,82.7572333556274,5324400,9
11.5168635449859,80.2841427648174,5335200,9
12.6002946363096,77.8110521740074,5346000,9
13.6837257276333,75.3379615831974,5356800,9
14.7671568189571,72.8648709923874,5367600,9
15.8505879102808,70.3917804015773,5378400,9
16.9340190016045,67.9186898107673,5389200,9
18.0174500929282,65.4455992199573,5400000,9
19.100881184252,62.9725086291473,5410800,9
20.1843122755757,60.4994180383372,5421600,9
21.2677433668994,58.0263274475272,5432400,9
22.3511744582232,55.5532368567172,5443200,9
23.4346055495469,53.0801462659072,5454000,9
24.5180366408706,50.6070556750971,5464800,9
25.6014677321943,48.1339650842871,5475600,9
26.6848988235181,45.6608744934771,5486400,9
27.7683299148418,43.1877839026671,5497200,9
28.8517610061655,40.714693311857,5508000,9
29.9351920974893,38.241602721047,5518800,9
31.018623188813,35.768512130237,5529600,9
32.1020542801367,33.295421539427,5540400,9
33.1854853714604,30.8223309486169,5551200,9
34.2689164627842,28.3492403578069,5562000,9
36.5049837951605,26.835964809508,5572800,9
38.7410511275368,25.322689261209,5583600,9
40.9771184599131,23.80941371291,5594400,9
43.2131857922894,22.2961381646111,5605200,9
45.4492531246657,20.7828626163121,5616000,9
47.685320457042,19.2695870680132,5626800,9
49.9213877894183,17.7563115197142,5637600,9
52.1574551217946,16.2430359714153,5648400,9
54.3935224541709,14.7297604231163,5659200,9
56.6295897865472,13.2164848748174,5670000,9
58.8656571189236,11.7032093265184,5680800,9
61.1017244512999,10.1899337782194,5691600,9
63.3377917836762,8.67665822992049,5702400,9
65.5738591160525,7.16338268162153,5713200,9
67.8099264484288,5.65010713332258,5724000,9
70.0459937808051,4.13683158502363,5734800,9
72.2820611131814,2.62355603672467,5745600,9
74.5181284455577,1.11028048842571,5756400,9
72.5534860912316,2.9623551142408,5767200,9
70.5888437369055,4.81442974005588,5778000,9
68.6242013825795,6.66650436587096,5788800,9
66.6595590282534,8.51857899168604,5799600,9
64.6949166739273,10.3706536175011,5810400,9
62.7302743196012,12.2227282433162,5821200,9
60.7656319652751,14.0748028691313,5832000,9
58.8009896109491,15.9268774949464,5842800,9
56.836347256623,17.7789521207615,5853600,9
54.8717049022969,19.6310267465765,5864400,9
52.9070625479708,21.4831013723916,5875200,9
50.9424201936447,23.3351759982067,5886000,9
48.9777778393187,25.1872506240218,5896800,9
47.0131354849926,27.0393252498369,5907600,9
45.0484931306665,28.8913998756519,5918400,9
43.0838507763404,30.743474501467,5929200,9
41.1192084220143,32.5955491272821,5940000,9
39.1545660676883,34.4476237530972,5950800,9
37.1899237133622,36.2996983789123,5961600,9
35.2252813590361,38.1517730047274,5972400,9
33.26063900471,40.0038476305424,5983200,9
31.2959966503839,41.8559222563575,5994000,9
29.3313542960579,43.7079968821726,6004800,9
27.3667119417318,45.5600715079877,6015600,9
25.4020695874057,47.4121461338028,6026400,9
23.4374272330796,49.2642207596179,6037200,9
21.4727848787535,51.1162953854329,6048000,9
19.5081425244275,52.968370011248,6058800,9
17.5435001701014,54.8204446370631,6069600,9
15.5788578157753,56.6725192628782,6080400,9
13.6142154614492,58.5245938886933,6091200,9
11.6495731071231,60.3766685145084,6102000,9
9.68493075279706,62.2287431403234,6112800,9
7.72028839847098,64.0808177661385,6123600,9
5.7556460441449,65.9328923919536,6134400,9
8.37866542623631,65.2927601234553,6145200,9
11.0016848083277,64.652627854957,6156000,9
13.6247041904191,64.0124955864587,6166800,9
16.2477235725105,63.3723633179604,6177600,9
18.870742954602,62.732231049462,6188400,9
21.4937623366934,62.0920987809637,6199200,9
24.1167817187848,61.4519665124654,6210000,9
26.7398011008762,60.8118342439671,6220800,9
29.3628204829676,60.1717019754688,6231600,9
31.985839865059,59.5315697069705,6242400,9
34.6088592471504,58.8914374384722,6253200,9
37.2318786292418,58.2513051699738,6264000,9
39.8548980113332,57.6111729014755,6274800,9
42.4779173934246,56.9710406329772,6285600,9
45.1009367755161,56.3309083644789,6296400,9
47.7239561576075,55.6907760959806,6307200,9
50.3469755396989,55.0506438274823,6318000,9
52.9699949217903,54.410511558984,6328800,9
55.5930143038817,53.7703792904857,6339600,9
58.2160336859731,53.1302470219874,6350400,9
60.8390530680645,52.490114753489,6361200,9
62.3346152246874,54.7380680082694,6372000,9
63.8301773813103,56.9860212630497,6382800,9
65.3257395379332,59.23397451783,6393600,9
66.8213016945561,61.4819277726104,6404400,9
68.3168638511789,63.7298810273907,6415200,9
69.8124260078018,65.9778342821711,6426000,9
71.3079881644247,68.2257875369514,6436800,9
72.8035503210476,70.4737407917317,6447600,9
73.1463295449668,67.7955879948119,6458400,9
73.4891087688861,65.1174351978921,6469200,9
73.8318879928054,62.4392824009724,6480000,9
74.1746672167246,59.7611296040526,6490800,9
74.5174464406439,57.0829768071328,6501600,9
74.8602256645632,54.404824010213,6512400,9
75.2030048884825,51.7266712132932,6523200,9
75.5457841124017,49.0485184163734,6534000,9
75.888563336321,46.3703656194536,6544800,9
76.2313425602403,43.6922128225338,6555600,9
76.5741217841595,41.014060025614,6566400,9
76.9169010080788,38.3359072286942,6577200,9
77.2596802319981,35.6577544317744,6588000,9
77.6024594559173,32.9796016348546,6598800,9
77.9452386798366,30.3014488379349,6609600,9
78.2880179037559,27.6232960410151,6620400,9
77.4600676046241,30.1932178884975,6631200,9
76.6321173054923,32.7631397359799,6642000,9
75.8041670063605,35.3330615834624,6652800,9
74.9762167072286,37.9029834309448,6663600,9
74.1482664080968,40.4729052784272,6674400,9
73.320316108965,43.0428271259097,6685200,9
72.4923658098332,45.6127489733921,6696000,9
71.6644155107014,48.1826708208746,6706800,9
70.8364652115696,50.752592668357,6717600,9
70.0085149124378,53.3225145158394,6728400,9
69.180564613306,55.8924363633219,6739200,9
67.802134236255,53.5708141512419,6750000,9
66.4237038592041,51.2491919391619,6760800,9
65.0452734821532,48.9275697270819,6771600,9
63.6668431051023,46.6059475150019,6782400,9
62.2884127280513,44.2843253029219,6793200,9
60.9099823510004,41.9627030908419,6804000,9
59.5315519739494,39.6410808787619,6814800,9
58.1531215968985,37.3194586666819,6825600,9
56.7746912198476,34.9978364546019,6836400,9
55.3962608427967,32.6762142425219,6847200,9
54.0178304657457,30.3545920304419,6858000,9
52.6394000886948,28.0329698183619,6868800,9
51.2609697116438,25.7113476062819,6879600,9
49.8825393345929,23.3897253942019,6890400,9
48.504108957542,21.0681031821219,6901200,9
47.125678580491,18.7464809700419,6912000,9
45.7472482034401,16.4248587579619,6922800,9
44.3688178263892,14.1032365458819,6933600,9
42.9903874493382,11.7816143338019,6944400,9
41.6119570722873,9.45999212172192,6955200,9
40.2335266952364,7.13836990964193,6966000,9
42.4407443259334,8.69342306974301,6976800,9
44.6479619566304,10.2484762298441,6987600,9
46.8551795873274,11.8035293899452,6998400,9
49.0623972180244,13.3585825500463,7009200,9
51.2696148487213,14.9136357101473,7020000,9
53.4768324794183,16.4686888702484,7030800,9
55.6840501101153,18.0237420303495,7041600,9
57.8912677408123,19.5787951904506,7052400,9
60.0984853715093,21.1338483505517,7063200,9
62.3057030022063,22.6889015106527,7074000,9
64.5129206329033,24.2439546707538,7084800,9
66.7201382636003,25.7990078308549,7095600,9
68.9273558942973,27.354060990956,7106400,9
71.1345735249943,28.9091141510571,7117200,9
73.3417911556913,30.4641673111581,7128000,9
75.5490087863883,32.0192204712592,7138800,9
77.7562264170852,33.5742736313603,7149600,9
76.7139283068249,36.0649792842522,7160400,9
75.6716301965645,38.5556849371441,7171200,9
74.6293320863042,41.046390590036,7182000,9
73.5870339760439,43.5370962429279,7192800,9
72.5447358657835,46.0278018958198,7203600,9
71.5024377555231,48.5185075487118,7214400,9
70.4601396452628,51.0092132016037,7225200,9
69.4178415350024,53.4999188544956,7236000,9
68.3755434247421,55.9906245073875,7246800,9
67.3332453144818,58.4813301602794,7257600,9
66.2909472042214,60.9720358131713,7268400,9
65.248649093961,63.4627414660632,7279200,9
64.2063509837007,65.9534471189551,7290000,9
63.1640528734404,68.444152771847,7300800,9
62.12175476318,70.9348584247389,7311600,9
61.0794566529197,73.4255640776308,7322400,9
59.3495966703439,71.3525024671901,7333200,9
57.6197366877682,69.2794408567494,7344000,9
55.8898767051925,67.2063792463086,7354800,9
54.1600167226168,65.1333176358679,7365600,9
52.4301567400411,63.0602560254271,7376400,9
50.7002967574654,60.9871944149864,7387200,9
48.9704367748897,58.9141328045456,7398000,9
47.240576792314,56.8410711941049,7408800,9
45.5107168097383,54.7680095836642,7419600,9
43.7808568271626,52.6949479732234,7430400,9
42.0509968445869,50.6218863627827,7441200,9
40.3211368620112,48.5488247523419,7452000,9
38.5912768794354,46.4757631419012,7462800,9
36.8614168968597,44.4027015314604,7473600,9
35.131556914284,42.3296399210197,7484400,9
33.4016969317083,40.256578310579,7495200,9
31.6718369491326,38.1835167001382,7506000,9
29.9419769665569,36.1104550896975,7516800,9
28.2121169839812,34.0373934792567,7527600,9
26.4822570014055,31.964331868816,7538400,9
24.7523970188298,29.8912702583752,7549200,9
23.0225370362541,27.8182086479345,7560000,9
21.2926770536784,25.7451470374938,7570800,9
19.5628170711026,23.672085427053,7581600,9
17.8329570885269,21.5990238166123,7592400,9
16.1030971059512,19.5259622061715,7603200,9
14.3732371233755,17.4529005957308,7614000,9
12.6433771407998,15.37983898529,7624800,9
10.9135171582241,13.3067773748493,7635600,9
13.0222420033477,14.9929800695329,7646400,9
15.1309668484714,16.6791827642165,7657200,9
17.239691693595,18.3653854589001,7668000,9
19.3484165387187,20.0515881535837,7678800,9
21.4571413838423,21.7377908482674,7689600,9
23.5658662289659,23.423993542951,7700400,9
25.6745910740896,25.1101962376346,7711200,9
27.7833159192132,26.7963989323182,7722000,9
29.8920407643369,28.4826016270018,7732800,9
32.0007656094605,30.1688043216854,7743600,9
34.1094904545841,31.8550070163691,7754400,9
36.2182152997078,33.5412097110527,7765200,9
38.3269401448314,35.2274124057363,7776000,9
40.4356649899551,36.9136151004199,7786800,9
42.5443898350787,38.5998177951035,7797600,9
44.6531146802023,40.2860204897871,7808400,9
46.761839525326,41.9722231844707,7819200,9
48.8705643704496,43.6584258791544,7830000,9
50.9792892155733,45.344628573838,7840800,9
53.0880140606969,47.0308312685216,7851600,9
55.1967389058205,48.7170339632052,7862400,9
57.1826931844794,50.546237506575,7873200,9
59.1686474631383,52.3754410499448,7884000,9
61.1546017417971,54.2046445933145,7894800,9
63.140556020456,56.0338481366843,7905600,9
65.1265102991148,57.8630516800541,7916400,9
67.1124645777737,59.6922552234239,7927200,9
69.0984188564326,61.5214587667937,7938000,9
71.0843731350914,63.3506623101634,7948800,9
73.0703274137503,65.1798658535332,7959600,9
75.0562816924092,67.009069396903,7970400,9
77.042235971068,68.8382729402728,7981200,9
79.0281902497269,70.6674764836426,7992000,9
81.0141445283857,72.4966800270123,8002800,9
83.0000988070446,74.3258835703821,8013600,9
84.9860530857035,76.1550871137519,8024400,9
86.9720073643623,77.9842906571217,8035200,9
88.9579616430212,79.8134942004915,8046000,9
88.4084571066397,77.170003182066,8056800,9
87.8589525702582,74.5265121636405,8067600,9
87.3094480338767,71.883021145215,8078400,9
86.7599434974952,69.2395301267896,8089200,9
86.2104389611137,66.5960391083641,8100000,9
85.6609344247322,63.9525480899386,8110800,9
85.1114298883507,61.3090570715131,8121600,9
84.5619253519692,58.6655660530877,8132400,9
84.0124208155877,56.0220750346622,8143200,9
83.4629162792062,53.3785840162367,8154000,9
82.9134117428247,50.7350929978112,8164800,9
82.3639072064432,48.0916019793858,8175600,9
81.8144026700617,45.4481109609603,8186400,9
81.2648981336802,42.8046199425348,8197200,9
80.7153935972987,40.1611289241093,8208000,9
80.1658890609172,37.5176379056839,8218800,9
79.6163845245357,34.8741468872584,8229600,9
79.0668799881542,32.2306558688329,8240400,9
78.5173754517727,29.5871648504074,8251200,9
77.9678709153912,26.943673831982,8262000,9
77.4183663790097,24.3001828135565,8272800,9
76.8688618426282,21.656691795131,8283600,9
76.3193573062467,19.0132007767055,8294400,9
75.7698527698652,16.3697097582801,8305200,9
75.2203482334837,13.7262187398546,8316000,9
74.6708436971022,11.0827277214291,8326800,9
74.1213391607207,8.43923670300364,8337600,9
73.5718346243392,5.79574568457817,8348400,9
70.8747016016914,5.92013804022124,8359200,9
68.1775685790435,6.04453039586431,8370000,9
65.4804355563957,6.16892275150739,8380800,9
62.7833025337478,6.29331510715046,8391600,9
60.0861695110999,6.41770746279353,8402400,9
57.3890364884521,6.5420998184366,8413200,9
54.6919034658042,6.66649217407967,8424000,9
51.9947704431564,6.79088452972274,8434800,9
49.2976374205085,6.91527688536581,8445600,9
46.6005043978607,7.03966924100889,8456400,9
43.9033713752128,7.16406159665196,8467200,9
41.2062383525649,7.28845395229503,8478000,9
38.5091053299171,7.4128463079381,8488800,9
35.8119723072692,7.53723866358117,8499600,9
33.1148392846214,7.66163101922424,8510400,9
30.4177062619735,7.78602337486731,8521200,9
27.7205732393257,7.91041573051039,8532000,9
25.0234402166778,8.03480808615346,8542800,9
22.3263071940299,8.15920044179653,8553600,9
19.6291741713821,8.2835927974396,8564400,9
16.9320411487342,8.40798515308267,8575200,9
14.2349081260864,8.53237750872574,8586000,9
11.5377751034385,8.65676986436882,8596800,9
8.84064208079065,8.78116222001189,8607600,9
6.14350905814279,8.90555457565496,8618400,9
7.90747536487426,10.9496736692295,8629200,9
9.67144167160573,12.9937927628041,8640000,9
50,50,0,10
51.2062004533066,47.5844088784641,10800,10
52.4124009066131,45.1688177569282,21600,10
53.6186013599197,42.7532266353923,32400,10
54.8248018132263,40.3376355138564,43200,10
56.0310022665329,37.9220443923205,54000,10
57.2372027198394,35.5064532707847,64800,10
58.443403173146,33.0908621492488,75600,10
59.6496036264526,30.6752710277129,86400,10
60.8558040797591,28.259679906177,97200,10
62.0620045330657,25.8440887846411,108000,10
63.2682049863723,23.4284976631052,118800,10
64.4744054396788,21.0129065415693,129600,10
65.6806058929854,18.5973154200334,140400,10
66.886806346292,16.1817242984975,151200,10
68.0930067995985,13.7661331769616,162000,10
70.3533028016988,12.2892912819405,172800,10
72.6135988037991,10.8124493869194,183600,10
70.581692495678,12.590469846593,194400,10
68.549786187557,14.3684903062666,205200,10
66.5178798794359,16.1465107659402,216000,10
64.4859735713148,17.9245312256137,226800,10
62.4540672631938,19.7025516852873,237600,10
60.4221609550727,21.4805721449609,248400,10
58.3902546469517,23.2585926046345,259200,10
56.3583483388306,25.0366130643081,270000,10
54.3264420307096,26.8146335239816,280800,10
52.2945357225885,28.5926539836552,291600,10
50.2626294144674,30.3706744433288,302400,10
48.2307231063464,32.1486949030024,313200,10
46.1988167982253,33.926715362676,324000,10
44.1669104901042,35.7047358223495,334800,10
42.1350041819832,37.4827562820231,345600,10
40.1030978738621,39.2607767416967,356400,10
38.0711915657411,41.0387972013703,367200,10
36.03928525762,42.8168176610439,378000,10
34.0073789494989,44.5948381207174,388800,10
31.9754726413779,46.372858580391,399600,10
29.9435663332568,48.1508790400646,410400,10
27.9116600251358,49.9288994997382,421200,10
25.8797537170147,51.7069199594117,432000,10
23.8478474088936,53.4849404190853,442800,10
21.8159411007726,55.2629608787589,453600,10
19.7840347926515,57.0409813384325,464400,10
17.7521284845305,58.8190017981061,475200,10
15.7202221764094,60.5970222577796,486000,10
13.6883158682884,62.3750427174532,496800,10
11.6564095601673,64.1530631771268,507600,10
14.3519009352299,64.3090319142611,518400,10
17.0473923102924,64.4650006513954,529200,10
19.742883685355,64.6209693885297,540000,10
22.4383750604176,64.7769381256639,550800,10
25.1338664354802,64.9329068627982,561600,10
27.8293578105427,65.0888755999325,572400,10
30.5248491856053,65.2448443370668,583200,10
33.2203405606679,65.4008130742011,594000,10
35.8822097334902,64.9486488266338,604800,10
38.5440789063126,64.4964845790666,615600,10
41.2059480791349,64.0443203314993,626400,10
43.8678172519573,63.592156083932,637200,10
46.5296864247796,63.1399918363648,648000,10
49.191555597602,62.6878275887975,658800,10
51.8534247704243,62.2356633412303,669600,10
54.5152939432467,61.783499093663,680400,10
57.177163116069,61.3313348460957,691200,10
59.8390322888914,60.8791705985285,702000,10
62.5009014617137,60.4270063509612,712800,10
65.1627706345361,59.9748421033939,723600,10
67.8246398073584,59.5226778558267,734400,10
70.4865089801808,59.0705136082594,745200,10
73.1483781530031,58.6183493606921,756000,10
75.8102473258255,58.1661851131249,766800,10
75.6697675065101,55.4698421415493,777600,10
75.5292876871947,52.7734991699737,788400,10
75.3888078678793,50.0771561983981,799200,10
75.2483280485639,47.3808132268225,810000,10
75.1078482292485,44.6844702552469,820800,10
74.9673684099331,41.9881272836713,831600,10
74.8268885906177,39.2917843120957,842400,10
74.6864087713023,36.5954413405201,853200,10
74.5459289519869,33.8990983689445,864000,10
74.4054491326715,31.2027553973689,874800,10
74.2649693133561,28.5064124257933,885600,10
74.1244894940406,25.8100694542177,896400,10
73.9840096747253,23.1137264826421,907200,10
73.9661823564002,25.8136676276898,918000,10
73.9483550380752,28.5136087727375,928800,10
73.9305277197501,31.2135499177852,939600,10
73.9127004014251,33.9134910628328,950400,10
73.8948730831,36.6134322078805,961200,10
73.877045764775,39.3133733529282,972000,10
73.8592184464499,42.0133144979758,982800,10
73.8413911281249,44.7132556430235,993600,10
73.8235638097999,47.4131967880712,1004400,10
73.8057364914748,50.1131379331189,1015200,10
73.7879091731498,52.8130790781665,1026000,10
73.7700818548247,55.5130202232142,1036800,10
73.7522545364997,58.2129613682619,1047600,10
73.7344272181746,60.9129025133096,1058400,10
73.7165998998496,63.6128436583572,1069200,10
73.6987725815246,66.3127848034049,1080000,10
73.6809452631995,69.0127259484526,1090800,10
73.6631179448745,71.7126670935002,1101600,10
73.6452906265494,74.4126082385479,1112400,10
73.6274633082244,77.1125493835956,1123200,10
73.6096359898993,79.8124905286433,1134000,10
73.5918086715743,82.5124316736909,1144800,10
73.5739813532492,85.2123728187386,1155600,10
73.5561540349242,87.9123139637863,1166400,10
73.5383267165992,90.612255108834,1177200,10
73.5204993982741,93.3121962538816,1188000,10
73.5026720799491,96.0121373989293,1198800,10
73.9056427680465,93.3423781167965,1209600,10
74.308613456144,90.6726188346637,1220400,10
74.7115841442415,88.0028595525309,1231200,10
75.114554832339,85.3331002703981,1242000,10
75.5175255204364,82.6633409882653,1252800,10
75.9204962085339,79.9935817061325,1263600,10
76.3234668966314,77.3238224239997,1274400,10
76.7264375847288,74.6540631418669,1285200,10
77.1294082728263,71.9843038597341,1296000,10
77.5323789609238,69.3145445776013,1306800,10
77.9353496490213,66.6447852954685,1317600,10
78.3383203371187,63.9750260133357,1328400,10
78.7412910252162,61.3052667312029,1339200,10
79.1442617133137,58.6355074490701,1350000,10
79.5472324014111,55.9657481669373,1360800,10
79.9502030895086,53.2959888848045,1371600,10
80.3531737776061,50.6262296026717,1382400,10
80.7561444657036,47.9564703205389,1393200,10
81.159115153801,45.2867110384061,1404000,10
81.5620858418985,42.6169517562733,1414800,10
81.965056529996,39.9471924741405,1425600,10
82.3680272180934,37.2774331920077,1436400,10
82.7709979061909,34.6076739098749,1447200,10
83.1739685942884,31.9379146277421,1458000,10
83.5769392823859,29.2681553456093,1468800,10
83.9799099704833,26.5983960634765,1479600,10
84.3828806585808,23.9286367813437,1490400,10
84.7858513466783,21.2588774992109,1501200,10
85.1888220347757,18.5891182170781,1512000,10
85.5917927228732,15.9193589349453,1522800,10
85.9947634109707,13.2495996528125,1533600,10
86.3977340990682,10.5798403706797,1544400,10
86.8007047871656,7.91008108854687,1555200,10
84.4634783994797,9.26188462926741,1566000,10
82.1262520117938,10.6136881699879,1576800,10
79.7890256241079,11.9654917107085,1587600,10
77.4517992364219,13.317295251429,1598400,10
75.114572848736,14.6690987921496,1609200,10
72.7773464610501,16.0209023328701,1620000,10
70.4401200733641,17.3727058735906,1630800,10
68.1028936856782,18.7245094143112,1641600,10
65.7656672979923,20.0763129550317,1652400,10
63.4284409103063,21.4281164957523,1663200,10
61.0912145226204,22.7799200364728,1674000,10
58.7539881349345,24.1317235771933,1684800,10
56.4167617472486,25.4835271179139,1695600,10
54.0795353595626,26.8353306586344,1706400,10
51.7423089718767,28.187134199355,1717200,10
49.4050825841908,29.5389377400755,1728000,10
47.0678561965048,30.890741280796,1738800,10
44.7306298088189,32.2425448215166,1749600,10
42.393403421133,33.5943483622371,1760400,10
40.0561770334471,34.9461519029577,1771200,10
37.7189506457611,36.2979554436782,1782000,10
39.8652102521255,37.9361159065415,1792800,10
42.0114698584899,39.5742763694048,1803600,10
44.1577294648544,41.2124368322681,1814400,10
46.3039890712188,42.8505972951314,1825200,10
48.4502486775832,44.4887577579947,1836000,10
50.5965082839476,46.126918220858,1846800,10
52.742767890312,47.7650786837213,1857600,10
54.8890274966764,49.4032391465846,1868400,10
57.0352871030408,51.0413996094479,1879200,10
59.1815467094052,52.6795600723112,1890000,10
61.3278063157696,54.3177205351745,1900800,10
63.474065922134,55.9558809980378,1911600,10
65.6203255284984,57.5940414609011,1922400,10
67.7665851348629,59.2322019237644,1933200,10
68.9685795430574,56.8145151279472,1944000,10
70.1705739512521,54.3968283321299,1954800,10
71.3725683594467,51.9791415363127,1965600,10
72.5745627676413,49.5614547404955,1976400,10
73.7765571758359,47.1437679446783,1987200,10
74.9785515840304,44.7260811488611,1998000,10
76.180545992225,42.3083943530439,2008800,10
77.3825404004196,39.8907075572266,2019600,10
78.5845348086143,37.4730207614094,2030400,10
76.166511403221,36.2717036463351,2041200,10
73.7484879978278,35.0703865312607,2052000,10
71.3304645924346,33.8690694161863,2062800,10
68.9124411870414,32.667752301112,2073600,10
66.4944177816481,31.4664351860376,2084400,10
64.0763943762549,30.2651180709633,2095200,10
61.6583709708617,29.0638009558889,2106000,10
59.2403475654685,27.8624838408146,2116800,10
56.8223241600753,26.6611667257402,2127600,10
54.404300754682,25.4598496106659,2138400,10
51.9862773492888,24.2585324955915,2149200,10
49.5682539438956,23.0572153805171,2160000,10
47.1502305385024,21.8558982654428,2170800,10
44.7322071331092,20.6545811503684,2181600,10
42.3141837277159,19.4532640352941,2192400,10
39.8961603223227,18.2519469202197,2203200,10
37.4781369169295,17.0506298051454,2214000,10
35.0601135115363,15.849312690071,2224800,10
32.6420901061431,14.6479955749967,2235600,10
30.2240667007498,13.4466784599223,2246400,10
27.8060432953566,12.2453613448479,2257200,10
25.3880198899634,11.0440442297736,2268000,10
22.9699964845702,9.84272711469923,2278800,10
20.551973079177,8.64140999962487,2289600,10
23.1940430827864,9.19770676936856,2300400,10
25.8361130863958,9.75400353911225,2311200,10
28.4781830900053,10.3103003088559,2322000,10
31.1202530936147,10.8665970785996,2332800,10
33.7623230972241,11.4228938483433,2343600,10
36.4043931008336,11.979190618087,2354400,10
39.046463104443,12.5354873878307,2365200,10
41.6885331080524,13.0917841575744,2376000,10
44.3306031116618,13.6480809273181,2386800,10
46.9726731152713,14.2043776970618,2397600,10
49.6147431188807,14.7606744668054,2408400,10
52.2568131224901,15.3169712365491,2419200,10
54.8988831260996,15.8732680062928,2430000,10
57.540953129709,16.4295647760365,2440800,10
60.1830231333184,16.9858615457802,2451600,10
62.8250931369279,17.5421583155239,2462400,10
65.4671631405373,18.0984550852676,2473200,10
68.1092331441467,18.6547518550113,2484000,10
70.7513031477561,19.2110486247549,2494800,10
73.3933731513656,19.7673453944986,2505600,10
76.035443154975,20.3236421642423,2516400,10
74.0649384133985,22.1694783063266,2527200,10
72.094433671822,24.0153144484108,2538000,10
70.1239289302454,25.861150590495,2548800,10
68.1534241886689,27.7069867325792,2559600,10
66.1829194470924,29.5528228746635,2570400,10
64.2124147055158,31.3986590167477,2581200,10
62.2419099639393,33.2444951588319,2592000,10
60.2714052223627,35.0903313009162,2602800,10
58.3009004807862,36.9361674430004,2613600,10
56.3303957392097,38.7820035850846,2624400,10
54.3598909976332,40.6278397271689,2635200,10
52.3893862560566,42.4736758692531,2646000,10
50.4188815144801,44.3195120113373,2656800,10
48.4483767729035,46.1653481534216,2667600,10
46.477872031327,48.0111842955058,2678400,10
44.5073672897505,49.85702043759,2689200,10
42.5368625481739,51.7028565796742,2700000,10
40.5663578065974,53.5486927217585,2710800,10
38.5958530650209,55.3945288638427,2721600,10
36.2405498277711,56.7145844159316,2732400,10
33.8852465905214,58.0346399680206,2743200,10
31.5299433532716,59.3546955201095,2754000,10
29.1746401160218,60.6747510721984,2764800,10
26.8193368787721,61.9948066242874,2775600,10
24.4640336415223,63.3148621763763,2786400,10
22.1087304042726,64.6349177284653,2797200,10
23.3780345223039,62.2518803691381,2808000,10
24.6473386403352,59.868843009811,2818800,10
25.9166427583665,57.4858056504839,2829600,10
27.1859468763978,55.1027682911568,2840400,10
28.4552509944291,52.7197309318296,2851200,10
29.7245551124604,50.3366935725025,2862000,10
30.9938592304917,47.9536562131754,2872800,10
32.263163348523,45.5706188538483,2883600,10
33.5324674665543,43.1875814945212,2894400,10
34.8017715845856,40.804544135194,2905200,10
36.0710757026169,38.4215067758669,2916000,10
37.3403798206482,36.0384694165398,2926800,10
38.6096839386795,33.6554320572127,2937600,10
39.8789880567108,31.2723946978855,2948400,10
41.1482921747421,28.8893573385584,2959200,10
42.4175962927734,26.5063199792313,2970000,10
43.6869004108047,24.1232826199042,2980800,10
44.956204528836,21.7402452605771,2991600,10
46.2255086468673,19.3572079012499,3002400,10
47.4948127648986,16.9741705419228,3013200,10
48.7641168829299,14.5911331825957,3024000,10
51.4326802486811,14.180317453867,3034800,10
54.1012436144322,13.7695017251382,3045600,10
56.7698069801834,13.3586859964095,3056400,10
59.4383703459345,12.9478702676808,3067200,10
62.1069337116856,12.5370545389521,3078000,10
64.7754970774368,12.1262388102233,3088800,10
67.4440604431879,11.7154230814946,3099600,10
70.1126238089391,11.3046073527659,3110400,10
72.7811871746902,10.8937916240372,3121200,10
75.4497505404414,10.4829758953084,3132000,10
78.1183139061925,10.0721601665797,3142800,10
75.518669857691,10.8014411968353,3153600,10
72.9190258091895,11.5307222270909,3164400,10
70.319381760688,12.2600032573465,3175200,10
67.7197377121865,12.9892842876022,3186000,10
65.120093663685,13.7185653178578,3196800,10
62.5204496151835,14.4478463481134,3207600,10
59.920805566682,15.177127378369,3218400,10
57.3211615181805,15.9064084086246,3229200,10
54.721517469679,16.6356894388802,3240000,10
52.1218734211774,17.3649704691358,3250800,10
49.5222293726759,18.0942514993915,3261600,10
46.9225853241744,18.8235325296471,3272400,10
44.3229412756729,19.5528135599027,3283200,10
41.7232972271714,20.2820945901583,3294000,10
39.1236531786699,21.0113756204139,3304800,10
36.5240091301684,21.7406566506695,3315600,10
33.9243650816669,22.4699376809251,3326400,10
31.3247210331654,23.1992187111808,3337200,10
28.7250769846639,23.9284997414364,3348000,10
31.0335360307655,22.5281366340704,3358800,10
33.3419950768671,21.1277735267045,3369600,10
35.6504541229687,19.7274104193385,3380400,10
37.9589131690703,18.3270473119726,3391200,10
40.267372215172,16.9266842046067,3402000,10
42.5758312612736,15.5263210972407,3412800,10
44.8842903073752,14.1259579898748,3423600,10
47.1927493534768,12.7255948825088,3434400,10
49.5012083995785,11.3252317751429,3445200,10
51.8096674456801,9.92486866777696,3456000,10
54.1181264917817,8.52450556041101,3466800,10
51.4457935237963,8.91003961625865,3477600,10
48.7734605558109,9.29557367210629,3488400,10
46.1011275878255,9.68110772795393,3499200,10
43.4287946198401,10.0666417838016,3510000,10
40.7564616518547,10.4521758396492,3520800,10
39.680914320905,12.9287052537461,3531600,10
38.6053669899554,15.405234667843,3542400,10
37.5298196590058,17.8817640819399,3553200,10
36.4542723280561,20.3582934960368,3564000,10
35.3787249971065,22.8348229101337,3574800,10
34.3031776661568,25.3113523242306,3585600,10
33.2276303352072,27.7878817383275,3596400,10
32.1520830042576,30.2644111524244,3607200,10
31.0765356733079,32.7409405665213,3618000,10
30.0009883423583,35.2174699806182,3628800,10
28.9254410114087,37.693999394715,3639600,10
27.849893680459,40.1705288088119,3650400,10
26.7743463495094,42.6470582229088,3661200,10
25.6987990185597,45.1235876370057,3672000,10
24.6232516876101,47.6001170511026,3682800,10
23.5477043566605,50.0766464651995,3693600,10
22.4721570257108,52.5531758792964,3704400,10
21.3966096947612,55.0297052933933,3715200,10
20.3210623638115,57.5062347074902,3726000,10
19.2455150328619,59.9827641215871,3736800,10
18.1699677019123,62.459293535684,3747600,10
17.0944203709626,64.9358229497809,3758400,10
16.018873040013,67.4123523638778,3769200,10
14.9433257090634,69.8888817779747,3780000,10
13.8677783781137,72.3654111920716,3790800,10
12.7922310471641,74.8419406061685,3801600,10
11.7166837162144,77.3184700202654,3812400,10
13.6520578758822,75.4358317485598,3823200,10
15.58743203555,73.5531934768543,3834000,10
17.5228061952177,71.6705552051488,3844800,10
19.4581803548855,69.7879169334433,3855600,10
21.3935545145533,67.9052786617378,3866400,10
23.328928674221,66.0226403900323,3877200,10
25.2643028338888,64.1400021183268,3888000,10
27.1996769935566,62.2573638466213,3898800,10
29.1350511532243,60.3747255749158,3909600,10
31.7516741019517,59.7089295519528,3920400,10
34.368297050679,59.0431335289897,3931200,10
36.9849199994064,58.3773375060266,3942000,10
39.6015429481337,57.7115414830636,3952800,10
42.218165896861,57.0457454601005,3963600,10
44.8347888455884,56.3799494371375,3974400,10
47.4514117943157,55.7141534141744,3985200,10
50.0680347430431,55.0483573912114,3996000,10
52.6846576917704,54.3825613682483,4006800,10
55.3012806404978,53.7167653452853,4017600,10
57.9179035892251,53.0509693223222,4028400,10
60.5345265379525,52.3851732993591,4039200,10
63.1511494866798,51.7193772763961,4050000,10
65.7677724354071,51.053581253433,4060800,10
68.3843953841345,50.38778523047,4071600,10
71.0010183328618,49.7219892075069,4082400,10
73.6176412815892,49.0561931845439,4093200,10
76.2342642303165,48.3903971615808,4104000,10
78.8508871790439,47.7246011386178,4114800,10
81.4675101277712,47.0588051156547,4125600,10
84.0841330764985,46.3930090926916,4136400,10
86.7007560252259,45.7272130697286,4147200,10
89.3173789739532,45.0614170467655,4158000,10
91.9340019226806,44.3956210238025,4168800,10
94.5506248714079,43.7298250008394,4179600,10
97.1672478201353,43.0640289778764,4190400,10
95.4237923299495,45.1256698180183,4201200,10
93.6803368397638,47.1873106581603,4212000,10
91.9368813495781,49.2489514983023,4222800,10
90.1934258593924,51.3105923384442,4233600,10
88.4499703692067,53.3722331785862,4244400,10
86.706514879021,55.4338740187282,4255200,10
84.9630593888352,57.4955148588701,4266000,10
83.2196038986495,59.5571556990121,4276800,10
81.4761484084638,61.6187965391541,4287600,10
79.7326929182781,63.680437379296,4298400,10
77.9892374280924,65.742078219438,4309200,10
76.2457819379067,67.80371905958,4320000,10
74.5023264477209,69.865359899722,4330800,10
72.7588709575352,71.9270007398639,4341600,10
71.0154154673495,73.9886415800059,4352400,10
69.2719599771638,76.0502824201479,4363200,10
66.768318710071,75.0394508784407,4374000,10
64.2646774429782,74.0286193367337,4384800,10
61.7610361758854,73.0177877950266,4395600,10
59.2573949087926,72.0069562533195,4406400,10
56.7537536416998,70.9961247116124,4417200,10
54.250112374607,69.9852931699053,4428000,10
51.7464711075142,68.9744616281982,4438800,10
49.2428298404214,67.9636300864911,4449600,10
46.7391885733285,66.952798544784,4460400,10
44.2355473062357,65.9419670030769,4471200,10
42.1526698636288,67.6599953960552,4482000,10
40.0697924210219,69.3780237890334,4492800,10
37.986914978415,71.0960521820116,4503600,10
35.9040375358081,72.8140805749898,4514400,10
33.8211600932012,74.532108967968,4525200,10
31.7382826505943,76.2501373609462,4536000,10
29.6554052079874,77.9681657539245,4546800,10
27.5725277653805,79.6861941469027,4557600,10
25.4896503227736,81.4042225398809,4568400,10
23.4067728801667,83.1222509328591,4579200,10
21.3238954375598,84.8402793258373,4590000,10
19.2410179949529,86.5583077188156,4600800,10
17.158140552346,88.2763361117938,4611600,10
15.0752631097391,89.994364504772,4622400,10
12.9923856671322,91.7123928977502,4633200,10
10.9095082245253,93.4304212907284,4644000,10
11.2240402929902,90.7488043199611,4654800,10
11.5385723614551,88.0671873491938,4665600,10
11.85310442992,85.3855703784265,4676400,10
12.1676364983849,82.7039534076592,4687200,10
12.4821685668498,80.0223364368919,4698000,10
12.7967006353147,77.3407194661246,4708800,10
13.1112327037796,74.6591024953573,4719600,10
13.4257647722445,71.97748552459,4730400,10
13.7402968407094,69.2958685538227,4741200,10
14.0548289091743,66.6142515830554,4752000,10
14.3693609776392,63.9326346122881,4762800,10
14.6838930461041,61.2510176415208,4773600,10
14.998425114569,58.5694006707535,4784400,10
15.3129571830339,55.8877836999862,4795200,10
15.6274892514988,53.2061667292189,4806000,10
15.9420213199637,50.5245497584516,4816800,10
16.2565533884286,47.8429327876843,4827600,10
16.5710854568935,45.161315816917,4838400,10
16.8856175253584,42.4796988461497,4849200,10
17.2001495938233,39.7980818753824,4860000,10
17.5146816622882,37.1164649046151,4870800,10
17.8292137307531,34.4348479338478,4881600,10
18.143745799218,31.7532309630805,4892400,10
18.4582778676829,29.0716139923132,4903200,10
18.7728099361478,26.3899970215459,4914000,10
21.3077764193563,27.3194834006875,4924800,10
23.8427429025648,28.248969779829,4935600,10
26.3777093857732,29.1784561589705,4946400,10
28.9126758689817,30.1079425381121,4957200,10
31.4476423521902,31.0374289172536,4968000,10
33.9826088353987,31.9669152963952,4978800,10
36.5175753186071,32.8964016755367,4989600,10
39.0525418018156,33.8258880546782,5000400,10
41.5875082850241,34.7553744338198,5011200,10
44.1224747682326,35.6848608129613,5022000,10
46.657441251441,36.6143471921028,5032800,10
49.1924077346495,37.5438335712444,5043600,10
51.727374217858,38.4733199503859,5054400,10
54.2623407010665,39.4028063295275,5065200,10
56.797307184275,40.332292708669,5076000,10
59.3322736674834,41.2617790878105,5086800,10
61.8672401506919,42.1912654669521,5097600,10
64.4022066339004,43.1207518460936,5108400,10
66.9371731171089,44.0502382252351,5119200,10
69.4721396003174,44.9797246043767,5130000,10
72.0071060835258,45.9092109835182,5140800,10
74.5420725667343,46.8386973626597,5151600,10
77.0770390499428,47.7681837418013,5162400,10
79.6120055331513,48.6976701209428,5173200,10
78.8395377783315,46.1105300845776,5184000,10
78.0670700235117,43.5233900482124,5194800,10
77.2946022686919,40.9362500118473,5205600,10
76.5221345138721,38.3491099754821,5216400,10
74.3137097335144,36.7957716383828,5227200,10
72.1052849531568,35.2424333012835,5238000,10
69.8968601727992,33.6890949641842,5248800,10
67.6884353924416,32.1357566270849,5259600,10
65.480010612084,30.5824182899856,5270400,10
63.2715858317263,29.0290799528863,5281200,10
61.0631610513687,27.475741615787,5292000,10
58.8547362710111,25.9224032786878,5302800,10
56.6463114906535,24.3690649415885,5313600,10
54.4378867102958,22.8157266044892,5324400,10
52.2294619299382,21.2623882673899,5335200,10
50.0210371495806,19.7090499302906,5346000,10
47.812612369223,18.1557115931913,5356800,10
45.6041875888653,16.602373256092,5367600,10
43.3957628085077,15.0490349189927,5378400,10
41.1873380281501,13.4956965818935,5389200,10
38.9789132477925,11.9423582447942,5400000,10
36.7704884674349,10.3890199076949,5410800,10
34.5620636870772,8.83568157059559,5421600,10
32.3536389067196,7.2823432334963,5432400,10
30.145214126362,5.72900489639702,5443200,10
27.9367893460044,4.17566655929772,5454000,10
29.8608633629258,6.06985218309699,5464800,10
31.7849373798472,7.96403780689625,5475600,10
33.7090113967687,9.85822343069552,5486400,10
35.6330854136901,11.7524090544948,5497200,10
37.5571594306115,13.646594678294,5508000,10
39.481233447533,15.5407803020933,5518800,10
41.4053074644544,17.4349659258926,5529600,10
43.3293814813758,19.3291515496918,5540400,10
45.2534554982973,21.2233371734911,5551200,10
47.1775295152187,23.1175227972904,5562000,10
49.1016035321402,25.0117084210896,5572800,10
51.0256775490616,26.9058940448889,5583600,10
52.949751565983,28.8000796686882,5594400,10
54.8738255829045,30.6942652924874,5605200,10
56.7978995998259,32.5884509162867,5616000,10
58.7219736167473,34.482636540086,5626800,10
60.6460476336688,36.3768221638852,5637600,10
62.5701216505902,38.2710077876845,5648400,10
64.4941956675116,40.1651934114838,5659200,10
66.4182696844331,42.059379035283,5670000,10
64.4022672155627,43.8554118984313,5680800,10
62.3862647466924,45.6514447615797,5691600,10
60.3702622778221,47.447477624728,5702400,10
58.3542598089517,49.2435104878763,5713200,10
56.3382573400814,51.0395433510246,5724000,10
54.3222548712111,52.8355762141729,5734800,10
52.3062524023408,54.6316090773212,5745600,10
50.2902499334704,56.4276419404695,5756400,10
48.2742474646001,58.2236748036178,5767200,10
46.2582449957298,60.0197076667662,5778000,10
44.2422425268594,61.8157405299145,5788800,10
42.122958001472,60.1428289660674,5799600,10
40.0036734760845,58.4699174022204,5810400,10
37.884388950697,56.7970058383734,5821200,10
35.7651044253095,55.1240942745263,5832000,10
33.645819899922,53.4511827106793,5842800,10
31.5265353745345,51.7782711468322,5853600,10
29.407250849147,50.1053595829852,5864400,10
27.2879663237596,48.4324480191381,5875200,10
25.1686817983721,46.7595364552911,5886000,10
23.0493972729846,45.0866248914441,5896800,10
20.9301127475971,43.413713327597,5907600,10
18.8108282222096,41.74080176375,5918400,10
16.6915436968221,40.067890199903,5929200,10
14.5722591714347,38.3949786360559,5940000,10
12.4529746460472,36.7220670722089,5950800,10
10.3336901206597,35.0491555083618,5961600,10
8.21440559527221,33.3762439445148,5972400,10
6.09512106988473,31.7033323806678,5983200,10
8.47776791339033,32.973369395535,5994000,10
10.8604147568959,34.2434064104021,6004800,10
13.2430616004015,35.5134434252693,6015600,10
15.6257084439071,36.7834804401365,6026400,10
18.0083552874128,38.0535174550037,6037200,10
20.3910021309184,39.3235544698709,6048000,10
22.773648974424,40.5935914847381,6058800,10
25.1562958179296,41.8636284996053,6069600,10
27.5389426614352,43.1336655144725,6080400,10
29.9215895049408,44.4037025293397,6091200,10
32.3042363484464,45.6737395442069,6102000,10
34.686883191952,46.9437765590741,6112800,10
37.0695300354576,48.2138135739413,6123600,10
39.4521768789632,49.4838505888085,6134400,10
41.8348237224688,50.7538876036757,6145200,10
44.2174705659744,52.0239246185429,6156000,10
46.60011740948,53.2939616334101,6166800,10
48.9827642529856,54.5639986482773,6177600,10
51.3654110964912,55.8340356631445,6188400,10
53.7480579399968,57.1040726780117,6199200,10
56.1307047835024,58.3741096928789,6210000,10
58.513351627008,59.6441467077461,6220800,10
60.8959984705136,60.9141837226133,6231600,10
63.2786453140192,62.1842207374805,6242400,10
65.6612921575248,63.4542577523477,6253200,10
68.0439390010305,64.7242947672149,6264000,10
70.4265858445361,65.994331782082,6274800,10
72.8092326880417,67.2643687969492,6285600,10
75.1918795315473,68.5344058118164,6296400,10
77.5745263750529,69.8044428266836,6307200,10
75.5406822251017,68.0286393539678,6318000,10
73.5068380751506,66.252835881252,6328800,10
71.4729939251995,64.4770324085362,6339600,10
69.4391497752483,62.7012289358204,6350400,10
67.4053056252972,60.9254254631046,6361200,10
65.3714614753461,59.1496219903888,6372000,10
63.3376173253949,57.3738185176729,6382800,10
61.3037731754438,55.5980150449571,6393600,10
59.2699290254927,53.8222115722413,6404400,10
57.2360848755415,52.0464080995255,6415200,10
55.2022407255904,50.2706046268097,6426000,10
53.1683965756392,48.4948011540939,6436800,10
51.1345524256881,46.718997681378,6447600,10
49.100708275737,44.9431942086622,6458400,10
47.0668641257858,43.1673907359464,6469200,10
45.0330199758347,41.3915872632306,6480000,10
42.9991758258836,39.6157837905148,6490800,10
40.9653316759324,37.839980317799,6501600,10
38.9314875259813,36.0641768450832,6512400,10
36.8976433760302,34.2883733723674,6523200,10
34.863799226079,32.5125698996515,6534000,10
32.8299550761279,30.7367664269357,6544800,10
30.7961109261768,28.9609629542199,6555600,10
28.7622667762256,27.1851594815041,6566400,10
26.7284226262745,25.4093560087883,6577200,10
24.6945784763234,23.6335525360725,6588000,10
22.6607343263722,21.8577490633566,6598800,10
20.6268901764211,20.0819455906408,6609600,10
18.59304602647,18.306142117925,6620400,10
16.5592018765188,16.5303386452092,6631200,10
14.5253577265677,14.7545351724934,6642000,10
12.4915135766165,12.9787316997776,6652800,10
11.7950605229972,10.3701011885506,6663600,10
11.0986074693778,7.76147067732364,6674400,10
10.4021544157585,5.15284016609667,6685200,10
9.70570136213911,2.54420965486971,6696000,10
9.00924830851975,-0.0644208563572611,6706800,10
10.2311103803267,2.34328616017938,6717600,10
11.4529724521336,4.75099317671601,6728400,10
12.6748345239404,7.15870019325265,6739200,10
13.8966965957473,9.56640720978929,6750000,10
15.1185586675542,11.9741142263259,6760800,10
16.3404207393611,14.3818212428626,6771600,10
17.562282811168,16.7895282593992,6782400,10
18.7841448829749,19.1972352759358,6793200,10
20.0060069547818,21.6049422924725,6804000,10
21.2278690265887,24.0126493090091,6814800,10
22.4497310983956,26.4203563255458,6825600,10
23.6715931702025,28.8280633420824,6836400,10
24.8934552420094,31.235770358619,6847200,10
26.1153173138163,33.6434773751557,6858000,10
27.3371793856232,36.0511843916923,6868800,10
28.5590414574301,38.4588914082289,6879600,10
29.780903529237,40.8665984247656,6890400,10
31.0027656010439,43.2743054413022,6901200,10
32.2246276728508,45.6820124578389,6912000,10
33.4464897446577,48.0897194743755,6922800,10
34.6683518164646,50.4974264909121,6933600,10
35.8902138882715,52.9051335074488,6944400,10
37.1120759600784,55.3128405239854,6955200,10
38.3339380318853,57.720547540522,6966000,10
39.5558001036922,60.1282545570587,6976800,10
40.7776621754991,62.5359615735953,6987600,10
41.999524247306,64.943668590132,6998400,10
44.5147504470973,63.9620183653149,7009200,10
47.0299766468886,62.9803681404979,7020000,10
49.54520284668,61.9987179156809,7030800,10
52.0604290464713,61.0170676908639,7041600,10
54.5756552462626,60.0354174660468,7052400,10
57.0908814460539,59.0537672412298,7063200,10
59.6061076458452,58.0721170164128,7074000,10
62.1213338456366,57.0904667915958,7084800,10
64.6365600454279,56.1088165667788,7095600,10
67.1517862452192,55.1271663419617,7106400,10
69.6670124450105,54.1455161171447,7117200,10
72.1822386448018,53.1638658923277,7128000,10
69.5175512269701,53.5991140574578,7138800,10
66.8528638091383,54.0343622225879,7149600,10
64.1881763913066,54.469610387718,7160400,10
61.5234889734748,54.9048585528482,7171200,10
58.8588015556431,55.3401067179783,7182000,10
56.1941141378113,55.7753548831084,7192800,10
53.5294267199796,56.2106030482385,7203600,10
50.8647393021478,56.6458512133686,7214400,10
48.200051884316,57.0810993784987,7225200,10
45.5353644664843,57.5163475436289,7236000,10
42.8706770486525,57.951595708759,7246800,10
40.2059896308208,58.3868438738891,7257600,10
37.541302212989,58.8220920390192,7268400,10
34.8766147951573,59.2573402041493,7279200,10
32.2119273773255,59.6925883692795,7290000,10
29.5472399594938,60.1278365344096,7300800,10
26.882552541662,60.5630846995397,7311600,10
24.2178651238302,60.9983328646698,7322400,10
21.5531777059985,61.4335810297999,7333200,10
18.8884902881667,61.86882919493,7344000,10
16.223802870335,62.3040773600602,7354800,10
13.5591154525032,62.7393255251903,7365600,10
10.8944280346715,63.1745736903204,7376400,10
10.9896563172072,60.4762535510105,7387200,10
11.0848845997428,57.7779334117006,7398000,10
11.1801128822785,55.0796132723907,7408800,10
11.2753411648142,52.3812931330809,7419600,10
11.3705694473499,49.682972993771,7430400,10
11.4657977298856,46.9846528544611,7441200,10
11.5610260124213,44.2863327151512,7452000,10
11.656254294957,41.5880125758413,7462800,10
11.7514825774926,38.8896924365314,7473600,10
11.8467108600283,36.1913722972216,7484400,10
11.941939142564,33.4930521579117,7495200,10
12.0371674250997,30.7947320186018,7506000,10
12.1323957076354,28.0964118792919,7516800,10
12.2276239901711,25.398091739982,7527600,10
12.3228522727068,22.6997716006722,7538400,10
12.4180805552424,20.0014514613623,7549200,10
12.5133088377781,17.3031313220524,7560000,10
12.6085371203138,14.6048111827425,7570800,10
9.93696092126747,14.214067516525,7581600,10
12.0602162943036,15.8819364025208,7592400,10
14.1834716673398,17.5498052885167,7603200,10
16.306727040376,19.2176741745125,7614000,10
18.4102647048942,20.9103434552502,7624800,10
20.5138023694125,22.6030127359879,7635600,10
22.6173400339308,24.2956820167256,7646400,10
24.720877698449,25.9883512974633,7657200,10
26.8244153629673,27.681020578201,7668000,10
28.9279530274855,29.3736898589387,7678800,10
31.0314906920038,31.0663591396764,7689600,10
28.7602611188969,29.6063878296006,7700400,10
26.48903154579,28.1464165195247,7711200,10
24.2178019726831,26.6864452094488,7722000,10
21.9465723995762,25.226473899373,7732800,10
24.1900479142443,26.7287447188608,7743600,10
26.4335234289124,28.2310155383487,7754400,10
28.6769989435805,29.7332863578365,7765200,10
30.9204744582486,31.2355571773244,7776000,10
33.1639499729167,32.7378279968122,7786800,10
35.4074254875848,34.2400988163,7797600,10
37.6509010022529,35.7423696357879,7808400,10
39.894376516921,37.2446404552757,7819200,10
42.1378520315891,38.7469112747636,7830000,10
44.3813275462572,40.2491820942514,7840800,10
46.6248030609253,41.7514529137393,7851600,10
48.8682785755934,43.2537237332271,7862400,10
51.1117540902615,44.755994552715,7873200,10
53.3552296049296,46.2582653722028,7884000,10
55.5987051195977,47.7605361916907,7894800,10
57.8421806342658,49.2628070111785,7905600,10
60.0856561489339,50.7650778306664,7916400,10
62.329131663602,52.2673486501542,7927200,10
64.5726071782702,53.769619469642,7938000,10
66.8160826929383,55.2718902891299,7948800,10
69.0595582076064,56.7741611086177,7959600,10
71.3030337222745,58.2764319281056,7970400,10
73.5465092369426,59.7787027475934,7981200,10
75.7899847516107,61.2809735670813,7992000,10
78.0334602662788,62.7832443865691,8002800,10
80.2769357809469,64.285515206057,8013600,10
82.520411295615,65.7877860255448,8024400,10
84.7638868102831,67.2900568450327,8035200,10
87.0073623249512,68.7923276645205,8046000,10
89.2508378396193,70.2945984840083,8056800,10
87.7801754559255,68.0302769182434,8067600,10
86.3095130722317,65.7659553524785,8078400,10
84.8388506885379,63.5016337867136,8089200,10
83.3681883048441,61.2373122209487,8100000,10
81.8975259211503,58.9729906551838,8110800,10
80.4268635374566,56.7086690894188,8121600,10
78.9562011537627,54.4443475236539,8132400,10
77.4855387700689,52.180025957889,8143200,10
76.0148763863751,49.9157043921241,8154000,10
74.5442140026814,47.6513828263592,8164800,10
73.0735516189876,45.3870612605943,8175600,10
71.6028892352938,43.1227396948293,8186400,10
70.1322268516,40.8584181290644,8197200,10
68.6615644679062,38.5940965632995,8208000,10
67.1909020842124,36.3297749975346,8218800,10
65.7202397005186,34.0654534317697,8229600,10
64.2495773168248,31.8011318660048,8240400,10
62.778914933131,29.5368103002398,8251200,10
61.3082525494372,27.2724887344749,8262000,10
59.8375901657434,25.00816716871,8272800,10
58.3669277820496,22.7438456029451,8283600,10
56.8962653983558,20.4795240371802,8294400,10
55.425603014662,18.2152024714153,8305200,10
52.843952684861,17.4245814657253,8316000,10
50.26230235506,16.6339604600353,8326800,10
47.680652025259,15.8433394543452,8337600,10
45.0990016954579,15.0527184486552,8348400,10
42.5173513656569,14.2620974429652,8359200,10
39.9357010358559,13.4714764372752,8370000,10
37.3540507060549,12.6808554315852,8380800,10
34.7724003762538,11.8902344258952,8391600,10
32.1907500464528,11.0996134202052,8402400,10
29.6090997166518,10.3089924145152,8413200,10
27.0274493868508,9.51837140882522,8424000,10
24.4457990570498,8.72775040313522,8434800,10
21.8641487272487,7.93712939744522,8445600,10
23.8686024245324,9.74604215804093,8456400,10
25.873056121816,11.5549549186366,8467200,10
27.8775098190996,13.3638676792324,8478000,10
29.8819635163832,15.1727804398281,8488800,10
31.8864172136669,16.9816932004238,8499600,10
33.8908709109505,18.7906059610195,8510400,10
35.8953246082341,20.5995187216152,8521200,10
37.8997783055177,22.4084314822109,8532000,10
39.9042320028014,24.2173442428066,8542800,10
41.908685700085,26.0262570034024,8553600,10
43.9131393973686,27.8351697639981,8564400,10
45.9175930946522,29.6440825245938,8575200,10
47.9220467919358,31.4529952851895,8586000,10
49.9265004892195,33.2619080457852,8596800,10
51.9309541865031,35.0708208063809,8607600,10
53.9354078837867,36.8797335669766,8618400,10
55.9398615810703,38.6886463275724,8629200,10
57.944315278354,40.4975590881681,8640000,10
