{
    "S1_duL": [
        0.0030609075150664603,
        -0.01292665466546422,
        0.003705208473691101,
        0.006644218547754027,
        0.0004996803394327343,
        -0.0013204948683934513,
        0.007202543196433835,
        0.007642723860206963,
        0.004489323893847946,
        0.014383962880010042,
        0.006408938833034763,
        0.007425929466662389,
        0.010932821725659916,
        0.0062108638187900085,
        NaN,
        NaN,
        NaN,
        NaN,
        NaN
    ],
    "S2_dS**2": [
        0.0009702225326365085,
        0.0006845564699416121,
        0.001600755354353287,
        0.0010379322828133054,
        0.0013994137830456545,
        0.002018406017619942,
        0.002414113428913143,
        0.003336843474379815,
        0.0037200709626367605,
        0.004806835749477815,
        0.005726699432352463,
        0.006536198074279215,
        0.00622033665883523,
        0.003996452822842536,
        NaN,
        NaN,
        NaN,
        NaN,
        NaN
    ],
    "S2_dT**2": [
        0.019227993626054377,
        0.013676284225777026,
        0.012288686496354667,
        0.01704681054401114,
        0.016833164722988538,
        0.02291277878243083,
        0.02196979324607867,
        0.026729869774381434,
        0.026855981342794457,
        0.0340740704015855,
        0.04244573215051248,
        0.05662743534590115,
        0.05131045926608172,
        0.04811519464036926,
        NaN,
        NaN,
        NaN,
        NaN,
        NaN
    ],
    "S2_duL**2": [
        0.003185376862902753,
        0.006545340183135829,
        0.005295705233314207,
        0.006324442703599801,
        0.006166050078998497,
        0.0062517596583680215,
        0.006168280402972265,
        0.006993186079781186,
        0.008693149443459102,
        0.009973470314763795,
        0.009826906237469697,
        0.010813517735065975,
        0.010041741645896511,
        0.008439069648210196,
        NaN,
        NaN,
        NaN,
        NaN,
        NaN
    ],
    "S2_duT**2": [
        0.0032946376498128025,
        0.005324330452621534,
        0.006957996816969103,
        0.0071944037092000895,
        0.005892334101140132,
        0.006969234898807544,
        0.00700698038896686,
        0.007913413537552939,
        0.009571950150730346,
        0.01051940308951395,
        0.012279528148662419,
        0.012366246548878397,
        0.011290015978140635,
        0.009184545863926957,
        NaN,
        NaN,
        NaN,
        NaN,
        NaN
    ],
    "S2corr_dS**2": [
        0.0009598361341558867,
        0.0005137613692819425,
        0.001587071043277625,
        0.000996511097256338,
        0.001399142430278842,
        0.00201674420124078,
        0.0023626288827045564,
        0.0032793980505090334,
        0.003699707116452989,
        0.00459945961901877,
        0.005685557845772779,
        0.0064810550099876135,
        0.0061001636413919895,
        0.003956887559517601,
        NaN,
        NaN,
        NaN,
        NaN,
        NaN
    ],
    "S2corr_dT**2": [
        0.019220313494699666,
        0.013506091535883431,
        0.012273403663030591,
        0.017003902386377414,
        0.016832921260991254,
        0.022911052339150795,
        0.021918853816684413,
        0.026671787044624567,
        0.026835632604583645,
        0.03386679469956179,
        0.04240470145178674,
        0.0565723427651473,
        0.05119068050235611,
        0.048076236903728455,
        NaN,
        NaN,
        NaN,
        NaN,
        NaN
    ],
    "S2corr_duL**2": [
        0.003175028747197084,
        0.006379766884542565,
        0.005281798728407083,
        0.006280616719448749,
        0.00616571564064079,
        0.006250140602688872,
        0.006116563854014869,
        0.00693507917479254,
        0.008672732275430497,
        0.009765750414112229,
        0.00978582540646869,
        0.010758397033384944,
        0.009921788542042183,
        0.008400335933508928,
        NaN,
        NaN,
        NaN,
        NaN,
        NaN
    ],
    "S2corr_duT**2": [
        0.003285268494997012,
        0.005157232051781367,
        0.006944268247135591,
        0.007150258069089771,
        0.0058920844206985165,
        0.006967491192110091,
        0.0069551037604703644,
        0.007855002309549563,
        0.009551796121706473,
        0.010312504701380443,
        0.012238453651696837,
        0.012311102120434552,
        0.011170489387255574,
        0.009145971034551401,
        NaN,
        NaN,
        NaN,
        NaN,
        NaN
    ],
    "S3_duLdSdS": [
        1.3192476521626393e-05,
        -7.440003109115875e-06,
        -4.2734419080721726e-05,
        1.770735081703315e-05,
        3.4416466307098693e-06,
        4.663657606480627e-06,
        3.022620681417565e-05,
        4.0774200098320576e-05,
        1.5224128639858904e-05,
        5.536822413510117e-05,
        8.14937330865366e-06,
        2.144796619613549e-05,
        5.2104838333958535e-05,
        5.48725548037618e-05,
        NaN,
        NaN,
        NaN,
        NaN,
        NaN
    ],
    "S3_duLdTdT": [
        0.000502982706677737,
        -0.0005517435050318982,
        -0.00024854496142487267,
        0.0004594139113431156,
        -0.0001146671629782715,
        0.0001384419035204977,
        8.14614671556297e-05,
        0.0004409523839935016,
        5.7224622072044666e-05,
        0.0003464656220109113,
        0.00021005994410745648,
        0.0001989089142015995,
        0.00037126378651685613,
        -0.0008369743203561959,
        NaN,
        NaN,
        NaN,
        NaN,
        NaN
    ],
    "S3_duLduLduL": [
        5.1992935772046195e-05,
        -4.494407094047025e-05,
        0.0003196193813386222,
        -7.964304214124247e-06,
        0.00010528270406121008,
        7.924913103599629e-05,
        0.0001668047267093234,
        0.00021213731959499805,
        0.00016259177232027725,
        0.0005209739077360447,
        0.00028588153879817327,
        0.00030403730701022156,
        0.00040960659829827125,
        0.0007349844269015744,
        NaN,
        NaN,
        NaN,
        NaN,
        NaN
    ],
    "S3_duLduTduT": [
        0.00022759807728780663,
        -0.0002464329052176304,
        0.0005148617898192508,
        -8.561688008253588e-05,
        7.472280190159643e-05,
        0.00019243932564999444,
        0.00010791399545262121,
        0.0001668072914854274,
        0.00020918335122162618,
        0.0004086480643097931,
        0.00021456334120613146,
        0.00023909498346271708,
        0.0003330237552372416,
        0.000538668759594566,
        NaN,
        NaN,
        NaN,
        NaN,
        NaN
    ],
    "S3corr_duLdSdS": [
        3.745049227182178e-06,
        2.3863309317282615e-05,
        -6.060035413475002e-05,
        -2.865993098873614e-06,
        1.2544357065674866e-06,
        1.2473811977115726e-05,
        -2.2478395085229086e-05,
        -3.596916178663615e-05,
        -3.5321592535598356e-05,
        -0.00015826782164999028,
        -0.000102574489221077,
        -0.00012498123725275943,
        -0.00015509835545884972,
        -2.103935699108526e-05,
        NaN,
        NaN,
        NaN,
        NaN,
        NaN
    ],
    "S3corr_duLdTdT": [
        0.00034308023458027665,
        -1.204902857638321e-05,
        -0.0003927859142100435,
        0.00012385986440325664,
        -0.0001395847971689705,
        0.00022876461971995307,
        -0.0003896731884974426,
        -0.00017107419919261857,
        -0.00030639753964291594,
        -0.0011312033098721743,
        -0.0006061267823215741,
        -0.0010628497536743205,
        -0.0013160366556958347,
        -0.001738409955634288,
        NaN,
        NaN,
        NaN,
        NaN,
        NaN
    ],