{
    "S1_duL": [
        0.012759940631786848,
        0.005138841485938568,
        0.005376314652474539,
        0.004418728071592042,
        0.0009727102740490947,
        0.0017263481420570696,
        0.003298337158088224,
        0.007397298306867374,
        0.004495442080040348,
        0.014396285451068714,
        0.006427354785365182,
        0.007422401508277107,
        0.010961298785802417,
        0.006229197780696839,
        NaN,
        NaN,
        NaN,
        NaN,
        NaN
    ],
    "S2_dS**2": [
        0.0012748239242544764,
        0.0010851085601930961,
        0.001066820227715483,
        0.0012071233628556147,
        0.0012572910407283183,
        0.0022337129493268494,
        0.0022512004490882814,
        0.0032736724645201117,
        0.003720261361822243,
        0.004804910171575484,
        0.0057277146018979794,
        0.006537614535059109,
        0.0062207132811210476,
        0.0039976008868775935,
        NaN,
        NaN,
        NaN,
        NaN,
        NaN
    ],
    "S2_dT**2": [
        0.011423589444384784,
        0.016725920760085135,
        0.015281167127489217,
        0.015773998398491623,
        0.016189536369692562,
        0.02328256871680702,
        0.02344312269076361,
        0.025648804095608716,
        0.026843034754381146,
        0.034090668981058364,
        0.042428876779084315,
        0.05665726790885917,
        0.05133597955889217,
        0.04807135677263101,
        NaN,
        NaN,
        NaN,
        NaN,
        NaN
    ],
    "S2_duL**2": [
        0.014241730949929561,
        0.006616459377918521,
        0.005228989455733545,
        0.004629022506406814,
        0.004240783624417208,
        0.006159226894410257,
        0.005875035079205698,
        0.006953633300974653,
        0.008693216561419368,
        0.009971277381193784,
        0.009827158971428211,
        0.010810396559781903,
        0.010046279150145254,
        0.008446497665269325,
        NaN,
        NaN,
        NaN,
        NaN,
        NaN
    ],
    "S2_duT**2": [
        0.008980790786721768,
        0.006781818707487778,
        0.006975784562976921,
        0.0054997903553745614,
        0.005657612991079023,
        0.007774187360727456,
        0.007638351060906485,
        0.008098717659823833,
        0.009564826199931877,
        0.010524809318140914,
        0.012282888867065939,
        0.012367423719278674,
        0.011289655558549475,
        0.00918980636128768,
        NaN,
        NaN,
        NaN,
        NaN,
        NaN
    ],
    "S2corr_dS**2": [
        0.0010997358851084537,
        0.0010602128294175568,
        0.0010383896044973953,
        0.0011877126119260934,
        0.0012563527495445324,
        0.0022307907103550845,
        0.0022402231006366496,
        0.003219170807396106,
        0.003699812970586549,
        0.00459754835880801,
        0.005686626891548381,
        0.006482357059063472,
        0.0061008966214635175,
        0.003958565025839435,
        NaN,
        NaN,
        NaN,
        NaN,
        NaN
    ],
    "S2corr_dT**2": [
        0.011251744872842306,
        0.01670045162861012,
        0.015252975126341177,
        0.015754760008711427,
        0.01618856984887667,
        0.02327965750266391,
        0.023432193865118342,
        0.025593403437368385,
        0.026822623272895075,
        0.0338836513668393,
        0.042387601749516064,
        0.056602128572856535,
        0.05121643804150077,
        0.04803265239609733,
        NaN,
        NaN,
        NaN,
        NaN,
        NaN
    ],
    "S2corr_duL**2": [
        0.014080111101435313,
        0.006590972387275061,
        0.005201230352936304,
        0.00460990039734635,
        0.004239796570699747,
        0.006156397867127042,
        0.005864199779218466,
        0.006898062026670787,
        0.008672965768990222,
        0.009763628294455705,
        0.009786087246531502,
        0.010755219152954881,
        0.009926510282182326,
        0.008407564060657225,
        NaN,
        NaN,
        NaN,
        NaN,
        NaN
    ],
    "S2corr_duT**2": [
        0.008817974701795043,
        0.006755411015670175,
        0.006946879803734508,
        0.005480265197603886,
        0.005656666825801782,
        0.007771207082819872,
        0.00762747203289806,
        0.00804399763758305,
        0.009544617200436879,
        0.010317556283352262,
        0.012241577977528981,
        0.0123123316751286,
        0.01116950548747784,
        0.009151003456296642,
        NaN,
        NaN,
        NaN,
        NaN,
        NaN
    ],
    "S3_duLdSdS": [
        -6.579940216620941e-07,
        2.4532578380170633e-05,
        -1.288280933966663e-05,
        3.4554231892011645e-06,
        -2.7528250101293877e-06,
        -6.8286787887690094e-06,
        6.701690383206962e-06,
        3.933330104770349e-05,
        1.5324247346636677e-05,
        5.5204489414302686e-05,
        8.17159692192471e-06,
        2.1298669675512352e-05,
        5.2032660169206085e-05,
        5.471810882753191e-05,
        NaN,
        NaN,
        NaN,
        NaN,
        NaN
    ],
    "S3_duLdTdT": [
        0.0005146819464699199,
        0.00023464988233901137,
        9.849457513667079e-05,
        0.0003028434839638607,
        6.749120056840124e-05,
        7.033620066973742e-05,
        2.427350792805911e-07,
        0.0004396309902761002,
        5.8520642232869745e-05,
        0.00034879265859742497,
        0.0002107806403513469,
        0.00019925592579909482,
        0.000371526325238654,
        -0.0008342402073927306,
        NaN,
        NaN,
        NaN,
        NaN,
        NaN
    ],
    "S3_duLduLduL": [
        0.0020214497245470077,
        -0.00010465919296412499,
        3.1630788322859316e-05,
        8.09750097091087e-05,
        -1.3353897754636172e-05,
        6.010031147876015e-05,
        5.5327652393951125e-05,
        0.00020467680587988059,
        0.00016181958184601427,
        0.0005210507276339501,
        0.00028495735319764324,
        0.000304287778560708,
        0.0004100740914393654,
        0.0007356003156720789,
        NaN,
        NaN,
        NaN,
        NaN,
        NaN
    ],
    "S3_duLduTduT": [
        0.0005896199889473183,
        0.00022026710002157813,
        0.0002810372877026206,
        3.7428688575874e-05,
        3.9756234609295075e-05,
        0.00014166885274234794,
        0.00011497367655606459,
        0.00020081693592655407,
        0.00020952608360083852,
        0.00040938898656347816,
        0.0002161745476225528,
        0.00023791420700026072,
        0.00033380657304790456,
        0.0005387939504206411,
        NaN,
        NaN,
        NaN,
        NaN,
        NaN
    ],
    "S3corr_duLdSdS": [
        -5.589728382097769e-05,
        8.041490878234758e-06,
        -3.0250971809055147e-05,
        -1.2670514870792714e-05,
        -6.408283948715115e-06,
        -1.829397002113409e-05,
        -1.5747137334163288e-05,
        -3.397531280334578e-05,
        -3.532963864241125e-05,
        -0.00015834058361842565,
        -0.0001024985745568121,
        -0.00012531565078598345,
        -0.0001548676543554555,
        -2.069912723219435e-05,
        NaN,
        NaN,
        NaN,
        NaN,
        NaN
    ],
    "S3corr_duLdTdT": [
        6.092275223562631e-05,
        -1.8839054783992677e-05,
        -0.0001452161002796799,
        9.511292892784329e-05,
        1.9740630905717796e-05,
        -4.884984886552935e-05,
        -0.0002323297948843676,
        -0.0001339183218435276,
        -0.00030548677658136616,
        -0.0011286650720850047,
        -0.0006075108799049531,
        -0.0010637033021348474,
        -0.001314934157758746,
        -0.0017319184997969593,
        NaN,
        NaN,
        NaN,
        NaN,
        NaN
    ],